month,main_category,time_period,average_rating,rating_count,year
Jan,All Electronics,,0.0,0.0,1998.0
Feb,All Electronics,,0.0,0.0,1998.0
Mar,All Electronics,,0.0,0.0,1998.0
Apr,All Electronics,,0.0,0.0,1998.0
May,All Electronics,,0.0,0.0,1998.0
Jun,All Electronics,,0.0,0.0,1998.0
Jul,All Electronics,,0.0,0.0,1998.0
Aug,All Electronics,,0.0,0.0,1998.0
Sep,All Electronics,,0.0,0.0,1998.0
Oct,All Electronics,,0.0,0.0,1998.0
Nov,All Electronics,,0.0,0.0,1998.0
Dec,All Electronics,,0.0,0.0,1998.0
Jan,All Electronics,,0.0,0.0,1999.0
Feb,All Electronics,,0.0,0.0,1999.0
Mar,All Electronics,,0.0,0.0,1999.0
Apr,All Electronics,,0.0,0.0,1999.0
May,All Electronics,,0.0,0.0,1999.0
Jun,All Electronics,,0.0,0.0,1999.0
Jul,All Electronics,,0.0,0.0,1999.0
Aug,All Electronics,,0.0,0.0,1999.0
Sep,All Electronics,,0.0,0.0,1999.0
Oct,All Electronics,,0.0,0.0,1999.0
Nov,All Electronics,1999-11,3.0,1.0,1999.0
Dec,All Electronics,1999-12,3.0,4.0,1999.0
Jan,All Electronics,,0.0,0.0,2000.0
Feb,All Electronics,2000-02,5.0,1.0,2000.0
Mar,All Electronics,2000-03,5.0,2.0,2000.0
Apr,All Electronics,2000-04,5.0,1.0,2000.0
May,All Electronics,2000-05,5.0,2.0,2000.0
Jun,All Electronics,2000-06,4.625,5.0,2000.0
Jul,All Electronics,2000-07,3.5,2.0,2000.0
Aug,All Electronics,2000-08,3.0,2.0,2000.0
Sep,All Electronics,2000-09,4.625,6.0,2000.0
Oct,All Electronics,2000-10,3.0,3.0,2000.0
Nov,All Electronics,2000-11,4.666666666666667,3.0,2000.0
Dec,All Electronics,2000-12,4.8,5.0,2000.0
Jan,All Electronics,2001-01,4.333333333333333,3.0,2001.0
Feb,All Electronics,2001-02,4.0,2.0,2001.0
Mar,All Electronics,2001-03,5.0,2.0,2001.0
Apr,All Electronics,2001-04,4.0,2.0,2001.0
May,All Electronics,2001-05,5.0,2.0,2001.0
Jun,All Electronics,2001-06,4.5,6.0,2001.0
Jul,All Electronics,2001-07,5.0,2.0,2001.0
Aug,All Electronics,2001-08,3.0,5.0,2001.0
Sep,All Electronics,2001-09,3.3333333333333335,3.0,2001.0
Oct,All Electronics,2001-10,4.0,3.0,2001.0
Nov,All Electronics,2001-11,3.75,8.0,2001.0
Dec,All Electronics,2001-12,3.481111111111111,14.0,2001.0
Jan,All Electronics,2002-01,4.25,8.0,2002.0
Feb,All Electronics,2002-02,2.7,6.0,2002.0
Mar,All Electronics,2002-03,4.0,4.0,2002.0
Apr,All Electronics,2002-04,3.7,8.0,2002.0
May,All Electronics,2002-05,5.0,1.0,2002.0
Jun,All Electronics,2002-06,4.166666666666667,7.0,2002.0
Jul,All Electronics,2002-07,4.134,7.0,2002.0
Aug,All Electronics,2002-08,3.1875,9.0,2002.0
Sep,All Electronics,2002-09,3.25,4.0,2002.0
Oct,All Electronics,2002-10,3.5,5.0,2002.0
Nov,All Electronics,2002-11,3.125,9.0,2002.0
Dec,All Electronics,2002-12,4.534000000000001,10.0,2002.0
Jan,All Electronics,2003-01,4.125,8.0,2003.0
Feb,All Electronics,2003-02,4.6,5.0,2003.0
Mar,All Electronics,2003-03,4.222222222222222,11.0,2003.0
Apr,All Electronics,2003-04,4.0,3.0,2003.0
May,All Electronics,2003-05,4.571428571428571,7.0,2003.0
Jun,All Electronics,2003-06,4.142857142857143,7.0,2003.0
Jul,All Electronics,2003-07,4.1,10.0,2003.0
Aug,All Electronics,2003-08,3.375,13.0,2003.0
Sep,All Electronics,2003-09,2.392857142857143,11.0,2003.0
Oct,All Electronics,2003-10,4.3125,10.0,2003.0
Nov,All Electronics,2003-11,3.7222222222222223,12.0,2003.0
Dec,All Electronics,2003-12,2.6785714285714284,17.0,2003.0
Jan,All Electronics,2004-01,3.454285714285714,26.0,2004.0
Feb,All Electronics,2004-02,4.25,8.0,2004.0
Mar,All Electronics,2004-03,3.3,6.0,2004.0
Apr,All Electronics,2004-04,3.4545454545454546,13.0,2004.0
May,All Electronics,2004-05,2.75,4.0,2004.0
Jun,All Electronics,2004-06,2.95,13.0,2004.0
Jul,All Electronics,2004-07,3.4450000000000003,8.0,2004.0
Aug,All Electronics,2004-08,3.0833333333333335,8.0,2004.0
Sep,All Electronics,2004-09,4.0,10.0,2004.0
Oct,All Electronics,2004-10,3.8475,17.0,2004.0
Nov,All Electronics,2004-11,2.9845454545454544,16.0,2004.0
Dec,All Electronics,2004-12,3.5372222222222223,26.0,2004.0
Jan,All Electronics,2005-01,3.730769230769231,22.0,2005.0
Feb,All Electronics,2005-02,3.0,19.0,2005.0
Mar,All Electronics,2005-03,3.0416666666666665,13.0,2005.0
Apr,All Electronics,2005-04,3.9,16.0,2005.0
May,All Electronics,2005-05,3.2916666666666665,13.0,2005.0
Jun,All Electronics,2005-06,4.277777777777778,11.0,2005.0
Jul,All Electronics,2005-07,3.973684210526316,26.0,2005.0
Aug,All Electronics,2005-08,3.467391304347826,35.0,2005.0
Sep,All Electronics,2005-09,3.967391304347826,38.0,2005.0
Oct,All Electronics,2005-10,3.8945833333333333,38.0,2005.0
Nov,All Electronics,2005-11,3.0,16.0,2005.0
Dec,All Electronics,2005-12,3.572608695652174,27.0,2005.0
Jan,All Electronics,2006-01,3.4408333333333334,43.0,2006.0
Feb,All Electronics,2006-02,4.137272727272727,44.0,2006.0
Mar,All Electronics,2006-03,3.6703333333333332,66.0,2006.0
Apr,All Electronics,2006-04,4.357142857142857,18.0,2006.0
May,All Electronics,2006-05,3.0446666666666666,18.0,2006.0
Jun,All Electronics,2006-06,4.37,11.0,2006.0
Jul,All Electronics,2006-07,3.7576470588235296,29.0,2006.0
Aug,All Electronics,2006-08,4.021739130434782,33.0,2006.0
Sep,All Electronics,2006-09,3.823478260869565,38.0,2006.0
Oct,All Electronics,2006-10,3.7304347826086954,38.0,2006.0
Nov,All Electronics,2006-11,3.982142857142857,56.0,2006.0
Dec,All Electronics,2006-12,3.7992000000000004,38.0,2006.0
Jan,All Electronics,2007-01,3.866949152542373,152.0,2007.0
Feb,All Electronics,2007-02,3.793030303030303,63.0,2007.0
Mar,All Electronics,2007-03,4.0102,99.0,2007.0
Apr,All Electronics,2007-04,4.1961764705882345,56.0,2007.0
May,All Electronics,2007-05,3.7993181818181814,90.0,2007.0
Jun,All Electronics,2007-06,3.906296296296296,51.0,2007.0
Jul,All Electronics,2007-07,3.82,69.0,2007.0
Aug,All Electronics,2007-08,4.257575757575758,57.0,2007.0
Sep,All Electronics,2007-09,4.0546875,51.0,2007.0
Oct,All Electronics,2007-10,4.085675675675676,65.0,2007.0
Nov,All Electronics,2007-11,3.853947368421052,64.0,2007.0
Dec,All Electronics,2007-12,3.873333333333333,104.0,2007.0
Jan,All Electronics,2008-01,4.309347826086956,108.0,2008.0
Feb,All Electronics,2008-02,4.0126,100.0,2008.0
Mar,All Electronics,2008-03,3.9192500000000003,79.0,2008.0
Apr,All Electronics,2008-04,4.033673469387756,98.0,2008.0
May,All Electronics,2008-05,3.8756097560975613,76.0,2008.0
Jun,All Electronics,2008-06,3.6491111111111114,83.0,2008.0
Jul,All Electronics,2008-07,3.770714285714286,79.0,2008.0
Aug,All Electronics,2008-08,4.298260869565217,87.0,2008.0
Sep,All Electronics,2008-09,4.318235294117647,89.0,2008.0
Oct,All Electronics,2008-10,3.786078431372549,104.0,2008.0
Nov,All Electronics,2008-11,4.070943396226415,100.0,2008.0
Dec,All Electronics,2008-12,3.7752083333333335,97.0,2008.0
Jan,All Electronics,2009-01,3.985272727272727,135.0,2009.0
Feb,All Electronics,2009-02,3.813921568627451,111.0,2009.0
Mar,All Electronics,2009-03,3.8933999999999997,95.0,2009.0
Apr,All Electronics,2009-04,3.8224444444444443,83.0,2009.0
May,All Electronics,2009-05,3.933720930232558,83.0,2009.0
Jun,All Electronics,2009-06,3.804117647058823,78.0,2009.0
Jul,All Electronics,2009-07,3.8934210526315787,76.0,2009.0
Aug,All Electronics,2009-08,4.0520000000000005,70.0,2009.0
Sep,All Electronics,2009-09,4.010769230769231,103.0,2009.0
Oct,All Electronics,2009-10,3.704166666666667,84.0,2009.0
Nov,All Electronics,2009-11,3.825416666666667,98.0,2009.0
Dec,All Electronics,2009-12,3.957894736842105,123.0,2009.0
Jan,All Electronics,2010-01,4.0025,133.0,2010.0
Feb,All Electronics,2010-02,3.9997959183673473,102.0,2010.0
Mar,All Electronics,2010-03,3.9594736842105265,123.0,2010.0
Apr,All Electronics,2010-04,3.9741666666666666,105.0,2010.0
May,All Electronics,2010-05,3.682,79.0,2010.0
Jun,All Electronics,2010-06,3.6845833333333338,79.0,2010.0
Jul,All Electronics,2010-07,3.8198113207547166,96.0,2010.0
Aug,All Electronics,2010-08,4.116296296296296,119.0,2010.0
Sep,All Electronics,2010-09,3.9099999999999997,112.0,2010.0
Oct,All Electronics,2010-10,3.78125,92.0,2010.0
Nov,All Electronics,2010-11,4.041,127.0,2010.0
Dec,All Electronics,2010-12,3.7642622950819673,182.0,2010.0
Jan,All Electronics,2011-01,4.00671875,175.0,2011.0
Feb,All Electronics,2011-02,3.857450980392157,134.0,2011.0
Mar,All Electronics,2011-03,3.8665151515151517,137.0,2011.0
Apr,All Electronics,2011-04,3.991830985915493,150.0,2011.0
May,All Electronics,2011-05,3.8428358208955227,151.0,2011.0
Jun,All Electronics,2011-06,4.255490196078432,111.0,2011.0
Jul,All Electronics,2011-07,3.874406779661017,124.0,2011.0
Aug,All Electronics,2011-08,3.9816883116883113,154.0,2011.0
Sep,All Electronics,2011-09,3.7471641791044776,171.0,2011.0
Oct,All Electronics,2011-10,3.8576190476190475,143.0,2011.0
Nov,All Electronics,2011-11,4.00875,161.0,2011.0
Dec,All Electronics,2011-12,3.982,196.0,2011.0
Jan,All Electronics,2012-01,3.639325842696629,232.0,2012.0
Feb,All Electronics,2012-02,3.864927536231884,166.0,2012.0
Mar,All Electronics,2012-03,3.836363636363636,143.0,2012.0
Apr,All Electronics,2012-04,3.9334782608695655,139.0,2012.0
May,All Electronics,2012-05,3.918985507246377,137.0,2012.0
Jun,All Electronics,2012-06,3.809142857142857,138.0,2012.0
Jul,All Electronics,2012-07,3.842777777777778,160.0,2012.0
Aug,All Electronics,2012-08,3.9333766233766236,164.0,2012.0
Sep,All Electronics,2012-09,4.003717948717949,177.0,2012.0
Oct,All Electronics,2012-10,3.9628571428571426,193.0,2012.0
Nov,All Electronics,2012-11,3.7402127659574465,223.0,2012.0
Dec,All Electronics,2012-12,4.147042253521127,502.0,2012.0
Jan,All Electronics,2013-01,4.017703703703703,524.0,2013.0
Feb,All Electronics,2013-02,4.150642201834862,376.0,2013.0
Mar,All Electronics,2013-03,4.1284210526315785,433.0,2013.0
Apr,All Electronics,2013-04,3.97,377.0,2013.0
May,All Electronics,2013-05,4.048333333333334,352.0,2013.0
Jun,All Electronics,2013-06,3.938265306122449,288.0,2013.0
Jul,All Electronics,2013-07,3.951919191919192,322.0,2013.0
Aug,All Electronics,2013-08,3.8782857142857146,336.0,2013.0
Sep,All Electronics,2013-09,3.9201041666666665,282.0,2013.0
Oct,All Electronics,2013-10,4.088222222222222,268.0,2013.0
Nov,All Electronics,2013-11,3.734949494949495,298.0,2013.0
Dec,All Electronics,2013-12,3.982878787878788,500.0,2013.0
Jan,All Electronics,2014-01,3.811654676258993,569.0,2014.0
Feb,All Electronics,2014-02,3.9336220472440946,424.0,2014.0
Mar,All Electronics,2014-03,3.9454545454545458,367.0,2014.0
Apr,All Electronics,2014-04,3.9219469026548675,332.0,2014.0
May,All Electronics,2014-05,4.0626732673267325,327.0,2014.0
Jun,All Electronics,2014-06,3.9349999999999996,366.0,2014.0
Jul,All Electronics,2014-07,3.983153846153846,597.0,2014.0
Aug,All Electronics,2014-08,4.157735849056604,706.0,2014.0
Sep,All Electronics,2014-09,4.126993006993007,627.0,2014.0
Oct,All Electronics,2014-10,4.0355147058823535,643.0,2014.0
Nov,All Electronics,2014-11,4.1731654676259,648.0,2014.0
Dec,All Electronics,2014-12,3.8906508875739645,927.0,2014.0
Jan,All Electronics,2015-01,4.003423913043478,1191.0,2015.0
Feb,All Electronics,2015-02,4.0409392265193365,1099.0,2015.0
Mar,All Electronics,2015-03,4.056174496644295,1031.0,2015.0
Apr,All Electronics,2015-04,4.063928571428572,840.0,2015.0
May,All Electronics,2015-05,4.024771241830065,820.0,2015.0
Jun,All Electronics,2015-06,4.120857142857143,826.0,2015.0
Jul,All Electronics,2015-07,4.067654320987654,920.0,2015.0
Aug,All Electronics,2015-08,4.058944099378882,943.0,2015.0
Sep,All Electronics,2015-09,3.9558720930232556,860.0,2015.0
Oct,All Electronics,2015-10,3.9709090909090907,817.0,2015.0
Nov,All Electronics,2015-11,4.122108433734939,809.0,2015.0
Dec,All Electronics,2015-12,3.922485549132948,1129.0,2015.0
Jan,All Electronics,2016-01,4.077255813953489,1301.0,2016.0
Feb,All Electronics,2016-02,4.057440758293839,1143.0,2016.0
Mar,All Electronics,2016-03,4.093534482758621,1253.0,2016.0
Apr,All Electronics,2016-04,4.048071065989848,943.0,2016.0
May,All Electronics,2016-05,4.090540540540541,1044.0,2016.0
Jun,All Electronics,2016-06,3.9887394957983195,1113.0,2016.0
Jul,All Electronics,2016-07,4.039349593495935,1168.0,2016.0
Aug,All Electronics,2016-08,3.962212765957447,1083.0,2016.0
Sep,All Electronics,2016-09,4.076489795918367,1056.0,2016.0
Oct,All Electronics,2016-10,3.989032258064516,938.0,2016.0
Nov,All Electronics,2016-11,3.901904761904762,1146.0,2016.0
Dec,All Electronics,2016-12,3.974829721362229,1800.0,2016.0
Jan,All Electronics,2017-01,4.056055555555556,2091.0,2017.0
Feb,All Electronics,2017-02,3.9335782747603836,1439.0,2017.0
Mar,All Electronics,2017-03,4.009118457300275,3882.0,2017.0
Apr,All Electronics,2017-04,4.061780415430267,2143.0,2017.0
May,All Electronics,2017-05,4.023625377643504,2175.0,2017.0
Jun,All Electronics,2017-06,4.108446327683616,1687.0,2017.0
Jul,All Electronics,2017-07,3.934659685863874,1974.0,2017.0
Aug,All Electronics,2017-08,4.009615384615385,2224.0,2017.0
Sep,All Electronics,2017-09,4.0306718346253225,1722.0,2017.0
Oct,All Electronics,2017-10,4.1217616580310885,1747.0,2017.0
Nov,All Electronics,2017-11,3.863097949886105,2407.0,2017.0
Dec,All Electronics,2017-12,4.037100591715976,2979.0,2017.0
Jan,All Electronics,2018-01,4.004523396880416,4635.0,2018.0
Feb,All Electronics,2018-02,4.038738574040219,2998.0,2018.0
Mar,All Electronics,2018-03,4.047346938775511,3632.0,2018.0
Apr,All Electronics,2018-04,3.9873010380622835,3043.0,2018.0
May,All Electronics,2018-05,4.114128440366972,2651.0,2018.0
Jun,All Electronics,2018-06,4.075080213903743,2668.0,2018.0
Jul,All Electronics,2018-07,4.092926045016077,3304.0,2018.0
Aug,All Electronics,2018-08,4.009282296650718,3267.0,2018.0
Sep,All Electronics,2018-09,4.029237012987013,2835.0,2018.0
Oct,All Electronics,2018-10,4.0685714285714285,2915.0,2018.0
Nov,All Electronics,2018-11,4.101301059001513,3123.0,2018.0
Dec,All Electronics,2018-12,4.029550295857988,5342.0,2018.0
Jan,All Electronics,2019-01,4.104968220338983,7266.0,2019.0
Feb,All Electronics,2019-02,4.011600467289719,4794.0,2019.0
Mar,All Electronics,2019-03,4.121648230088495,5182.0,2019.0
Apr,All Electronics,2019-04,4.087084826762246,3961.0,2019.0
May,All Electronics,2019-05,4.095571587125416,4062.0,2019.0
Jun,All Electronics,2019-06,4.148732394366197,4547.0,2019.0
Jul,All Electronics,2019-07,4.079571948998178,6211.0,2019.0
Aug,All Electronics,2019-08,4.102431409649953,5475.0,2019.0
Sep,All Electronics,2019-09,4.125222868217054,4532.0,2019.0
Oct,All Electronics,2019-10,4.094659735349716,4774.0,2019.0
Nov,All Electronics,2019-11,4.099982638888889,5269.0,2019.0
Dec,All Electronics,2019-12,4.043802631578948,10351.0,2019.0
Jan,All Electronics,2020-01,4.059590504451038,12541.0,2020.0
Feb,All Electronics,2020-02,4.10375,8954.0,2020.0
Mar,All Electronics,2020-03,3.966118271417741,6908.0,2020.0
Apr,All Electronics,2020-04,3.805527156549521,6777.0,2020.0
May,All Electronics,2020-05,3.8726406035665297,8852.0,2020.0
Jun,All Electronics,2020-06,3.887491616364856,7738.0,2020.0
Jul,All Electronics,2020-07,3.954372574385511,8228.0,2020.0
Aug,All Electronics,2020-08,3.9533674121405755,8003.0,2020.0
Sep,All Electronics,2020-09,3.9937492043284535,7611.0,2020.0
Oct,All Electronics,2020-10,3.926623453152622,8128.0,2020.0
Nov,All Electronics,2020-11,3.8938748495788205,7021.0,2020.0
Dec,All Electronics,2020-12,3.9699520383693048,10286.0,2020.0
Jan,All Electronics,2021-01,4.001824239900041,12516.0,2021.0
Feb,All Electronics,2021-02,3.9010039805395844,9755.0,2021.0
Mar,All Electronics,2021-03,3.921142061281337,12059.0,2021.0
Apr,All Electronics,2021-04,3.8691461890878798,10377.0,2021.0
May,All Electronics,2021-05,3.8674346257889987,8607.0,2021.0
Jun,All Electronics,2021-06,3.8591537761601455,7872.0,2021.0
Jul,All Electronics,2021-07,3.874684444444445,7967.0,2021.0
Aug,All Electronics,2021-08,3.8436827195467425,7065.0,2021.0
Sep,All Electronics,2021-09,3.807282104177411,5921.0,2021.0
Oct,All Electronics,2021-10,3.7767111770524235,5897.0,2021.0
Nov,All Electronics,2021-11,3.7295079522862826,5647.0,2021.0
Dec,All Electronics,2021-12,3.762559934985778,8324.0,2021.0
Jan,All Electronics,2022-01,3.8126628283555233,10781.0,2022.0
Feb,All Electronics,2022-02,3.7583326244151425,7848.0,2022.0
Mar,All Electronics,2022-03,3.8068401639344263,8354.0,2022.0
Apr,All Electronics,2022-04,3.802374624946421,7642.0,2022.0
May,All Electronics,2022-05,3.755403477485511,7017.0,2022.0
Jun,All Electronics,2022-06,3.7906089743589746,6533.0,2022.0
Jul,All Electronics,2022-07,3.807818109293977,7926.0,2022.0
Aug,All Electronics,2022-08,3.8717700112739575,9016.0,2022.0
Sep,All Electronics,2022-09,3.814530516431925,7941.0,2022.0
Oct,All Electronics,2022-10,3.889188149288188,8684.0,2022.0
Nov,All Electronics,2022-11,3.8966271721958927,9548.0,2022.0
Dec,All Electronics,2022-12,3.8994994857730547,10828.0,2022.0
Jan,All Electronics,2023-01,3.9056845700093135,12582.0,2023.0
Feb,All Electronics,2023-02,3.8243190094683177,9038.0,2023.0
Mar,All Electronics,2023-03,3.9153621730382295,11327.0,2023.0
Apr,All Electronics,2023-04,3.84640522875817,7105.0,2023.0
May,All Electronics,2023-05,3.890779761904762,3928.0,2023.0
Jun,All Electronics,2023-06,3.7895121951219517,2540.0,2023.0
Jul,All Electronics,2023-07,3.9488632162661736,2064.0,2023.0
Aug,All Electronics,2023-08,3.980288944723618,1402.0,2023.0
Sep,All Electronics,2023-09,4.090543478260869,101.0,2023.0
Jan,Cell Phone & Camera w. Accessories,,0.0,0.0,1998.0
Feb,Cell Phone & Camera w. Accessories,,0.0,0.0,1998.0
Mar,Cell Phone & Camera w. Accessories,,0.0,0.0,1998.0
Apr,Cell Phone & Camera w. Accessories,,0.0,0.0,1998.0
May,Cell Phone & Camera w. Accessories,,0.0,0.0,1998.0
Jun,Cell Phone & Camera w. Accessories,,0.0,0.0,1998.0
Jul,Cell Phone & Camera w. Accessories,,0.0,0.0,1998.0
Aug,Cell Phone & Camera w. Accessories,,0.0,0.0,1998.0
Sep,Cell Phone & Camera w. Accessories,,0.0,0.0,1998.0
Oct,Cell Phone & Camera w. Accessories,,0.0,0.0,1998.0
Nov,Cell Phone & Camera w. Accessories,,0.0,0.0,1998.0
Dec,Cell Phone & Camera w. Accessories,,0.0,0.0,1998.0
Jan,Cell Phone & Camera w. Accessories,,0.0,0.0,1999.0
Feb,Cell Phone & Camera w. Accessories,,0.0,0.0,1999.0
Mar,Cell Phone & Camera w. Accessories,,0.0,0.0,1999.0
Apr,Cell Phone & Camera w. Accessories,,0.0,0.0,1999.0
May,Cell Phone & Camera w. Accessories,,0.0,0.0,1999.0
Jun,Cell Phone & Camera w. Accessories,,0.0,0.0,1999.0
Jul,Cell Phone & Camera w. Accessories,,0.0,0.0,1999.0
Aug,Cell Phone & Camera w. Accessories,,0.0,0.0,1999.0
Sep,Cell Phone & Camera w. Accessories,,0.0,0.0,1999.0
Oct,Cell Phone & Camera w. Accessories,,0.0,0.0,1999.0
Nov,Cell Phone & Camera w. Accessories,,0.0,0.0,1999.0
Dec,Cell Phone & Camera w. Accessories,,0.0,0.0,1999.0
Jan,Cell Phone & Camera w. Accessories,,0.0,0.0,2000.0
Feb,Cell Phone & Camera w. Accessories,,0.0,0.0,2000.0
Mar,Cell Phone & Camera w. Accessories,,0.0,0.0,2000.0
Apr,Cell Phone & Camera w. Accessories,,0.0,0.0,2000.0
May,Cell Phone & Camera w. Accessories,,0.0,0.0,2000.0
Jun,Cell Phone & Camera w. Accessories,,0.0,0.0,2000.0
Jul,Cell Phone & Camera w. Accessories,,0.0,0.0,2000.0
Aug,Cell Phone & Camera w. Accessories,,0.0,0.0,2000.0
Sep,Cell Phone & Camera w. Accessories,,0.0,0.0,2000.0
Oct,Cell Phone & Camera w. Accessories,,0.0,0.0,2000.0
Nov,Cell Phone & Camera w. Accessories,,0.0,0.0,2000.0
Dec,Cell Phone & Camera w. Accessories,,0.0,0.0,2000.0
Jan,Cell Phone & Camera w. Accessories,,0.0,0.0,2001.0
Feb,Cell Phone & Camera w. Accessories,,0.0,0.0,2001.0
Mar,Cell Phone & Camera w. Accessories,,0.0,0.0,2001.0
Apr,Cell Phone & Camera w. Accessories,,0.0,0.0,2001.0
May,Cell Phone & Camera w. Accessories,,0.0,0.0,2001.0
Jun,Cell Phone & Camera w. Accessories,,0.0,0.0,2001.0
Jul,Cell Phone & Camera w. Accessories,,0.0,0.0,2001.0
Aug,Cell Phone & Camera w. Accessories,,0.0,0.0,2001.0
Sep,Cell Phone & Camera w. Accessories,,0.0,0.0,2001.0
Oct,Cell Phone & Camera w. Accessories,,0.0,0.0,2001.0
Nov,Cell Phone & Camera w. Accessories,,0.0,0.0,2001.0
Dec,Cell Phone & Camera w. Accessories,,0.0,0.0,2001.0
Jan,Cell Phone & Camera w. Accessories,,0.0,0.0,2002.0
Feb,Cell Phone & Camera w. Accessories,,0.0,0.0,2002.0
Mar,Cell Phone & Camera w. Accessories,,0.0,0.0,2002.0
Apr,Cell Phone & Camera w. Accessories,,0.0,0.0,2002.0
May,Cell Phone & Camera w. Accessories,,0.0,0.0,2002.0
Jun,Cell Phone & Camera w. Accessories,,0.0,0.0,2002.0
Jul,Cell Phone & Camera w. Accessories,,0.0,0.0,2002.0
Aug,Cell Phone & Camera w. Accessories,,0.0,0.0,2002.0
Sep,Cell Phone & Camera w. Accessories,,0.0,0.0,2002.0
Oct,Cell Phone & Camera w. Accessories,2002-10,3.4,5.0,2002.0
Nov,Cell Phone & Camera w. Accessories,,0.0,0.0,2002.0
Dec,Cell Phone & Camera w. Accessories,2002-12,3.0,1.0,2002.0
Jan,Cell Phone & Camera w. Accessories,,0.0,0.0,2003.0
Feb,Cell Phone & Camera w. Accessories,,0.0,0.0,2003.0
Mar,Cell Phone & Camera w. Accessories,2003-03,2.0,1.0,2003.0
Apr,Cell Phone & Camera w. Accessories,,0.0,0.0,2003.0
May,Cell Phone & Camera w. Accessories,2003-05,5.0,1.0,2003.0
Jun,Cell Phone & Camera w. Accessories,,0.0,0.0,2003.0
Jul,Cell Phone & Camera w. Accessories,,0.0,0.0,2003.0
Aug,Cell Phone & Camera w. Accessories,,0.0,0.0,2003.0
Sep,Cell Phone & Camera w. Accessories,,0.0,0.0,2003.0
Oct,Cell Phone & Camera w. Accessories,,0.0,0.0,2003.0
Nov,Cell Phone & Camera w. Accessories,,0.0,0.0,2003.0
Dec,Cell Phone & Camera w. Accessories,,0.0,0.0,2003.0
Jan,Cell Phone & Camera w. Accessories,,0.0,0.0,2004.0
Feb,Cell Phone & Camera w. Accessories,,0.0,0.0,2004.0
Mar,Cell Phone & Camera w. Accessories,,0.0,0.0,2004.0
Apr,Cell Phone & Camera w. Accessories,,0.0,0.0,2004.0
May,Cell Phone & Camera w. Accessories,,0.0,0.0,2004.0
Jun,Cell Phone & Camera w. Accessories,,0.0,0.0,2004.0
Jul,Cell Phone & Camera w. Accessories,,0.0,0.0,2004.0
Aug,Cell Phone & Camera w. Accessories,,0.0,0.0,2004.0
Sep,Cell Phone & Camera w. Accessories,,0.0,0.0,2004.0
Oct,Cell Phone & Camera w. Accessories,,0.0,0.0,2004.0
Nov,Cell Phone & Camera w. Accessories,,0.0,0.0,2004.0
Dec,Cell Phone & Camera w. Accessories,,0.0,0.0,2004.0
Jan,Cell Phone & Camera w. Accessories,,0.0,0.0,2005.0
Feb,Cell Phone & Camera w. Accessories,,0.0,0.0,2005.0
Mar,Cell Phone & Camera w. Accessories,,0.0,0.0,2005.0
Apr,Cell Phone & Camera w. Accessories,,0.0,0.0,2005.0
May,Cell Phone & Camera w. Accessories,,0.0,0.0,2005.0
Jun,Cell Phone & Camera w. Accessories,,0.0,0.0,2005.0
Jul,Cell Phone & Camera w. Accessories,,0.0,0.0,2005.0
Aug,Cell Phone & Camera w. Accessories,,0.0,0.0,2005.0
Sep,Cell Phone & Camera w. Accessories,,0.0,0.0,2005.0
Oct,Cell Phone & Camera w. Accessories,,0.0,0.0,2005.0
Nov,Cell Phone & Camera w. Accessories,,0.0,0.0,2005.0
Dec,Cell Phone & Camera w. Accessories,,0.0,0.0,2005.0
Jan,Cell Phone & Camera w. Accessories,,0.0,0.0,2006.0
Feb,Cell Phone & Camera w. Accessories,2006-02,4.0,1.0,2006.0
Mar,Cell Phone & Camera w. Accessories,,0.0,0.0,2006.0
Apr,Cell Phone & Camera w. Accessories,,0.0,0.0,2006.0
May,Cell Phone & Camera w. Accessories,,0.0,0.0,2006.0
Jun,Cell Phone & Camera w. Accessories,,0.0,0.0,2006.0
Jul,Cell Phone & Camera w. Accessories,,0.0,0.0,2006.0
Aug,Cell Phone & Camera w. Accessories,,0.0,0.0,2006.0
Sep,Cell Phone & Camera w. Accessories,,0.0,0.0,2006.0
Oct,Cell Phone & Camera w. Accessories,,0.0,0.0,2006.0
Nov,Cell Phone & Camera w. Accessories,,0.0,0.0,2006.0
Dec,Cell Phone & Camera w. Accessories,,0.0,0.0,2006.0
Jan,Cell Phone & Camera w. Accessories,2007-01,4.333333333333333,3.0,2007.0
Feb,Cell Phone & Camera w. Accessories,,0.0,0.0,2007.0
Mar,Cell Phone & Camera w. Accessories,,0.0,0.0,2007.0
Apr,Cell Phone & Camera w. Accessories,,0.0,0.0,2007.0
May,Cell Phone & Camera w. Accessories,2007-05,5.0,1.0,2007.0
Jun,Cell Phone & Camera w. Accessories,2007-06,5.0,1.0,2007.0
Jul,Cell Phone & Camera w. Accessories,2007-07,4.0,1.0,2007.0
Aug,Cell Phone & Camera w. Accessories,,0.0,0.0,2007.0
Sep,Cell Phone & Camera w. Accessories,,0.0,0.0,2007.0
Oct,Cell Phone & Camera w. Accessories,,0.0,0.0,2007.0
Nov,Cell Phone & Camera w. Accessories,,0.0,0.0,2007.0
Dec,Cell Phone & Camera w. Accessories,2007-12,2.0,2.0,2007.0
Jan,Cell Phone & Camera w. Accessories,2008-01,3.1666666666666665,4.0,2008.0
Feb,Cell Phone & Camera w. Accessories,2008-02,3.0,1.0,2008.0
Mar,Cell Phone & Camera w. Accessories,,0.0,0.0,2008.0
Apr,Cell Phone & Camera w. Accessories,2008-04,5.0,1.0,2008.0
May,Cell Phone & Camera w. Accessories,2008-05,3.67,3.0,2008.0
Jun,Cell Phone & Camera w. Accessories,2008-06,3.0,2.0,2008.0
Jul,Cell Phone & Camera w. Accessories,2008-07,4.5,2.0,2008.0
Aug,Cell Phone & Camera w. Accessories,2008-08,4.0,1.0,2008.0
Sep,Cell Phone & Camera w. Accessories,2008-09,5.0,1.0,2008.0
Oct,Cell Phone & Camera w. Accessories,2008-10,1.0,1.0,2008.0
Nov,Cell Phone & Camera w. Accessories,2008-11,1.0,3.0,2008.0
Dec,Cell Phone & Camera w. Accessories,2008-12,3.6666666666666665,4.0,2008.0
Jan,Cell Phone & Camera w. Accessories,2009-01,3.5566666666666666,6.0,2009.0
Feb,Cell Phone & Camera w. Accessories,2009-02,1.0,1.0,2009.0
Mar,Cell Phone & Camera w. Accessories,2009-03,1.0,1.0,2009.0
Apr,Cell Phone & Camera w. Accessories,2009-04,3.0,2.0,2009.0
May,Cell Phone & Camera w. Accessories,,0.0,0.0,2009.0
Jun,Cell Phone & Camera w. Accessories,2009-06,5.0,3.0,2009.0
Jul,Cell Phone & Camera w. Accessories,2009-07,5.0,2.0,2009.0
Aug,Cell Phone & Camera w. Accessories,2009-08,4.5,2.0,2009.0
Sep,Cell Phone & Camera w. Accessories,2009-09,1.0,3.0,2009.0
Oct,Cell Phone & Camera w. Accessories,2009-10,3.6,5.0,2009.0
Nov,Cell Phone & Camera w. Accessories,2009-11,5.0,1.0,2009.0
Dec,Cell Phone & Camera w. Accessories,2009-12,1.375,5.0,2009.0
Jan,Cell Phone & Camera w. Accessories,2010-01,4.0,7.0,2010.0
Feb,Cell Phone & Camera w. Accessories,2010-02,4.454545454545454,18.0,2010.0
Mar,Cell Phone & Camera w. Accessories,2010-03,3.5,7.0,2010.0
Apr,Cell Phone & Camera w. Accessories,2010-04,2.5833333333333335,8.0,2010.0
May,Cell Phone & Camera w. Accessories,2010-05,3.5,4.0,2010.0
Jun,Cell Phone & Camera w. Accessories,2010-06,3.5,2.0,2010.0
Jul,Cell Phone & Camera w. Accessories,2010-07,3.6666666666666665,3.0,2010.0
Aug,Cell Phone & Camera w. Accessories,2010-08,1.0,1.0,2010.0
Sep,Cell Phone & Camera w. Accessories,2010-09,2.0,2.0,2010.0
Oct,Cell Phone & Camera w. Accessories,2010-10,4.333333333333333,3.0,2010.0
Nov,Cell Phone & Camera w. Accessories,2010-11,2.0,2.0,2010.0
Dec,Cell Phone & Camera w. Accessories,2010-12,3.3333333333333335,3.0,2010.0
Jan,Cell Phone & Camera w. Accessories,2011-01,4.25,9.0,2011.0
Feb,Cell Phone & Camera w. Accessories,2011-02,3.6666666666666665,3.0,2011.0
Mar,Cell Phone & Camera w. Accessories,2011-03,2.5,2.0,2011.0
Apr,Cell Phone & Camera w. Accessories,2011-04,3.3333333333333335,3.0,2011.0
May,Cell Phone & Camera w. Accessories,2011-05,3.0,2.0,2011.0
Jun,Cell Phone & Camera w. Accessories,2011-06,3.44,9.0,2011.0
Jul,Cell Phone & Camera w. Accessories,2011-07,3.375,5.0,2011.0
Aug,Cell Phone & Camera w. Accessories,2011-08,4.335,4.0,2011.0
Sep,Cell Phone & Camera w. Accessories,2011-09,3.5,7.0,2011.0
Oct,Cell Phone & Camera w. Accessories,2011-10,3.835,4.0,2011.0
Nov,Cell Phone & Camera w. Accessories,2011-11,4.0,2.0,2011.0
Dec,Cell Phone & Camera w. Accessories,2011-12,5.0,2.0,2011.0
Jan,Cell Phone & Camera w. Accessories,2012-01,4.033333333333333,14.0,2012.0
Feb,Cell Phone & Camera w. Accessories,2012-02,3.98,14.0,2012.0
Mar,Cell Phone & Camera w. Accessories,2012-03,3.508,15.0,2012.0
Apr,Cell Phone & Camera w. Accessories,2012-04,3.857142857142857,13.0,2012.0
May,Cell Phone & Camera w. Accessories,2012-05,4.08875,16.0,2012.0
Jun,Cell Phone & Camera w. Accessories,2012-06,4.332857142857143,16.0,2012.0
Jul,Cell Phone & Camera w. Accessories,2012-07,3.714,31.0,2012.0
Aug,Cell Phone & Camera w. Accessories,2012-08,3.8923076923076922,42.0,2012.0
Sep,Cell Phone & Camera w. Accessories,2012-09,4.235833333333333,24.0,2012.0
Oct,Cell Phone & Camera w. Accessories,2012-10,4.189,24.0,2012.0
Nov,Cell Phone & Camera w. Accessories,2012-11,4.319166666666667,27.0,2012.0
Dec,Cell Phone & Camera w. Accessories,2012-12,3.9723333333333333,69.0,2012.0
Jan,Cell Phone & Camera w. Accessories,2013-01,4.097333333333333,139.0,2013.0
Feb,Cell Phone & Camera w. Accessories,2013-02,3.8083333333333336,128.0,2013.0
Mar,Cell Phone & Camera w. Accessories,2013-03,4.2,174.0,2013.0
Apr,Cell Phone & Camera w. Accessories,2013-04,4.046086956521739,159.0,2013.0
May,Cell Phone & Camera w. Accessories,2013-05,4.175714285714285,226.0,2013.0
Jun,Cell Phone & Camera w. Accessories,2013-06,4.1171428571428565,203.0,2013.0
Jul,Cell Phone & Camera w. Accessories,2013-07,4.496,225.0,2013.0
Aug,Cell Phone & Camera w. Accessories,2013-08,3.9804761904761907,218.0,2013.0
Sep,Cell Phone & Camera w. Accessories,2013-09,4.313125,181.0,2013.0
Oct,Cell Phone & Camera w. Accessories,2013-10,4.1049999999999995,184.0,2013.0
Nov,Cell Phone & Camera w. Accessories,2013-11,4.313125,164.0,2013.0
Dec,Cell Phone & Camera w. Accessories,2013-12,3.7920689655172413,219.0,2013.0
Jan,Cell Phone & Camera w. Accessories,2014-01,4.1191489361702125,259.0,2014.0
Feb,Cell Phone & Camera w. Accessories,2014-02,3.838222222222222,223.0,2014.0
Mar,Cell Phone & Camera w. Accessories,2014-03,4.128181818181818,197.0,2014.0
Apr,Cell Phone & Camera w. Accessories,2014-04,4.06,150.0,2014.0
May,Cell Phone & Camera w. Accessories,2014-05,3.8638235294117647,148.0,2014.0
Jun,Cell Phone & Camera w. Accessories,2014-06,3.733103448275862,142.0,2014.0
Jul,Cell Phone & Camera w. Accessories,2014-07,4.327021276595745,219.0,2014.0
Aug,Cell Phone & Camera w. Accessories,2014-08,4.10860465116279,208.0,2014.0
Sep,Cell Phone & Camera w. Accessories,2014-09,3.9668292682926825,176.0,2014.0
Oct,Cell Phone & Camera w. Accessories,2014-10,4.0974,230.0,2014.0
Nov,Cell Phone & Camera w. Accessories,2014-11,4.130833333333333,181.0,2014.0
Dec,Cell Phone & Camera w. Accessories,2014-12,4.251964285714286,234.0,2014.0
Jan,Cell Phone & Camera w. Accessories,2015-01,4.044576271186441,247.0,2015.0
Feb,Cell Phone & Camera w. Accessories,2015-02,3.9267241379310347,234.0,2015.0
Mar,Cell Phone & Camera w. Accessories,2015-03,4.032857142857143,232.0,2015.0
Apr,Cell Phone & Camera w. Accessories,2015-04,3.622448979591837,204.0,2015.0
May,Cell Phone & Camera w. Accessories,2015-05,4.061428571428571,175.0,2015.0
Jun,Cell Phone & Camera w. Accessories,2015-06,4.212631578947368,182.0,2015.0
Jul,Cell Phone & Camera w. Accessories,2015-07,4.060535714285714,161.0,2015.0
Aug,Cell Phone & Camera w. Accessories,2015-08,3.9902941176470583,174.0,2015.0
Sep,Cell Phone & Camera w. Accessories,2015-09,4.028153846153846,173.0,2015.0
Oct,Cell Phone & Camera w. Accessories,2015-10,4.349298245614035,143.0,2015.0
Nov,Cell Phone & Camera w. Accessories,2015-11,4.051458333333334,153.0,2015.0
Dec,Cell Phone & Camera w. Accessories,2015-12,3.944032258064516,176.0,2015.0
Jan,Cell Phone & Camera w. Accessories,2016-01,4.1475,236.0,2016.0
Feb,Cell Phone & Camera w. Accessories,2016-02,4.045147058823529,166.0,2016.0
Mar,Cell Phone & Camera w. Accessories,2016-03,4.113972602739726,177.0,2016.0
Apr,Cell Phone & Camera w. Accessories,2016-04,4.314193548387097,136.0,2016.0
May,Cell Phone & Camera w. Accessories,2016-05,4.104464285714285,135.0,2016.0
Jun,Cell Phone & Camera w. Accessories,2016-06,4.0225,181.0,2016.0
Jul,Cell Phone & Camera w. Accessories,2016-07,4.072117647058824,208.0,2016.0
Aug,Cell Phone & Camera w. Accessories,2016-08,3.9747500000000002,237.0,2016.0
Sep,Cell Phone & Camera w. Accessories,2016-09,4.077160493827161,230.0,2016.0
Oct,Cell Phone & Camera w. Accessories,2016-10,4.185897435897436,202.0,2016.0
Nov,Cell Phone & Camera w. Accessories,2016-11,3.934189189189189,192.0,2016.0
Dec,Cell Phone & Camera w. Accessories,2016-12,4.0336842105263155,398.0,2016.0
Jan,Cell Phone & Camera w. Accessories,2017-01,4.148534482758621,393.0,2017.0
Feb,Cell Phone & Camera w. Accessories,2017-02,4.097623762376238,311.0,2017.0
Mar,Cell Phone & Camera w. Accessories,2017-03,4.063457943925234,401.0,2017.0
Apr,Cell Phone & Camera w. Accessories,2017-04,4.02967032967033,427.0,2017.0
May,Cell Phone & Camera w. Accessories,2017-05,4.048557692307693,440.0,2017.0
Jun,Cell Phone & Camera w. Accessories,2017-06,4.12,337.0,2017.0
Jul,Cell Phone & Camera w. Accessories,2017-07,4.056548672566372,363.0,2017.0
Aug,Cell Phone & Camera w. Accessories,2017-08,4.122678571428572,388.0,2017.0
Sep,Cell Phone & Camera w. Accessories,2017-09,4.138229166666666,387.0,2017.0
Oct,Cell Phone & Camera w. Accessories,2017-10,3.974336283185841,467.0,2017.0
Nov,Cell Phone & Camera w. Accessories,2017-11,4.097777777777778,590.0,2017.0
Dec,Cell Phone & Camera w. Accessories,2017-12,4.016222222222223,736.0,2017.0
Jan,Cell Phone & Camera w. Accessories,2018-01,4.094363636363637,1336.0,2018.0
Feb,Cell Phone & Camera w. Accessories,2018-02,3.986666666666667,974.0,2018.0
Mar,Cell Phone & Camera w. Accessories,2018-03,4.0318633540372675,1070.0,2018.0
Apr,Cell Phone & Camera w. Accessories,2018-04,3.958029197080292,806.0,2018.0
May,Cell Phone & Camera w. Accessories,2018-05,4.096842105263158,649.0,2018.0
Jun,Cell Phone & Camera w. Accessories,2018-06,4.035481481481481,704.0,2018.0
Jul,Cell Phone & Camera w. Accessories,2018-07,4.025666666666667,838.0,2018.0
Aug,Cell Phone & Camera w. Accessories,2018-08,4.061349206349207,847.0,2018.0
Sep,Cell Phone & Camera w. Accessories,2018-09,3.976923076923077,643.0,2018.0
Oct,Cell Phone & Camera w. Accessories,2018-10,3.9955555555555557,664.0,2018.0
Nov,Cell Phone & Camera w. Accessories,2018-11,4.155151515151515,632.0,2018.0
Dec,Cell Phone & Camera w. Accessories,2018-12,4.103666666666666,951.0,2018.0
Jan,Cell Phone & Camera w. Accessories,2019-01,4.048200836820084,1352.0,2019.0
Feb,Cell Phone & Camera w. Accessories,2019-02,4.1555029585798815,971.0,2019.0
Mar,Cell Phone & Camera w. Accessories,2019-03,4.141027027027027,998.0,2019.0
Apr,Cell Phone & Camera w. Accessories,2019-04,4.157733333333333,669.0,2019.0
May,Cell Phone & Camera w. Accessories,2019-05,4.060852272727273,686.0,2019.0
Jun,Cell Phone & Camera w. Accessories,2019-06,4.1342767295597485,761.0,2019.0
Jul,Cell Phone & Camera w. Accessories,2019-07,4.2836637931034485,1090.0,2019.0
Aug,Cell Phone & Camera w. Accessories,2019-08,4.266883720930233,888.0,2019.0
Sep,Cell Phone & Camera w. Accessories,2019-09,4.195,792.0,2019.0
Oct,Cell Phone & Camera w. Accessories,2019-10,4.2364556962025315,953.0,2019.0
Nov,Cell Phone & Camera w. Accessories,2019-11,4.300472103004291,928.0,2019.0
Dec,Cell Phone & Camera w. Accessories,2019-12,4.112293577981651,1730.0,2019.0
Jan,Cell Phone & Camera w. Accessories,2020-01,4.3116666666666665,2167.0,2020.0
Feb,Cell Phone & Camera w. Accessories,2020-02,4.187165109034268,1732.0,2020.0
Mar,Cell Phone & Camera w. Accessories,2020-03,4.160340909090909,1196.0,2020.0
Apr,Cell Phone & Camera w. Accessories,2020-04,4.11079295154185,1061.0,2020.0
May,Cell Phone & Camera w. Accessories,2020-05,4.086211180124224,1549.0,2020.0
Jun,Cell Phone & Camera w. Accessories,2020-06,4.107077464788732,1397.0,2020.0
Jul,Cell Phone & Camera w. Accessories,2020-07,4.146173633440514,1503.0,2020.0
Aug,Cell Phone & Camera w. Accessories,2020-08,4.118668941979522,1433.0,2020.0
Sep,Cell Phone & Camera w. Accessories,2020-09,4.250187969924812,1424.0,2020.0
Oct,Cell Phone & Camera w. Accessories,2020-10,4.186088560885609,1628.0,2020.0
Nov,Cell Phone & Camera w. Accessories,2020-11,4.09094696969697,1171.0,2020.0
Dec,Cell Phone & Camera w. Accessories,2020-12,4.1318809523809525,2127.0,2020.0
Jan,Cell Phone & Camera w. Accessories,2021-01,4.141535181236674,2652.0,2021.0
Feb,Cell Phone & Camera w. Accessories,2021-02,4.0613451776649745,1955.0,2021.0
Mar,Cell Phone & Camera w. Accessories,2021-03,4.013375796178344,2716.0,2021.0
Apr,Cell Phone & Camera w. Accessories,2021-04,4.033774834437086,2343.0,2021.0
May,Cell Phone & Camera w. Accessories,2021-05,4.0354721549636805,1707.0,2021.0
Jun,Cell Phone & Camera w. Accessories,2021-06,4.047960687960688,1641.0,2021.0
Jul,Cell Phone & Camera w. Accessories,2021-07,3.982641975308642,1468.0,2021.0
Aug,Cell Phone & Camera w. Accessories,2021-08,4.078711484593837,1173.0,2021.0
Sep,Cell Phone & Camera w. Accessories,2021-09,3.9500617283950614,992.0,2021.0
Oct,Cell Phone & Camera w. Accessories,2021-10,3.8562310030395137,1184.0,2021.0
Nov,Cell Phone & Camera w. Accessories,2021-11,3.908701298701299,1002.0,2021.0
Dec,Cell Phone & Camera w. Accessories,2021-12,3.891800486618005,1587.0,2021.0
Jan,Cell Phone & Camera w. Accessories,2022-01,3.7854697286012526,2053.0,2022.0
Feb,Cell Phone & Camera w. Accessories,2022-02,3.9415675675675677,1420.0,2022.0
Mar,Cell Phone & Camera w. Accessories,2022-03,3.928147268408551,1543.0,2022.0
Apr,Cell Phone & Camera w. Accessories,2022-04,3.904330900243309,1428.0,2022.0
May,Cell Phone & Camera w. Accessories,2022-05,4.019559585492228,1242.0,2022.0
Jun,Cell Phone & Camera w. Accessories,2022-06,3.940134048257373,1188.0,2022.0
Jul,Cell Phone & Camera w. Accessories,2022-07,3.96702380952381,1322.0,2022.0
Aug,Cell Phone & Camera w. Accessories,2022-08,3.987580299785867,1448.0,2022.0
Sep,Cell Phone & Camera w. Accessories,2022-09,3.9728125000000003,1442.0,2022.0
Oct,Cell Phone & Camera w. Accessories,2022-10,4.150941422594142,1618.0,2022.0
Nov,Cell Phone & Camera w. Accessories,2022-11,3.932354211663067,1645.0,2022.0
Dec,Cell Phone & Camera w. Accessories,2022-12,4.015852782764811,2069.0,2022.0
Jan,Cell Phone & Camera w. Accessories,2023-01,4.012608695652173,2549.0,2023.0
Feb,Cell Phone & Camera w. Accessories,2023-02,4.0319038076152305,1500.0,2023.0
Mar,Cell Phone & Camera w. Accessories,2023-03,3.963865698729583,1867.0,2023.0
Apr,Cell Phone & Camera w. Accessories,2023-04,3.9898783454987834,1112.0,2023.0
May,Cell Phone & Camera w. Accessories,2023-05,4.098303030303031,711.0,2023.0
Jun,Cell Phone & Camera w. Accessories,2023-06,4.144298642533936,439.0,2023.0
Jul,Cell Phone & Camera w. Accessories,2023-07,4.204820512820513,348.0,2023.0
Aug,Cell Phone & Camera w. Accessories,2023-08,4.228368794326242,231.0,2023.0
Sep,Cell Phone & Camera w. Accessories,2023-09,3.75,12.0,2023.0
Jan,Computers,,0.0,0.0,1998.0
Feb,Computers,,0.0,0.0,1998.0
Mar,Computers,,0.0,0.0,1998.0
Apr,Computers,,0.0,0.0,1998.0
May,Computers,,0.0,0.0,1998.0
Jun,Computers,,0.0,0.0,1998.0
Jul,Computers,,0.0,0.0,1998.0
Aug,Computers,,0.0,0.0,1998.0
Sep,Computers,,0.0,0.0,1998.0
Oct,Computers,,0.0,0.0,1998.0
Nov,Computers,,0.0,0.0,1998.0
Dec,Computers,,0.0,0.0,1998.0
Jan,Computers,,0.0,0.0,1999.0
Feb,Computers,,0.0,0.0,1999.0
Mar,Computers,,0.0,0.0,1999.0
Apr,Computers,,0.0,0.0,1999.0
May,Computers,,0.0,0.0,1999.0
Jun,Computers,,0.0,0.0,1999.0
Jul,Computers,,0.0,0.0,1999.0
Aug,Computers,,0.0,0.0,1999.0
Sep,Computers,,0.0,0.0,1999.0
Oct,Computers,,0.0,0.0,1999.0
Nov,Computers,,0.0,0.0,1999.0
Dec,Computers,,0.0,0.0,1999.0
Jan,Computers,,0.0,0.0,2000.0
Feb,Computers,,0.0,0.0,2000.0
Mar,Computers,,0.0,0.0,2000.0
Apr,Computers,,0.0,0.0,2000.0
May,Computers,,0.0,0.0,2000.0
Jun,Computers,,0.0,0.0,2000.0
Jul,Computers,,0.0,0.0,2000.0
Aug,Computers,,0.0,0.0,2000.0
Sep,Computers,,0.0,0.0,2000.0
Oct,Computers,2000-10,5.0,4.0,2000.0
Nov,Computers,2000-11,5.0,1.0,2000.0
Dec,Computers,2000-12,5.0,4.0,2000.0
Jan,Computers,2001-01,5.0,2.0,2001.0
Feb,Computers,2001-02,4.8,6.0,2001.0
Mar,Computers,2001-03,3.0,4.0,2001.0
Apr,Computers,2001-04,5.0,3.0,2001.0
May,Computers,2001-05,5.0,3.0,2001.0
Jun,Computers,,0.0,0.0,2001.0
Jul,Computers,2001-07,3.0,1.0,2001.0
Aug,Computers,2001-08,4.5,2.0,2001.0
Sep,Computers,2001-09,4.0,1.0,2001.0
Oct,Computers,2001-10,5.0,2.0,2001.0
Nov,Computers,2001-11,4.67,3.0,2001.0
Dec,Computers,2001-12,4.333333333333333,5.0,2001.0
Jan,Computers,2002-01,4.75,3.0,2002.0
Feb,Computers,2002-02,5.0,1.0,2002.0
Mar,Computers,,0.0,0.0,2002.0
Apr,Computers,,0.0,0.0,2002.0
May,Computers,2002-05,4.75,5.0,2002.0
Jun,Computers,2002-06,4.5,4.0,2002.0
Jul,Computers,2002-07,5.0,5.0,2002.0
Aug,Computers,2002-08,3.75,7.0,2002.0
Sep,Computers,,0.0,0.0,2002.0
Oct,Computers,2002-10,4.556666666666667,5.0,2002.0
Nov,Computers,2002-11,5.0,3.0,2002.0
Dec,Computers,2002-12,3.25,6.0,2002.0
Jan,Computers,2003-01,4.533333333333333,8.0,2003.0
Feb,Computers,2003-02,4.583333333333333,6.0,2003.0
Mar,Computers,2003-03,4.5,4.0,2003.0
Apr,Computers,2003-04,4.25,3.0,2003.0
May,Computers,2003-05,4.666666666666667,6.0,2003.0
Jun,Computers,2003-06,2.75,3.0,2003.0
Jul,Computers,2003-07,4.333333333333333,4.0,2003.0
Aug,Computers,2003-08,4.415,5.0,2003.0
Sep,Computers,2003-09,4.666666666666667,4.0,2003.0
Oct,Computers,2003-10,5.0,2.0,2003.0
Nov,Computers,2003-11,4.375,6.0,2003.0
Dec,Computers,2003-12,3.5833333333333335,8.0,2003.0
Jan,Computers,2004-01,4.335,4.0,2004.0
Feb,Computers,2004-02,4.5,4.0,2004.0
Mar,Computers,2004-03,2.0,1.0,2004.0
Apr,Computers,2004-04,1.0,1.0,2004.0
May,Computers,,0.0,0.0,2004.0
Jun,Computers,2004-06,4.0,1.0,2004.0
Jul,Computers,2004-07,5.0,4.0,2004.0
Aug,Computers,2004-08,4.0,3.0,2004.0
Sep,Computers,2004-09,4.75,3.0,2004.0
Oct,Computers,2004-10,3.915,5.0,2004.0
Nov,Computers,2004-11,3.5,4.0,2004.0
Dec,Computers,2004-12,4.916666666666667,6.0,2004.0
Jan,Computers,2005-01,3.625,5.0,2005.0
Feb,Computers,2005-02,4.5,2.0,2005.0
Mar,Computers,2005-03,3.5,2.0,2005.0
Apr,Computers,,0.0,0.0,2005.0
May,Computers,2005-05,3.6666666666666665,5.0,2005.0
Jun,Computers,2005-06,3.5,3.0,2005.0
Jul,Computers,2005-07,4.333333333333333,7.0,2005.0
Aug,Computers,2005-08,4.0,2.0,2005.0
Sep,Computers,2005-09,5.0,2.0,2005.0
Oct,Computers,2005-10,4.7075,10.0,2005.0
Nov,Computers,2005-11,3.75,6.0,2005.0
Dec,Computers,2005-12,4.0,7.0,2005.0
Jan,Computers,2006-01,4.2,5.0,2006.0
Feb,Computers,2006-02,4.333333333333333,9.0,2006.0
Mar,Computers,2006-03,1.0,2.0,2006.0
Apr,Computers,2006-04,3.0,4.0,2006.0
May,Computers,2006-05,4.333333333333333,6.0,2006.0
Jun,Computers,,0.0,0.0,2006.0
Jul,Computers,2006-07,4.8325,6.0,2006.0
Aug,Computers,2006-08,2.95,12.0,2006.0
Sep,Computers,2006-09,4.125,5.0,2006.0
Oct,Computers,2006-10,3.125,6.0,2006.0
Nov,Computers,2006-11,4.4675,19.0,2006.0
Dec,Computers,2006-12,3.875,5.0,2006.0
Jan,Computers,2007-01,4.122999999999999,46.0,2007.0
Feb,Computers,2007-02,3.4575,25.0,2007.0
Mar,Computers,2007-03,4.4557142857142855,29.0,2007.0
Apr,Computers,2007-04,3.95,17.0,2007.0
May,Computers,2007-05,4.75,18.0,2007.0
Jun,Computers,2007-06,4.388333333333333,17.0,2007.0
Jul,Computers,2007-07,3.75,19.0,2007.0
Aug,Computers,2007-08,4.638333333333333,19.0,2007.0
Sep,Computers,2007-09,4.0,16.0,2007.0
Oct,Computers,2007-10,4.62,16.0,2007.0
Nov,Computers,2007-11,4.45,10.0,2007.0
Dec,Computers,2007-12,3.44125,30.0,2007.0
Jan,Computers,2008-01,4.418181818181818,29.0,2008.0
Feb,Computers,2008-02,4.265833333333333,28.0,2008.0
Mar,Computers,2008-03,4.17,22.0,2008.0
Apr,Computers,2008-04,4.323,29.0,2008.0
May,Computers,2008-05,4.2683333333333335,16.0,2008.0
Jun,Computers,2008-06,3.3400000000000003,20.0,2008.0
Jul,Computers,2008-07,3.6990000000000003,25.0,2008.0
Aug,Computers,2008-08,3.53,21.0,2008.0
Sep,Computers,2008-09,4.333333333333333,14.0,2008.0
Oct,Computers,2008-10,3.9799999999999995,14.0,2008.0
Nov,Computers,2008-11,3.4899999999999998,17.0,2008.0
Dec,Computers,2008-12,3.9000000000000004,31.0,2008.0
Jan,Computers,2009-01,3.802857142857143,38.0,2009.0
Feb,Computers,2009-02,4.108461538461539,36.0,2009.0
Mar,Computers,2009-03,4.047272727272728,25.0,2009.0
Apr,Computers,2009-04,3.9384615384615387,19.0,2009.0
May,Computers,2009-05,3.75,20.0,2009.0
Jun,Computers,2009-06,3.631333333333333,23.0,2009.0
Jul,Computers,2009-07,4.2975,15.0,2009.0
Aug,Computers,2009-08,4.1259999999999994,20.0,2009.0
Sep,Computers,2009-09,4.686111111111111,29.0,2009.0
Oct,Computers,2009-10,3.9705882352941178,21.0,2009.0
Nov,Computers,2009-11,3.8181818181818183,15.0,2009.0
Dec,Computers,2009-12,3.675,28.0,2009.0
Jan,Computers,2010-01,3.9186363636363635,40.0,2010.0
Feb,Computers,2010-02,3.8877272727272727,33.0,2010.0
Mar,Computers,2010-03,3.08,16.0,2010.0
Apr,Computers,2010-04,3.96875,20.0,2010.0
May,Computers,2010-05,3.9915384615384615,25.0,2010.0
Jun,Computers,2010-06,3.7857142857142856,20.0,2010.0
Jul,Computers,2010-07,3.8335714285714286,26.0,2010.0
Aug,Computers,2010-08,3.664375,25.0,2010.0
Sep,Computers,2010-09,3.533,32.0,2010.0
Oct,Computers,2010-10,4.039130434782609,40.0,2010.0
Nov,Computers,2010-11,3.3794117647058823,34.0,2010.0
Dec,Computers,2010-12,4.25,59.0,2010.0
Jan,Computers,2011-01,4.033235294117647,82.0,2011.0
Feb,Computers,2011-02,4.2629166666666665,56.0,2011.0
Mar,Computers,2011-03,4.2061290322580644,74.0,2011.0
Apr,Computers,2011-04,3.8308571428571434,66.0,2011.0
May,Computers,2011-05,4.097575757575758,60.0,2011.0
Jun,Computers,2011-06,4.383214285714286,60.0,2011.0
Jul,Computers,2011-07,3.7725,74.0,2011.0
Aug,Computers,2011-08,3.996060606060606,78.0,2011.0
Sep,Computers,2011-09,3.9314999999999998,79.0,2011.0
Oct,Computers,2011-10,4.270882352941177,89.0,2011.0
Nov,Computers,2011-11,4.058636363636364,96.0,2011.0
Dec,Computers,2011-12,3.8002,142.0,2011.0
Jan,Computers,2012-01,3.714035087719298,160.0,2012.0
Feb,Computers,2012-02,4.09921568627451,151.0,2012.0
Mar,Computers,2012-03,3.5962264150943395,145.0,2012.0
Apr,Computers,2012-04,3.8345454545454545,152.0,2012.0
May,Computers,2012-05,3.8167241379310344,152.0,2012.0
Jun,Computers,2012-06,3.795714285714286,157.0,2012.0
Jul,Computers,2012-07,3.830869565217391,165.0,2012.0
Aug,Computers,2012-08,4.222777777777778,197.0,2012.0
Sep,Computers,2012-09,3.863076923076923,209.0,2012.0
Oct,Computers,2012-10,3.9872857142857145,205.0,2012.0
Nov,Computers,2012-11,3.9724107142857146,367.0,2012.0
Dec,Computers,2012-12,4.163666666666667,714.0,2012.0
Jan,Computers,2013-01,3.9951595744680852,897.0,2013.0
Feb,Computers,2013-02,3.999425287356322,721.0,2013.0
Mar,Computers,2013-03,4.052931034482759,827.0,2013.0
Apr,Computers,2013-04,4.048715083798883,789.0,2013.0
May,Computers,2013-05,4.126850828729282,849.0,2013.0
Jun,Computers,2013-06,3.8853296703296705,777.0,2013.0
Jul,Computers,2013-07,4.093736842105263,860.0,2013.0
Aug,Computers,2013-08,4.000809523809524,925.0,2013.0
Sep,Computers,2013-09,4.042083333333333,843.0,2013.0
Oct,Computers,2013-10,4.04141592920354,1010.0,2013.0
Nov,Computers,2013-11,4.015701357466064,906.0,2013.0
Dec,Computers,2013-12,3.9073605947955388,1426.0,2013.0
Jan,Computers,2014-01,4.137231270358306,1987.0,2014.0
Feb,Computers,2014-02,4.003544776119403,1521.0,2014.0
Mar,Computers,2014-03,4.060433333333334,1676.0,2014.0
Apr,Computers,2014-04,4.002429577464789,1446.0,2014.0
May,Computers,2014-05,4.008661971830986,1455.0,2014.0
Jun,Computers,2014-06,4.090177935943061,1358.0,2014.0
Jul,Computers,2014-07,4.091875,2165.0,2014.0
Aug,Computers,2014-08,4.062814814814815,2339.0,2014.0
Sep,Computers,2014-09,3.9948370927318297,2346.0,2014.0
Oct,Computers,2014-10,4.059616306954436,2369.0,2014.0
Nov,Computers,2014-11,3.9798966408268734,2253.0,2014.0
Dec,Computers,2014-12,4.0295178197064985,3299.0,2014.0
Jan,Computers,2015-01,4.082300556586271,4142.0,2015.0
Feb,Computers,2015-02,4.08556552962298,3884.0,2015.0
Mar,Computers,2015-03,3.9945438282647583,3845.0,2015.0
Apr,Computers,2015-04,3.9691067961165047,3373.0,2015.0
May,Computers,2015-05,4.041705882352941,3127.0,2015.0
Jun,Computers,2015-06,3.9618375241779495,3104.0,2015.0
Jul,Computers,2015-07,3.9921340388007054,3654.0,2015.0
Aug,Computers,2015-08,3.966204506065858,3844.0,2015.0
Sep,Computers,2015-09,4.059561403508772,3342.0,2015.0
Oct,Computers,2015-10,3.9581320450885666,3411.0,2015.0
Nov,Computers,2015-11,3.99867269984917,3494.0,2015.0
Dec,Computers,2015-12,3.9245403111739745,4110.0,2015.0
Jan,Computers,2016-01,3.9762097735399284,5083.0,2016.0
Feb,Computers,2016-02,3.9858956109134045,4620.0,2016.0
Mar,Computers,2016-03,3.9967950169875426,4962.0,2016.0
Apr,Computers,2016-04,4.015018137847642,3922.0,2016.0
May,Computers,2016-05,3.9945707915273134,4372.0,2016.0
Jun,Computers,2016-06,3.992638580931264,4489.0,2016.0
Jul,Computers,2016-07,4.016970618034448,4878.0,2016.0
Aug,Computers,2016-08,4.006555118110236,5162.0,2016.0
Sep,Computers,2016-09,3.9700785083415115,4994.0,2016.0
Oct,Computers,2016-10,3.9279857578840285,4519.0,2016.0
Nov,Computers,2016-11,3.8986634146341466,4756.0,2016.0
Dec,Computers,2016-12,3.999715189873418,7023.0,2016.0
Jan,Computers,2017-01,4.015545023696682,7248.0,2017.0
Feb,Computers,2017-02,3.9658288288288284,5395.0,2017.0
Mar,Computers,2017-03,3.9582125603864737,6003.0,2017.0
Apr,Computers,2017-04,3.936816999132697,5151.0,2017.0
May,Computers,2017-05,3.933428835489834,4944.0,2017.0
Jun,Computers,2017-06,3.875199258572753,4760.0,2017.0
Jul,Computers,2017-07,3.88459505541347,5336.0,2017.0
Aug,Computers,2017-08,3.9912018853102906,6040.0,2017.0
Sep,Computers,2017-09,3.9091950207468877,5609.0,2017.0
Oct,Computers,2017-10,3.842053494391717,5428.0,2017.0
Nov,Computers,2017-11,3.803050440352282,5956.0,2017.0
Dec,Computers,2017-12,3.8318271417740717,7036.0,2017.0
Jan,Computers,2018-01,3.9078479381443296,9584.0,2018.0
Feb,Computers,2018-02,3.853939606741573,7829.0,2018.0
Mar,Computers,2018-03,3.8899059561128526,9054.0,2018.0
Apr,Computers,2018-04,3.822594371997255,8004.0,2018.0
May,Computers,2018-05,3.8533895921237695,7010.0,2018.0
Jun,Computers,2018-06,3.859632199861207,6748.0,2018.0
Jul,Computers,2018-07,3.8884487179487177,7696.0,2018.0
Aug,Computers,2018-08,3.8285235332043843,7694.0,2018.0
Sep,Computers,2018-09,3.8789480874316937,6218.0,2018.0
Oct,Computers,2018-10,3.908270068450529,6691.0,2018.0
Nov,Computers,2018-11,3.8928616953473547,6612.0,2018.0
Dec,Computers,2018-12,3.9050989583333333,9854.0,2018.0
Jan,Computers,2019-01,3.957477978674085,12129.0,2019.0
Feb,Computers,2019-02,3.944983870967742,9164.0,2019.0
Mar,Computers,2019-03,3.945749875435974,9714.0,2019.0
Apr,Computers,2019-04,3.996100867678959,7789.0,2019.0
May,Computers,2019-05,4.031131465517241,7815.0,2019.0
Jun,Computers,2019-06,3.959516129032258,8781.0,2019.0
Jul,Computers,2019-07,4.029795825771325,11069.0,2019.0
Aug,Computers,2019-08,4.033690821256038,9648.0,2019.0
Sep,Computers,2019-09,3.9515899795501026,7925.0,2019.0
Oct,Computers,2019-10,3.969105480868666,7778.0,2019.0
Nov,Computers,2019-11,4.010842055185538,8639.0,2019.0
Dec,Computers,2019-12,4.006159874608151,14755.0,2019.0
Jan,Computers,2020-01,4.024996271439225,16483.0,2020.0
Feb,Computers,2020-02,3.9963471074380164,12777.0,2020.0
Mar,Computers,2020-03,3.8745367412140577,10370.0,2020.0
Apr,Computers,2020-04,3.7291232014388487,10407.0,2020.0
May,Computers,2020-05,3.788245192307692,13226.0,2020.0
Jun,Computers,2020-06,3.754243208279431,11974.0,2020.0
Jul,Computers,2020-07,3.850955730244104,12518.0,2020.0
Aug,Computers,2020-08,3.872131423757372,11809.0,2020.0
Sep,Computers,2020-09,3.8635493965131875,11850.0,2020.0
Oct,Computers,2020-10,3.8253566851772747,12763.0,2020.0
Nov,Computers,2020-11,3.864685968819599,11126.0,2020.0
Dec,Computers,2020-12,3.9000960430272764,14873.0,2020.0
Jan,Computers,2021-01,3.909956169925826,17496.0,2021.0
Feb,Computers,2021-02,3.8918562657999276,14288.0,2021.0
Mar,Computers,2021-03,3.916014988595634,17650.0,2021.0
Apr,Computers,2021-04,3.926260899895361,15172.0,2021.0
May,Computers,2021-05,3.84312881097561,12226.0,2021.0
Jun,Computers,2021-06,3.86154912836767,11708.0,2021.0
Jul,Computers,2021-07,3.8338670338316287,11761.0,2021.0
Aug,Computers,2021-08,3.8143850042123,10261.0,2021.0
Sep,Computers,2021-09,3.8070923288929723,8452.0,2021.0
Oct,Computers,2021-10,3.7718360655737704,7857.0,2021.0
Nov,Computers,2021-11,3.766153091265947,7627.0,2021.0
Dec,Computers,2021-12,3.8368465788355293,9491.0,2021.0
Jan,Computers,2022-01,3.843965718737826,11539.0,2022.0
Feb,Computers,2022-02,3.7074233409610984,8389.0,2022.0
Mar,Computers,2022-03,3.837224594363792,9150.0,2022.0
Apr,Computers,2022-04,3.8428511821974967,8196.0,2022.0
May,Computers,2022-05,3.8308011869436203,7517.0,2022.0
Jun,Computers,2022-06,3.8174749498998,7080.0,2022.0
Jul,Computers,2022-07,3.81185150812065,8495.0,2022.0
Aug,Computers,2022-08,3.8415489249670904,9203.0,2022.0
Sep,Computers,2022-09,3.8103943145346166,8249.0,2022.0
Oct,Computers,2022-10,3.8384905660377364,8399.0,2022.0
Nov,Computers,2022-11,3.8898185202419726,8233.0,2022.0
Dec,Computers,2022-12,3.878277328796257,9490.0,2022.0
Jan,Computers,2023-01,3.9296576923076927,10885.0,2023.0
Feb,Computers,2023-02,3.8834317343173437,8330.0,2023.0
Mar,Computers,2023-03,3.9009429175475687,9347.0,2023.0
Apr,Computers,2023-04,3.8715380549682874,5999.0,2023.0
May,Computers,2023-05,3.885769230769231,3452.0,2023.0
Jun,Computers,2023-06,3.8322157996146435,2259.0,2023.0
Jul,Computers,2023-07,3.925580912863071,2048.0,2023.0
Aug,Computers,2023-08,3.954249291784702,1315.0,2023.0
Sep,Computers,2023-09,4.246666666666667,80.0,2023.0
Jan,Daily Gadgets,,0.0,0.0,1998.0
Feb,Daily Gadgets,,0.0,0.0,1998.0
Mar,Daily Gadgets,,0.0,0.0,1998.0
Apr,Daily Gadgets,,0.0,0.0,1998.0
May,Daily Gadgets,,0.0,0.0,1998.0
Jun,Daily Gadgets,,0.0,0.0,1998.0
Jul,Daily Gadgets,,0.0,0.0,1998.0
Aug,Daily Gadgets,,0.0,0.0,1998.0
Sep,Daily Gadgets,,0.0,0.0,1998.0
Oct,Daily Gadgets,,0.0,0.0,1998.0
Nov,Daily Gadgets,,0.0,0.0,1998.0
Dec,Daily Gadgets,,0.0,0.0,1998.0
Jan,Daily Gadgets,,0.0,0.0,1999.0
Feb,Daily Gadgets,,0.0,0.0,1999.0
Mar,Daily Gadgets,,0.0,0.0,1999.0
Apr,Daily Gadgets,,0.0,0.0,1999.0
May,Daily Gadgets,,0.0,0.0,1999.0
Jun,Daily Gadgets,,0.0,0.0,1999.0
Jul,Daily Gadgets,,0.0,0.0,1999.0
Aug,Daily Gadgets,,0.0,0.0,1999.0
Sep,Daily Gadgets,,0.0,0.0,1999.0
Oct,Daily Gadgets,,0.0,0.0,1999.0
Nov,Daily Gadgets,,0.0,0.0,1999.0
Dec,Daily Gadgets,1999-12,5.0,1.0,1999.0
Jan,Daily Gadgets,,0.0,0.0,2000.0
Feb,Daily Gadgets,,0.0,0.0,2000.0
Mar,Daily Gadgets,,0.0,0.0,2000.0
Apr,Daily Gadgets,,0.0,0.0,2000.0
May,Daily Gadgets,,0.0,0.0,2000.0
Jun,Daily Gadgets,2000-06,5.0,1.0,2000.0
Jul,Daily Gadgets,,0.0,0.0,2000.0
Aug,Daily Gadgets,,0.0,0.0,2000.0
Sep,Daily Gadgets,,0.0,0.0,2000.0
Oct,Daily Gadgets,,0.0,0.0,2000.0
Nov,Daily Gadgets,2000-11,4.0,3.0,2000.0
Dec,Daily Gadgets,2000-12,4.75,4.0,2000.0
Jan,Daily Gadgets,2001-01,3.335,4.0,2001.0
Feb,Daily Gadgets,2001-02,2.835,4.0,2001.0
Mar,Daily Gadgets,2001-03,3.0,4.0,2001.0
Apr,Daily Gadgets,2001-04,5.0,1.0,2001.0
May,Daily Gadgets,2001-05,3.5,4.0,2001.0
Jun,Daily Gadgets,2001-06,3.0,3.0,2001.0
Jul,Daily Gadgets,2001-07,2.5,2.0,2001.0
Aug,Daily Gadgets,2001-08,5.0,1.0,2001.0
Sep,Daily Gadgets,2001-09,5.0,2.0,2001.0
Oct,Daily Gadgets,2001-10,4.0,4.0,2001.0
Nov,Daily Gadgets,2001-11,3.6933333333333334,17.0,2001.0
Dec,Daily Gadgets,2001-12,2.835,10.0,2001.0
Jan,Daily Gadgets,2002-01,4.085,7.0,2002.0
Feb,Daily Gadgets,2002-02,3.75,4.0,2002.0
Mar,Daily Gadgets,2002-03,3.0,2.0,2002.0
Apr,Daily Gadgets,2002-04,5.0,1.0,2002.0
May,Daily Gadgets,,0.0,0.0,2002.0
Jun,Daily Gadgets,,0.0,0.0,2002.0
Jul,Daily Gadgets,2002-07,3.0,1.0,2002.0
Aug,Daily Gadgets,,0.0,0.0,2002.0
Sep,Daily Gadgets,2002-09,4.5,2.0,2002.0
Oct,Daily Gadgets,2002-10,5.0,1.0,2002.0
Nov,Daily Gadgets,2002-11,3.3333333333333335,3.0,2002.0
Dec,Daily Gadgets,2002-12,3.8333333333333335,4.0,2002.0
Jan,Daily Gadgets,2003-01,3.75,3.0,2003.0
Feb,Daily Gadgets,2003-02,3.3333333333333335,3.0,2003.0
Mar,Daily Gadgets,,0.0,0.0,2003.0
Apr,Daily Gadgets,,0.0,0.0,2003.0
May,Daily Gadgets,2003-05,3.0,1.0,2003.0
Jun,Daily Gadgets,2003-06,5.0,2.0,2003.0
Jul,Daily Gadgets,2003-07,3.0,2.0,2003.0
Aug,Daily Gadgets,2003-08,5.0,1.0,2003.0
Sep,Daily Gadgets,2003-09,2.0,1.0,2003.0
Oct,Daily Gadgets,,0.0,0.0,2003.0
Nov,Daily Gadgets,2003-11,4.0,3.0,2003.0
Dec,Daily Gadgets,2003-12,3.5,2.0,2003.0
Jan,Daily Gadgets,2004-01,1.0,1.0,2004.0
Feb,Daily Gadgets,,0.0,0.0,2004.0
Mar,Daily Gadgets,2004-03,4.0,1.0,2004.0
Apr,Daily Gadgets,2004-04,4.0,1.0,2004.0
May,Daily Gadgets,,0.0,0.0,2004.0
Jun,Daily Gadgets,2004-06,4.5,2.0,2004.0
Jul,Daily Gadgets,2004-07,5.0,1.0,2004.0
Aug,Daily Gadgets,2004-08,4.0,1.0,2004.0
Sep,Daily Gadgets,2004-09,3.0,2.0,2004.0
Oct,Daily Gadgets,2004-10,4.333333333333333,3.0,2004.0
Nov,Daily Gadgets,2004-11,3.0,1.0,2004.0
Dec,Daily Gadgets,,0.0,0.0,2004.0
Jan,Daily Gadgets,2005-01,3.6666666666666665,3.0,2005.0
Feb,Daily Gadgets,,0.0,0.0,2005.0
Mar,Daily Gadgets,2005-03,4.333333333333333,3.0,2005.0
Apr,Daily Gadgets,2005-04,3.0,1.0,2005.0
May,Daily Gadgets,2005-05,4.0,1.0,2005.0
Jun,Daily Gadgets,,0.0,0.0,2005.0
Jul,Daily Gadgets,,0.0,0.0,2005.0
Aug,Daily Gadgets,2005-08,4.0,2.0,2005.0
Sep,Daily Gadgets,2005-09,4.0,3.0,2005.0
Oct,Daily Gadgets,2005-10,3.5,4.0,2005.0
Nov,Daily Gadgets,2005-11,2.0,1.0,2005.0
Dec,Daily Gadgets,2005-12,3.835,4.0,2005.0
Jan,Daily Gadgets,2006-01,2.4433333333333334,5.0,2006.0
Feb,Daily Gadgets,2006-02,4.165,4.0,2006.0
Mar,Daily Gadgets,2006-03,4.875,5.0,2006.0
Apr,Daily Gadgets,2006-04,4.5,4.0,2006.0
May,Daily Gadgets,2006-05,2.8333333333333335,4.0,2006.0
Jun,Daily Gadgets,2006-06,4.25,3.0,2006.0
Jul,Daily Gadgets,,0.0,0.0,2006.0
Aug,Daily Gadgets,2006-08,4.0,2.0,2006.0
Sep,Daily Gadgets,,0.0,0.0,2006.0
Oct,Daily Gadgets,,0.0,0.0,2006.0
Nov,Daily Gadgets,2006-11,5.0,4.0,2006.0
Dec,Daily Gadgets,2006-12,4.665,4.0,2006.0
Jan,Daily Gadgets,2007-01,4.7,11.0,2007.0
Feb,Daily Gadgets,2007-02,4.8,7.0,2007.0
Mar,Daily Gadgets,2007-03,3.35,9.0,2007.0
Apr,Daily Gadgets,2007-04,4.443333333333333,6.0,2007.0
May,Daily Gadgets,2007-05,4.5,2.0,2007.0
Jun,Daily Gadgets,2007-06,4.125,7.0,2007.0
Jul,Daily Gadgets,2007-07,4.666666666666667,5.0,2007.0
Aug,Daily Gadgets,2007-08,5.0,1.0,2007.0
Sep,Daily Gadgets,2007-09,4.166666666666667,4.0,2007.0
Oct,Daily Gadgets,2007-10,4.375,7.0,2007.0
Nov,Daily Gadgets,2007-11,4.835,9.0,2007.0
Dec,Daily Gadgets,2007-12,3.0833333333333335,15.0,2007.0
Jan,Daily Gadgets,2008-01,3.7350000000000003,13.0,2008.0
Feb,Daily Gadgets,2008-02,4.208333333333333,9.0,2008.0
Mar,Daily Gadgets,2008-03,3.776666666666667,5.0,2008.0
Apr,Daily Gadgets,2008-04,3.6666666666666665,3.0,2008.0
May,Daily Gadgets,2008-05,5.0,2.0,2008.0
Jun,Daily Gadgets,,0.0,0.0,2008.0
Jul,Daily Gadgets,2008-07,3.7,8.0,2008.0
Aug,Daily Gadgets,2008-08,5.0,3.0,2008.0
Sep,Daily Gadgets,2008-09,3.9166666666666665,7.0,2008.0
Oct,Daily Gadgets,2008-10,2.75,4.0,2008.0
Nov,Daily Gadgets,2008-11,4.555555555555555,9.0,2008.0
Dec,Daily Gadgets,2008-12,3.7857142857142856,15.0,2008.0
Jan,Daily Gadgets,2009-01,4.486,21.0,2009.0
Feb,Daily Gadgets,2009-02,3.875,16.0,2009.0
Mar,Daily Gadgets,2009-03,3.375,9.0,2009.0
Apr,Daily Gadgets,2009-04,4.0,15.0,2009.0
May,Daily Gadgets,2009-05,3.97,27.0,2009.0
Jun,Daily Gadgets,2009-06,3.686,34.0,2009.0
Jul,Daily Gadgets,2009-07,3.4825,19.0,2009.0
Aug,Daily Gadgets,2009-08,4.806666666666667,14.0,2009.0
Sep,Daily Gadgets,2009-09,4.738571428571428,18.0,2009.0
Oct,Daily Gadgets,2009-10,3.0714285714285716,15.0,2009.0
Nov,Daily Gadgets,2009-11,3.9590000000000005,28.0,2009.0
Dec,Daily Gadgets,2009-12,4.252222222222222,22.0,2009.0
Jan,Daily Gadgets,2010-01,3.3499999999999996,33.0,2010.0
Feb,Daily Gadgets,2010-02,4.633333333333334,27.0,2010.0
Mar,Daily Gadgets,2010-03,4.70875,10.0,2010.0
Apr,Daily Gadgets,2010-04,4.33,17.0,2010.0
May,Daily Gadgets,2010-05,3.65125,16.0,2010.0
Jun,Daily Gadgets,2010-06,4.25,11.0,2010.0
Jul,Daily Gadgets,2010-07,4.2,17.0,2010.0
Aug,Daily Gadgets,2010-08,4.452222222222222,36.0,2010.0
Sep,Daily Gadgets,2010-09,3.9272727272727277,183.0,2010.0
Oct,Daily Gadgets,2010-10,4.193636363636364,287.0,2010.0
Nov,Daily Gadgets,2010-11,4.298125,214.0,2010.0
Dec,Daily Gadgets,2010-12,3.9386666666666668,191.0,2010.0
Jan,Daily Gadgets,2011-01,4.184615384615385,383.0,2011.0
Feb,Daily Gadgets,2011-02,4.304444444444445,367.0,2011.0
Mar,Daily Gadgets,2011-03,4.445454545454545,367.0,2011.0
Apr,Daily Gadgets,2011-04,4.358666666666666,258.0,2011.0
May,Daily Gadgets,2011-05,4.157777777777778,231.0,2011.0
Jun,Daily Gadgets,2011-06,4.4390909090909085,211.0,2011.0
Jul,Daily Gadgets,2011-07,4.275,191.0,2011.0
Aug,Daily Gadgets,2011-08,4.129375,169.0,2011.0
Sep,Daily Gadgets,2011-09,4.131578947368421,191.0,2011.0
Oct,Daily Gadgets,2011-10,4.338,161.0,2011.0
Nov,Daily Gadgets,2011-11,4.2015,113.0,2011.0
Dec,Daily Gadgets,2011-12,4.032380952380953,158.0,2011.0
Jan,Daily Gadgets,2012-01,4.125238095238095,220.0,2012.0
Feb,Daily Gadgets,2012-02,4.211153846153846,150.0,2012.0
Mar,Daily Gadgets,2012-03,3.7257894736842108,90.0,2012.0
Apr,Daily Gadgets,2012-04,4.38,66.0,2012.0
May,Daily Gadgets,2012-05,4.35875,66.0,2012.0
Jun,Daily Gadgets,2012-06,4.149444444444445,71.0,2012.0
Jul,Daily Gadgets,2012-07,4.242777777777778,57.0,2012.0
Aug,Daily Gadgets,2012-08,4.091111111111111,73.0,2012.0
Sep,Daily Gadgets,2012-09,3.8729999999999998,115.0,2012.0
Oct,Daily Gadgets,2012-10,4.05,114.0,2012.0
Nov,Daily Gadgets,2012-11,4.081052631578948,126.0,2012.0
Dec,Daily Gadgets,2012-12,4.186428571428571,283.0,2012.0
Jan,Daily Gadgets,2013-01,4.211333333333333,255.0,2013.0
Feb,Daily Gadgets,2013-02,4.29,175.0,2013.0
Mar,Daily Gadgets,2013-03,4.317619047619048,171.0,2013.0
Apr,Daily Gadgets,2013-04,4.1468421052631586,164.0,2013.0
May,Daily Gadgets,2013-05,4.347222222222222,138.0,2013.0
Jun,Daily Gadgets,2013-06,4.019705882352941,114.0,2013.0
Jul,Daily Gadgets,2013-07,4.251666666666667,126.0,2013.0
Aug,Daily Gadgets,2013-08,3.906216216216216,139.0,2013.0
Sep,Daily Gadgets,2013-09,4.124736842105263,132.0,2013.0
Oct,Daily Gadgets,2013-10,4.054864864864865,116.0,2013.0
Nov,Daily Gadgets,2013-11,4.123225806451613,124.0,2013.0
Dec,Daily Gadgets,2013-12,3.761,160.0,2013.0
Jan,Daily Gadgets,2014-01,4.193928571428572,213.0,2014.0
Feb,Daily Gadgets,2014-02,4.19391304347826,158.0,2014.0
Mar,Daily Gadgets,2014-03,3.9,145.0,2014.0
Apr,Daily Gadgets,2014-04,4.475882352941177,120.0,2014.0
May,Daily Gadgets,2014-05,4.258157894736843,105.0,2014.0
Jun,Daily Gadgets,2014-06,4.227209302325582,101.0,2014.0
Jul,Daily Gadgets,2014-07,4.160384615384616,184.0,2014.0
Aug,Daily Gadgets,2014-08,3.8952631578947368,181.0,2014.0
Sep,Daily Gadgets,2014-09,4.16864406779661,210.0,2014.0
Oct,Daily Gadgets,2014-10,4.0472,171.0,2014.0
Nov,Daily Gadgets,2014-11,4.294,160.0,2014.0
Dec,Daily Gadgets,2014-12,4.017169811320755,212.0,2014.0
Jan,Daily Gadgets,2015-01,4.322054794520548,280.0,2015.0
Feb,Daily Gadgets,2015-02,4.401884057971015,251.0,2015.0
Mar,Daily Gadgets,2015-03,4.376065573770492,203.0,2015.0
Apr,Daily Gadgets,2015-04,4.048412698412698,166.0,2015.0
May,Daily Gadgets,2015-05,4.256166666666667,162.0,2015.0
Jun,Daily Gadgets,2015-06,4.091666666666667,153.0,2015.0
Jul,Daily Gadgets,2015-07,4.1322448979591835,163.0,2015.0
Aug,Daily Gadgets,2015-08,4.081492537313433,183.0,2015.0
Sep,Daily Gadgets,2015-09,3.9662295081967214,166.0,2015.0
Oct,Daily Gadgets,2015-10,4.091971830985915,170.0,2015.0
Nov,Daily Gadgets,2015-11,4.407671232876712,153.0,2015.0
Dec,Daily Gadgets,2015-12,4.22171875,173.0,2015.0
Jan,Daily Gadgets,2016-01,3.952261904761905,245.0,2016.0
Feb,Daily Gadgets,2016-02,4.174358974358975,208.0,2016.0
Mar,Daily Gadgets,2016-03,3.960444444444444,257.0,2016.0
Apr,Daily Gadgets,2016-04,4.237721518987342,181.0,2016.0
May,Daily Gadgets,2016-05,4.150253164556962,185.0,2016.0
Jun,Daily Gadgets,2016-06,4.187402597402597,171.0,2016.0
Jul,Daily Gadgets,2016-07,4.27275,201.0,2016.0
Aug,Daily Gadgets,2016-08,4.175111111111111,211.0,2016.0
Sep,Daily Gadgets,2016-09,4.203647058823529,211.0,2016.0
Oct,Daily Gadgets,2016-10,4.330574712643678,184.0,2016.0
Nov,Daily Gadgets,2016-11,4.04360824742268,196.0,2016.0
Dec,Daily Gadgets,2016-12,4.143297872340426,252.0,2016.0
Jan,Daily Gadgets,2017-01,4.103362831858407,352.0,2017.0
Feb,Daily Gadgets,2017-02,4.24156862745098,271.0,2017.0
Mar,Daily Gadgets,2017-03,4.2975,287.0,2017.0
Apr,Daily Gadgets,2017-04,4.361304347826087,200.0,2017.0
May,Daily Gadgets,2017-05,4.146057692307692,210.0,2017.0
Jun,Daily Gadgets,2017-06,4.269887640449438,230.0,2017.0
Jul,Daily Gadgets,2017-07,4.081530612244898,219.0,2017.0
Aug,Daily Gadgets,2017-08,4.324672897196262,226.0,2017.0
Sep,Daily Gadgets,2017-09,4.332,224.0,2017.0
Oct,Daily Gadgets,2017-10,4.029565217391304,214.0,2017.0
Nov,Daily Gadgets,2017-11,4.299818181818182,207.0,2017.0
Dec,Daily Gadgets,2017-12,3.995454545454545,300.0,2017.0
Jan,Daily Gadgets,2018-01,4.037446808510638,350.0,2018.0
Feb,Daily Gadgets,2018-02,3.9736363636363636,269.0,2018.0
Mar,Daily Gadgets,2018-03,4.118819444444444,314.0,2018.0
Apr,Daily Gadgets,2018-04,4.124925373134328,296.0,2018.0
May,Daily Gadgets,2018-05,4.137518248175183,262.0,2018.0
Jun,Daily Gadgets,2018-06,4.0803053435114505,261.0,2018.0
Jul,Daily Gadgets,2018-07,3.9373076923076926,262.0,2018.0
Aug,Daily Gadgets,2018-08,4.019349593495935,247.0,2018.0
Sep,Daily Gadgets,2018-09,4.295206611570248,223.0,2018.0
Oct,Daily Gadgets,2018-10,4.195967741935483,248.0,2018.0
Nov,Daily Gadgets,2018-11,4.169076923076923,246.0,2018.0
Dec,Daily Gadgets,2018-12,4.178395061728395,344.0,2018.0
Jan,Daily Gadgets,2019-01,4.219298245614035,449.0,2019.0
Feb,Daily Gadgets,2019-02,4.122485549132948,401.0,2019.0
Mar,Daily Gadgets,2019-03,4.214941176470588,401.0,2019.0
Apr,Daily Gadgets,2019-04,4.20080459770115,354.0,2019.0
May,Daily Gadgets,2019-05,4.181264367816092,356.0,2019.0
Jun,Daily Gadgets,2019-06,4.004216216216216,454.0,2019.0
Jul,Daily Gadgets,2019-07,4.333287671232877,580.0,2019.0
Aug,Daily Gadgets,2019-08,4.190638297872341,503.0,2019.0
Sep,Daily Gadgets,2019-09,4.214835164835165,414.0,2019.0
Oct,Daily Gadgets,2019-10,4.091220930232558,389.0,2019.0
Nov,Daily Gadgets,2019-11,4.043383838383838,409.0,2019.0
Dec,Daily Gadgets,2019-12,4.1753790613718405,755.0,2019.0
Jan,Daily Gadgets,2020-01,4.2553264604811,907.0,2020.0
Feb,Daily Gadgets,2020-02,4.195236220472441,702.0,2020.0
Mar,Daily Gadgets,2020-03,4.174581497797357,577.0,2020.0
Apr,Daily Gadgets,2020-04,3.8120098039215686,581.0,2020.0
May,Daily Gadgets,2020-05,3.97802371541502,823.0,2020.0
Jun,Daily Gadgets,2020-06,3.82124513618677,746.0,2020.0
Jul,Daily Gadgets,2020-07,4.064301075268817,784.0,2020.0
Aug,Daily Gadgets,2020-08,4.1529729729729725,810.0,2020.0
Sep,Daily Gadgets,2020-09,4.127717391304348,769.0,2020.0
Oct,Daily Gadgets,2020-10,4.070425531914894,773.0,2020.0
Nov,Daily Gadgets,2020-11,4.027906976744187,645.0,2020.0
Dec,Daily Gadgets,2020-12,3.9764882943143816,854.0,2020.0
Jan,Daily Gadgets,2021-01,4.1211,1165.0,2021.0
Feb,Daily Gadgets,2021-02,3.9422689075630255,1013.0,2021.0
Mar,Daily Gadgets,2021-03,3.9253865979381444,1195.0,2021.0
Apr,Daily Gadgets,2021-04,3.919166666666667,1077.0,2021.0
May,Daily Gadgets,2021-05,3.901,924.0,2021.0
Jun,Daily Gadgets,2021-06,4.05099358974359,770.0,2021.0
Jul,Daily Gadgets,2021-07,3.9128613569321535,797.0,2021.0
Aug,Daily Gadgets,2021-08,3.881186440677966,679.0,2021.0
Sep,Daily Gadgets,2021-09,3.811060070671378,544.0,2021.0
Oct,Daily Gadgets,2021-10,3.8475899280575545,546.0,2021.0
Nov,Daily Gadgets,2021-11,3.8748015873015875,500.0,2021.0
Dec,Daily Gadgets,2021-12,3.7983125,697.0,2021.0
Jan,Daily Gadgets,2022-01,3.9570270270270274,906.0,2022.0
Feb,Daily Gadgets,2022-02,3.8973666666666666,666.0,2022.0
Mar,Daily Gadgets,2022-03,3.9251351351351347,689.0,2022.0
Apr,Daily Gadgets,2022-04,3.86397212543554,593.0,2022.0
May,Daily Gadgets,2022-05,3.753993055555556,545.0,2022.0
Jun,Daily Gadgets,2022-06,3.9767999999999994,532.0,2022.0
Jul,Daily Gadgets,2022-07,3.9475084175084176,600.0,2022.0
Aug,Daily Gadgets,2022-08,3.910864197530864,705.0,2022.0
Sep,Daily Gadgets,2022-09,3.9291746031746033,640.0,2022.0
Oct,Daily Gadgets,2022-10,3.9305044510385754,701.0,2022.0
Nov,Daily Gadgets,2022-11,3.9829537366548045,713.0,2022.0
Dec,Daily Gadgets,2022-12,4.097456140350877,916.0,2022.0
Jan,Daily Gadgets,2023-01,4.063937007874015,975.0,2023.0
Feb,Daily Gadgets,2023-02,4.002142857142857,705.0,2023.0
Mar,Daily Gadgets,2023-03,3.990685714285714,860.0,2023.0
Apr,Daily Gadgets,2023-04,3.9506415094339626,542.0,2023.0
May,Daily Gadgets,2023-05,3.96247311827957,310.0,2023.0
Jun,Daily Gadgets,2023-06,4.09087591240876,205.0,2023.0
Jul,Daily Gadgets,2023-07,4.226194690265487,173.0,2023.0
Aug,Daily Gadgets,2023-08,3.923809523809524,115.0,2023.0
Sep,Daily Gadgets,2023-09,3.75,9.0,2023.0
Jan,Media,,0.0,0.0,1998.0
Feb,Media,,0.0,0.0,1998.0
Mar,Media,,0.0,0.0,1998.0
Apr,Media,,0.0,0.0,1998.0
May,Media,,0.0,0.0,1998.0
Jun,Media,,0.0,0.0,1998.0
Jul,Media,,0.0,0.0,1998.0
Aug,Media,,0.0,0.0,1998.0
Sep,Media,,0.0,0.0,1998.0
Oct,Media,,0.0,0.0,1998.0
Nov,Media,1998-11,5.0,1.0,1998.0
Dec,Media,1998-12,4.25,5.0,1998.0
Jan,Media,1999-01,5.0,1.0,1999.0
Feb,Media,,0.0,0.0,1999.0
Mar,Media,1999-03,5.0,1.0,1999.0
Apr,Media,,0.0,0.0,1999.0
May,Media,,0.0,0.0,1999.0
Jun,Media,,0.0,0.0,1999.0
Jul,Media,,0.0,0.0,1999.0
Aug,Media,1999-08,4.5,2.0,1999.0
Sep,Media,1999-09,5.0,2.0,1999.0
Oct,Media,1999-10,5.0,1.0,1999.0
Nov,Media,1999-11,5.0,1.0,1999.0
Dec,Media,1999-12,4.6,5.0,1999.0
Jan,Media,2000-01,4.75,6.0,2000.0
Feb,Media,,0.0,0.0,2000.0
Mar,Media,2000-03,5.0,2.0,2000.0
Apr,Media,2000-04,4.75,3.0,2000.0
May,Media,2000-05,5.0,1.0,2000.0
Jun,Media,,0.0,0.0,2000.0
Jul,Media,2000-07,4.666666666666667,3.0,2000.0
Aug,Media,2000-08,4.5,2.0,2000.0
Sep,Media,2000-09,5.0,1.0,2000.0
Oct,Media,2000-10,5.0,2.0,2000.0
Nov,Media,2000-11,5.0,2.0,2000.0
Dec,Media,2000-12,5.0,1.0,2000.0
Jan,Media,2001-01,2.0,2.0,2001.0
Feb,Media,2001-02,5.0,2.0,2001.0
Mar,Media,2001-03,5.0,1.0,2001.0
Apr,Media,2001-04,5.0,3.0,2001.0
May,Media,2001-05,5.0,1.0,2001.0
Jun,Media,,0.0,0.0,2001.0
Jul,Media,2001-07,4.583333333333333,6.0,2001.0
Aug,Media,2001-08,4.415,17.0,2001.0
Sep,Media,2001-09,4.75,5.0,2001.0
Oct,Media,2001-10,5.0,4.0,2001.0
Nov,Media,2001-11,5.0,3.0,2001.0
Dec,Media,2001-12,5.0,2.0,2001.0
Jan,Media,2002-01,4.5,7.0,2002.0
Feb,Media,2002-02,4.0,3.0,2002.0
Mar,Media,2002-03,5.0,1.0,2002.0
Apr,Media,2002-04,3.0,1.0,2002.0
May,Media,,0.0,0.0,2002.0
Jun,Media,2002-06,4.333333333333333,3.0,2002.0
Jul,Media,2002-07,4.0,1.0,2002.0
Aug,Media,,0.0,0.0,2002.0
Sep,Media,2002-09,5.0,2.0,2002.0
Oct,Media,2002-10,4.666666666666667,3.0,2002.0
Nov,Media,2002-11,4.333333333333333,3.0,2002.0
Dec,Media,2002-12,4.25,4.0,2002.0
Jan,Media,2003-01,5.0,2.0,2003.0
Feb,Media,2003-02,4.0,2.0,2003.0
Mar,Media,2003-03,5.0,1.0,2003.0
Apr,Media,2003-04,4.666666666666667,3.0,2003.0
May,Media,2003-05,4.0,2.0,2003.0
Jun,Media,2003-06,4.833333333333333,6.0,2003.0
Jul,Media,2003-07,4.666666666666667,3.0,2003.0
Aug,Media,,0.0,0.0,2003.0
Sep,Media,2003-09,4.5,4.0,2003.0
Oct,Media,2003-10,3.0,2.0,2003.0
Nov,Media,2003-11,5.0,2.0,2003.0
Dec,Media,2003-12,4.25,4.0,2003.0
Jan,Media,2004-01,5.0,2.0,2004.0
Feb,Media,2004-02,4.0,2.0,2004.0
Mar,Media,2004-03,4.0,1.0,2004.0
Apr,Media,,0.0,0.0,2004.0
May,Media,2004-05,3.0,2.0,2004.0
Jun,Media,2004-06,5.0,1.0,2004.0
Jul,Media,2004-07,3.0,1.0,2004.0
Aug,Media,2004-08,3.0,1.0,2004.0
Sep,Media,2004-09,5.0,1.0,2004.0
Oct,Media,2004-10,3.25,4.0,2004.0
Nov,Media,,0.0,0.0,2004.0
Dec,Media,2004-12,4.75,4.0,2004.0
Jan,Media,2005-01,4.0,3.0,2005.0
Feb,Media,2005-02,5.0,1.0,2005.0
Mar,Media,2005-03,5.0,3.0,2005.0
Apr,Media,2005-04,4.333333333333333,4.0,2005.0
May,Media,2005-05,4.9,6.0,2005.0
Jun,Media,2005-06,4.8325,6.0,2005.0
Jul,Media,2005-07,4.5,5.0,2005.0
Aug,Media,2005-08,3.6666666666666665,6.0,2005.0
Sep,Media,2005-09,4.75,7.0,2005.0
Oct,Media,2005-10,4.333333333333333,4.0,2005.0
Nov,Media,2005-11,4.666666666666667,7.0,2005.0
Dec,Media,2005-12,5.0,2.0,2005.0
Jan,Media,2006-01,3.75,4.0,2006.0
Feb,Media,2006-02,4.625,8.0,2006.0
Mar,Media,2006-03,4.75,7.0,2006.0
Apr,Media,2006-04,3.6,18.0,2006.0
May,Media,2006-05,4.5,5.0,2006.0
Jun,Media,2006-06,4.4,5.0,2006.0
Jul,Media,2006-07,3.5,2.0,2006.0
Aug,Media,2006-08,4.142857142857143,8.0,2006.0
Sep,Media,2006-09,4.5,2.0,2006.0
Oct,Media,2006-10,4.0,2.0,2006.0
Nov,Media,2006-11,4.333333333333333,3.0,2006.0
Dec,Media,2006-12,4.8,9.0,2006.0
Jan,Media,2007-01,4.481111111111111,12.0,2007.0
Feb,Media,2007-02,4.6,5.0,2007.0
Mar,Media,2007-03,4.333333333333333,7.0,2007.0
Apr,Media,2007-04,4.223333333333334,6.0,2007.0
May,Media,2007-05,4.166666666666667,10.0,2007.0
Jun,Media,2007-06,4.45,18.0,2007.0
Jul,Media,2007-07,4.625,5.0,2007.0
Aug,Media,2007-08,5.0,6.0,2007.0
Sep,Media,2007-09,3.0,6.0,2007.0
Oct,Media,2007-10,3.9166666666666665,8.0,2007.0
Nov,Media,2007-11,4.0,3.0,2007.0
Dec,Media,2007-12,5.0,6.0,2007.0
Jan,Media,2008-01,4.777777777777778,12.0,2008.0
Feb,Media,2008-02,4.5,10.0,2008.0
Mar,Media,2008-03,4.4,6.0,2008.0
Apr,Media,2008-04,3.6,6.0,2008.0
May,Media,2008-05,4.0,3.0,2008.0
Jun,Media,2008-06,3.5,2.0,2008.0
Jul,Media,2008-07,3.2783333333333338,8.0,2008.0
Aug,Media,2008-08,4.2,5.0,2008.0
Sep,Media,2008-09,4.0,3.0,2008.0
Oct,Media,2008-10,4.166666666666667,7.0,2008.0
Nov,Media,2008-11,3.5,6.0,2008.0
Dec,Media,2008-12,4.285714285714286,8.0,2008.0
Jan,Media,2009-01,4.777777777777778,12.0,2009.0
Feb,Media,2009-02,4.5,7.0,2009.0
Mar,Media,2009-03,4.1,6.0,2009.0
Apr,Media,2009-04,3.6666666666666665,3.0,2009.0
May,Media,2009-05,4.471666666666667,11.0,2009.0
Jun,Media,2009-06,4.3,6.0,2009.0
Jul,Media,2009-07,3.0242857142857145,10.0,2009.0
Aug,Media,2009-08,4.434,8.0,2009.0
Sep,Media,2009-09,4.642857142857143,8.0,2009.0
Oct,Media,2009-10,3.75,6.0,2009.0
Nov,Media,2009-11,4.0,4.0,2009.0
Dec,Media,2009-12,4.514285714285714,11.0,2009.0
Jan,Media,2010-01,4.0,8.0,2010.0
Feb,Media,2010-02,4.75,4.0,2010.0
Mar,Media,2010-03,4.83375,10.0,2010.0
Apr,Media,2010-04,4.5,10.0,2010.0
May,Media,2010-05,2.9425,21.0,2010.0
Jun,Media,2010-06,4.177777777777778,22.0,2010.0
Jul,Media,2010-07,3.9114285714285715,15.0,2010.0
Aug,Media,2010-08,4.118181818181818,19.0,2010.0
Sep,Media,2010-09,4.142857142857143,7.0,2010.0
Oct,Media,2010-10,4.4,5.0,2010.0
Nov,Media,2010-11,3.6666666666666665,7.0,2010.0
Dec,Media,2010-12,4.357142857142857,9.0,2010.0
Jan,Media,2011-01,3.2857142857142856,10.0,2011.0
Feb,Media,2011-02,4.167,12.0,2011.0
Mar,Media,2011-03,4.0,14.0,2011.0
Apr,Media,2011-04,4.571428571428571,7.0,2011.0
May,Media,2011-05,4.2588888888888885,17.0,2011.0
Jun,Media,2011-06,4.571428571428571,8.0,2011.0
Jul,Media,2011-07,4.0,9.0,2011.0
Aug,Media,2011-08,3.9166666666666665,8.0,2011.0
Sep,Media,2011-09,4.534000000000001,11.0,2011.0
Oct,Media,2011-10,4.0,12.0,2011.0
Nov,Media,2011-11,3.7142857142857144,8.0,2011.0
Dec,Media,2011-12,4.666666666666667,12.0,2011.0
Jan,Media,2012-01,4.673076923076923,32.0,2012.0
Feb,Media,2012-02,4.430000000000001,28.0,2012.0
Mar,Media,2012-03,4.456153846153846,59.0,2012.0
Apr,Media,2012-04,4.458333333333333,38.0,2012.0
May,Media,2012-05,4.202,35.0,2012.0
Jun,Media,2012-06,4.698181818181818,26.0,2012.0
Jul,Media,2012-07,4.42,39.0,2012.0
Aug,Media,2012-08,4.166818181818182,31.0,2012.0
Sep,Media,2012-09,4.695217391304348,62.0,2012.0
Oct,Media,2012-10,4.592727272727273,85.0,2012.0
Nov,Media,2012-11,4.3785185185185185,125.0,2012.0
Dec,Media,2012-12,4.425789473684211,248.0,2012.0
Jan,Media,2013-01,4.377692307692308,222.0,2013.0
Feb,Media,2013-02,4.719310344827587,292.0,2013.0
Mar,Media,2013-03,4.296216216216217,466.0,2013.0
Apr,Media,2013-04,4.354166666666667,207.0,2013.0
May,Media,2013-05,4.362903225806452,179.0,2013.0
Jun,Media,2013-06,4.39972972972973,165.0,2013.0
Jul,Media,2013-07,4.525172413793103,181.0,2013.0
Aug,Media,2013-08,4.419444444444444,186.0,2013.0
Sep,Media,2013-09,4.444,169.0,2013.0
Oct,Media,2013-10,4.216486486486486,300.0,2013.0
Nov,Media,2013-11,4.463421052631579,205.0,2013.0
Dec,Media,2013-12,4.411636363636363,246.0,2013.0
Jan,Media,2014-01,4.458627450980392,350.0,2014.0
Feb,Media,2014-02,4.600408163265306,217.0,2014.0
Mar,Media,2014-03,4.272857142857143,320.0,2014.0
Apr,Media,2014-04,4.558367346938776,239.0,2014.0
May,Media,2014-05,4.327111111111111,228.0,2014.0
Jun,Media,2014-06,4.389230769230769,200.0,2014.0
Jul,Media,2014-07,4.3978125,260.0,2014.0
Aug,Media,2014-08,4.516911764705882,261.0,2014.0
Sep,Media,2014-09,4.306851851851852,196.0,2014.0
Oct,Media,2014-10,4.52622641509434,278.0,2014.0
Nov,Media,2014-11,4.596111111111111,248.0,2014.0
Dec,Media,2014-12,4.485087719298246,395.0,2014.0
Jan,Media,2015-01,4.408615384615385,636.0,2015.0
Feb,Media,2015-02,4.513559322033898,914.0,2015.0
Mar,Media,2015-03,4.392608695652173,1343.0,2015.0
Apr,Media,2015-04,4.4152,767.0,2015.0
May,Media,2015-05,4.475918367346939,484.0,2015.0
Jun,Media,2015-06,4.5737499999999995,374.0,2015.0
Jul,Media,2015-07,4.400714285714286,318.0,2015.0
Aug,Media,2015-08,4.608333333333333,291.0,2015.0
Sep,Media,2015-09,4.500169491525424,298.0,2015.0
Oct,Media,2015-10,4.390392156862745,368.0,2015.0
Nov,Media,2015-11,4.451428571428572,264.0,2015.0
Dec,Media,2015-12,4.372121212121212,126.0,2015.0
Jan,Media,2016-01,4.54,198.0,2016.0
Feb,Media,2016-02,4.639565217391304,176.0,2016.0
Mar,Media,2016-03,4.385076923076923,188.0,2016.0
Apr,Media,2016-04,4.4282352941176475,169.0,2016.0
May,Media,2016-05,4.339298245614035,173.0,2016.0
Jun,Media,2016-06,4.667358490566038,117.0,2016.0
Jul,Media,2016-07,4.489111111111111,103.0,2016.0
Aug,Media,2016-08,4.432830188679246,155.0,2016.0
Sep,Media,2016-09,4.366666666666666,160.0,2016.0
Oct,Media,2016-10,4.439791666666667,199.0,2016.0
Nov,Media,2016-11,4.554390243902438,170.0,2016.0
Dec,Media,2016-12,4.4373015873015875,298.0,2016.0
Jan,Media,2017-01,4.313518518518519,327.0,2017.0
Feb,Media,2017-02,4.306388888888889,183.0,2017.0
Mar,Media,2017-03,4.366666666666667,192.0,2017.0
Apr,Media,2017-04,4.656590909090909,163.0,2017.0
May,Media,2017-05,4.406341463414634,150.0,2017.0
Jun,Media,2017-06,4.510243902439024,163.0,2017.0
Jul,Media,2017-07,4.290576923076923,189.0,2017.0
Aug,Media,2017-08,4.433921568627451,221.0,2017.0
Sep,Media,2017-09,4.548039215686274,214.0,2017.0
Oct,Media,2017-10,4.379814814814814,220.0,2017.0
Nov,Media,2017-11,4.184047619047619,185.0,2017.0
Dec,Media,2017-12,4.369090909090909,283.0,2017.0
Jan,Media,2018-01,4.378793103448276,355.0,2018.0
Feb,Media,2018-02,4.784126984126984,239.0,2018.0
Mar,Media,2018-03,4.286666666666667,245.0,2018.0
Apr,Media,2018-04,4.57842105263158,201.0,2018.0
May,Media,2018-05,4.62811320754717,175.0,2018.0
Jun,Media,2018-06,4.56135593220339,165.0,2018.0
Jul,Media,2018-07,4.498103448275862,165.0,2018.0
Aug,Media,2018-08,4.671777777777778,171.0,2018.0
Sep,Media,2018-09,4.627450980392157,101.0,2018.0
Oct,Media,2018-10,4.58655737704918,127.0,2018.0
Nov,Media,2018-11,4.397115384615384,119.0,2018.0
Dec,Media,2018-12,4.583030303030303,150.0,2018.0
Jan,Media,2019-01,4.563088235294118,165.0,2019.0
Feb,Media,2019-02,4.45875,115.0,2019.0
Mar,Media,2019-03,4.3839999999999995,124.0,2019.0
Apr,Media,2019-04,4.766,143.0,2019.0
May,Media,2019-05,4.442666666666667,123.0,2019.0
Jun,Media,2019-06,4.673015873015872,132.0,2019.0
Jul,Media,2019-07,4.466619718309859,160.0,2019.0
Aug,Media,2019-08,4.590727272727273,121.0,2019.0
Sep,Media,2019-09,4.594444444444444,78.0,2019.0
Oct,Media,2019-10,4.600576923076923,87.0,2019.0
Nov,Media,2019-11,4.633859649122807,98.0,2019.0
Dec,Media,2019-12,4.372950819672131,122.0,2019.0
Jan,Media,2020-01,4.61014705882353,132.0,2020.0
Feb,Media,2020-02,4.5,83.0,2020.0
Mar,Media,2020-03,4.369285714285715,82.0,2020.0
Apr,Media,2020-04,4.308648648648648,93.0,2020.0
May,Media,2020-05,4.434905660377359,132.0,2020.0
Jun,Media,2020-06,4.506808510638297,91.0,2020.0
Jul,Media,2020-07,4.170731707317073,75.0,2020.0
Aug,Media,2020-08,4.347631578947369,59.0,2020.0
Sep,Media,2020-09,4.375,52.0,2020.0
Oct,Media,2020-10,4.457297297297297,65.0,2020.0
Nov,Media,2020-11,4.5929166666666665,81.0,2020.0
Dec,Media,2020-12,4.197560975609756,64.0,2020.0
Jan,Media,2021-01,4.640425531914894,89.0,2021.0
Feb,Media,2021-02,4.05725,63.0,2021.0
Mar,Media,2021-03,4.28945945945946,71.0,2021.0
Apr,Media,2021-04,4.222727272727273,66.0,2021.0
May,Media,2021-05,4.124255319148936,59.0,2021.0
Jun,Media,2021-06,4.319444444444445,51.0,2021.0
Jul,Media,2021-07,4.413823529411765,56.0,2021.0
Aug,Media,2021-08,4.554054054054054,48.0,2021.0
Sep,Media,2021-09,4.276285714285714,48.0,2021.0
Oct,Media,2021-10,4.303333333333334,58.0,2021.0
Nov,Media,2021-11,4.220588235294118,42.0,2021.0
Dec,Media,2021-12,4.319444444444445,49.0,2021.0
Jan,Media,2022-01,4.367073170731707,73.0,2022.0
Feb,Media,2022-02,4.501666666666667,60.0,2022.0
Mar,Media,2022-03,4.347222222222222,43.0,2022.0
Apr,Media,2022-04,4.432222222222222,38.0,2022.0
May,Media,2022-05,4.373928571428571,40.0,2022.0
Jun,Media,2022-06,4.58,34.0,2022.0
Jul,Media,2022-07,4.355217391304348,34.0,2022.0
Aug,Media,2022-08,4.5415625,40.0,2022.0
Sep,Media,2022-09,4.563823529411764,44.0,2022.0
Oct,Media,2022-10,4.86,33.0,2022.0
Nov,Media,2022-11,4.725,32.0,2022.0
Dec,Media,2022-12,4.434642857142857,36.0,2022.0
Jan,Media,2023-01,4.735294117647059,43.0,2023.0
Feb,Media,2023-02,4.689655172413793,42.0,2023.0
Mar,Media,2023-03,4.2396875,38.0,2023.0
Apr,Media,2023-04,4.25,21.0,2023.0
May,Media,2023-05,4.3,10.0,2023.0
Jun,Media,2023-06,4.416666666666667,14.0,2023.0
Jul,Media,2023-07,4.888888888888889,10.0,2023.0
Aug,Media,2023-08,4.833333333333333,7.0,2023.0
Sep,Media,,0.0,0.0,2023.0
Jan,Others,,0.0,0.0,1998.0
Feb,Others,,0.0,0.0,1998.0
Mar,Others,,0.0,0.0,1998.0
Apr,Others,,0.0,0.0,1998.0
May,Others,,0.0,0.0,1998.0
Jun,Others,,0.0,0.0,1998.0
Jul,Others,,0.0,0.0,1998.0
Aug,Others,,0.0,0.0,1998.0
Sep,Others,,0.0,0.0,1998.0
Oct,Others,,0.0,0.0,1998.0
Nov,Others,,0.0,0.0,1998.0
Dec,Others,,0.0,0.0,1998.0
Jan,Others,,0.0,0.0,1999.0
Feb,Others,,0.0,0.0,1999.0
Mar,Others,,0.0,0.0,1999.0
Apr,Others,,0.0,0.0,1999.0
May,Others,,0.0,0.0,1999.0
Jun,Others,,0.0,0.0,1999.0
Jul,Others,,0.0,0.0,1999.0
Aug,Others,,0.0,0.0,1999.0
Sep,Others,1999-09,4.0,1.0,1999.0
Oct,Others,,0.0,0.0,1999.0
Nov,Others,1999-11,4.75,5.0,1999.0
Dec,Others,1999-12,3.7616666666666667,13.0,1999.0
Jan,Others,2000-01,4.215,12.0,2000.0
Feb,Others,2000-02,3.875,9.0,2000.0
Mar,Others,2000-03,3.8,7.0,2000.0
Apr,Others,2000-04,3.9375,7.0,2000.0
May,Others,2000-05,4.4,5.0,2000.0
Jun,Others,2000-06,4.125,9.0,2000.0
Jul,Others,2000-07,4.333333333333333,6.0,2000.0
Aug,Others,2000-08,3.6,12.0,2000.0
Sep,Others,2000-09,4.4,5.0,2000.0
Oct,Others,2000-10,3.666923076923077,19.0,2000.0
Nov,Others,2000-11,4.387142857142857,32.0,2000.0
Dec,Others,2000-12,3.9225,26.0,2000.0
Jan,Others,2001-01,3.5505555555555555,30.0,2001.0
Feb,Others,2001-02,4.2,21.0,2001.0
Mar,Others,2001-03,3.533,12.0,2001.0
Apr,Others,2001-04,3.8682352941176474,35.0,2001.0
May,Others,2001-05,4.225714285714285,27.0,2001.0
Jun,Others,2001-06,3.8333333333333335,26.0,2001.0
Jul,Others,2001-07,3.3284999999999996,27.0,2001.0
Aug,Others,2001-08,3.607142857142857,15.0,2001.0
Sep,Others,2001-09,3.8,12.0,2001.0
Oct,Others,2001-10,4.055555555555555,21.0,2001.0
Nov,Others,2001-11,4.284000000000001,38.0,2001.0
Dec,Others,2001-12,3.538,44.0,2001.0
Jan,Others,2002-01,3.073125,27.0,2002.0
Feb,Others,2002-02,3.0416666666666665,15.0,2002.0
Mar,Others,2002-03,3.760625,21.0,2002.0
Apr,Others,2002-04,4.625,14.0,2002.0
May,Others,2002-05,4.090909090909091,12.0,2002.0
Jun,Others,2002-06,3.8252380952380953,24.0,2002.0
Jul,Others,2002-07,4.055555555555555,11.0,2002.0
Aug,Others,2002-08,3.8058333333333336,18.0,2002.0
Sep,Others,2002-09,4.029999999999999,24.0,2002.0
Oct,Others,2002-10,3.4294444444444445,24.0,2002.0
Nov,Others,2002-11,3.8280000000000003,22.0,2002.0
Dec,Others,2002-12,3.508947368421053,31.0,2002.0
Jan,Others,2003-01,4.012142857142857,19.0,2003.0
Feb,Others,2003-02,4.125,13.0,2003.0
Mar,Others,2003-03,3.6827272727272726,33.0,2003.0
Apr,Others,2003-04,3.8872222222222224,27.0,2003.0
May,Others,2003-05,4.083333333333333,16.0,2003.0
Jun,Others,2003-06,3.9,10.0,2003.0
Jul,Others,2003-07,4.232142857142857,18.0,2003.0
Aug,Others,2003-08,3.8863636363636362,16.0,2003.0
Sep,Others,2003-09,4.341538461538462,24.0,2003.0
Oct,Others,2003-10,3.7233333333333336,24.0,2003.0
Nov,Others,2003-11,3.9,25.0,2003.0
Dec,Others,2003-12,3.76,45.0,2003.0
Jan,Others,2004-01,3.2855,35.0,2004.0
Feb,Others,2004-02,3.8592307692307695,19.0,2004.0
Mar,Others,2004-03,4.340909090909091,14.0,2004.0
Apr,Others,2004-04,3.590909090909091,14.0,2004.0
May,Others,2004-05,3.826923076923077,16.0,2004.0
Jun,Others,2004-06,3.27125,13.0,2004.0
Jul,Others,2004-07,3.5,10.0,2004.0
Aug,Others,2004-08,3.6470588235294117,23.0,2004.0
Sep,Others,2004-09,3.8,11.0,2004.0
Oct,Others,2004-10,3.6063636363636364,13.0,2004.0
Nov,Others,2004-11,3.907222222222222,22.0,2004.0
Dec,Others,2004-12,3.84375,22.0,2004.0
Jan,Others,2005-01,3.761904761904762,30.0,2005.0
Feb,Others,2005-02,3.5416666666666665,16.0,2005.0
Mar,Others,2005-03,3.6,12.0,2005.0
Apr,Others,2005-04,3.9826315789473683,21.0,2005.0
May,Others,2005-05,3.0,6.0,2005.0
Jun,Others,2005-06,3.410769230769231,20.0,2005.0
Jul,Others,2005-07,2.9285714285714284,14.0,2005.0
Aug,Others,2005-08,3.7538095238095237,25.0,2005.0
Sep,Others,2005-09,4.1375,26.0,2005.0
Oct,Others,2005-10,4.245555555555556,25.0,2005.0
Nov,Others,2005-11,3.75,25.0,2005.0
Dec,Others,2005-12,3.1816666666666666,26.0,2005.0
Jan,Others,2006-01,3.380909090909091,30.0,2006.0
Feb,Others,2006-02,3.985294117647059,25.0,2006.0
Mar,Others,2006-03,4.0128571428571425,43.0,2006.0
Apr,Others,2006-04,3.0595652173913046,61.0,2006.0
May,Others,2006-05,4.1495,39.0,2006.0
Jun,Others,2006-06,3.6774999999999998,34.0,2006.0
Jul,Others,2006-07,3.8523809523809525,29.0,2006.0
Aug,Others,2006-08,3.902173913043478,33.0,2006.0
Sep,Others,2006-09,3.762105263157895,29.0,2006.0
Oct,Others,2006-10,3.65,19.0,2006.0
Nov,Others,2006-11,4.147857142857143,39.0,2006.0
Dec,Others,2006-12,3.6460714285714286,56.0,2006.0
Jan,Others,2007-01,3.969148936170213,115.0,2007.0
Feb,Others,2007-02,3.8181481481481483,48.0,2007.0
Mar,Others,2007-03,3.826774193548387,51.0,2007.0
Apr,Others,2007-04,2.861111111111111,25.0,2007.0
May,Others,2007-05,3.9419999999999997,74.0,2007.0
Jun,Others,2007-06,3.769090909090909,29.0,2007.0
Jul,Others,2007-07,3.4065714285714286,50.0,2007.0
Aug,Others,2007-08,3.645625,43.0,2007.0
Sep,Others,2007-09,4.199310344827587,58.0,2007.0
Oct,Others,2007-10,3.744782608695652,34.0,2007.0
Nov,Others,2007-11,4.253,148.0,2007.0
Dec,Others,2007-12,3.785185185185185,156.0,2007.0
Jan,Others,2008-01,3.755652173913043,225.0,2008.0
Feb,Others,2008-02,3.6381818181818186,115.0,2008.0
Mar,Others,2008-03,3.967567567567568,81.0,2008.0
Apr,Others,2008-04,4.015277777777778,86.0,2008.0
May,Others,2008-05,3.568947368421053,65.0,2008.0
Jun,Others,2008-06,3.8632142857142857,66.0,2008.0
Jul,Others,2008-07,4.053571428571429,48.0,2008.0
Aug,Others,2008-08,3.7465,41.0,2008.0
Sep,Others,2008-09,3.8672000000000004,65.0,2008.0
Oct,Others,2008-10,4.104736842105263,94.0,2008.0
Nov,Others,2008-11,4.146333333333334,162.0,2008.0
Dec,Others,2008-12,3.5459090909090913,157.0,2008.0
Jan,Others,2009-01,3.980645161290323,213.0,2009.0
Feb,Others,2009-02,3.9278846153846154,151.0,2009.0
Mar,Others,2009-03,3.6952173913043476,130.0,2009.0
Apr,Others,2009-04,3.780851063829787,96.0,2009.0
May,Others,2009-05,4.069791666666666,90.0,2009.0
Jun,Others,2009-06,3.871896551724138,299.0,2009.0
Jul,Others,2009-07,3.8456097560975606,130.0,2009.0
Aug,Others,2009-08,3.99075,90.0,2009.0
Sep,Others,2009-09,3.957391304347826,97.0,2009.0
Oct,Others,2009-10,3.922093023255814,84.0,2009.0
Nov,Others,2009-11,3.971190476190476,78.0,2009.0
Dec,Others,2009-12,3.8099999999999996,112.0,2009.0
Jan,Others,2010-01,3.907142857142857,113.0,2010.0
Feb,Others,2010-02,3.866231884057971,113.0,2010.0
Mar,Others,2010-03,3.803559322033898,90.0,2010.0
Apr,Others,2010-04,3.6610416666666663,91.0,2010.0
May,Others,2010-05,3.94027027027027,97.0,2010.0
Jun,Others,2010-06,3.7336363636363634,103.0,2010.0
Jul,Others,2010-07,3.992173913043478,82.0,2010.0
Aug,Others,2010-08,3.998367346938775,74.0,2010.0
Sep,Others,2010-09,3.862641509433962,81.0,2010.0
Oct,Others,2010-10,3.9904166666666665,73.0,2010.0
Nov,Others,2010-11,3.8461538461538463,105.0,2010.0
Dec,Others,2010-12,3.641756756756757,141.0,2010.0
Jan,Others,2011-01,4.013780487804878,155.0,2011.0
Feb,Others,2011-02,3.5219298245614037,109.0,2011.0
Mar,Others,2011-03,3.8361111111111112,103.0,2011.0
Apr,Others,2011-04,3.6754411764705885,124.0,2011.0
May,Others,2011-05,3.8901587301587304,94.0,2011.0
Jun,Others,2011-06,3.6454999999999997,106.0,2011.0
Jul,Others,2011-07,3.8505797101449275,102.0,2011.0
Aug,Others,2011-08,3.8376923076923077,96.0,2011.0
Sep,Others,2011-09,4.05135593220339,95.0,2011.0
Oct,Others,2011-10,3.9571698113207545,144.0,2011.0
Nov,Others,2011-11,3.7236923076923074,154.0,2011.0
Dec,Others,2011-12,3.7870769230769232,160.0,2011.0
Jan,Others,2012-01,4.051808510638298,168.0,2012.0
Feb,Others,2012-02,3.8136363636363635,171.0,2012.0
Mar,Others,2012-03,3.7983333333333333,178.0,2012.0
Apr,Others,2012-04,3.706753246753247,127.0,2012.0
May,Others,2012-05,3.72578125,102.0,2012.0
Jun,Others,2012-06,3.9244736842105263,123.0,2012.0
Jul,Others,2012-07,3.9098591549295776,112.0,2012.0
Aug,Others,2012-08,3.9609782608695654,129.0,2012.0
Sep,Others,2012-09,3.8034177215189877,118.0,2012.0
Oct,Others,2012-10,3.6982758620689653,121.0,2012.0
Nov,Others,2012-11,3.886810344827586,222.0,2012.0
Dec,Others,2012-12,4.019823529411765,416.0,2012.0
Jan,Others,2013-01,3.957598253275109,532.0,2013.0
Feb,Others,2013-02,4.106709677419355,372.0,2013.0
Mar,Others,2013-03,3.9530405405405404,361.0,2013.0
Apr,Others,2013-04,3.992147239263804,311.0,2013.0
May,Others,2013-05,3.8589208633093524,283.0,2013.0
Jun,Others,2013-06,4.0305369127516775,258.0,2013.0
Jul,Others,2013-07,3.9951333333333334,314.0,2013.0
Aug,Others,2013-08,3.950625,329.0,2013.0
Sep,Others,2013-09,3.8742500000000004,230.0,2013.0
Oct,Others,2013-10,4.072155172413793,254.0,2013.0
Nov,Others,2013-11,3.743448275862069,808.0,2013.0
Dec,Others,2013-12,3.852839506172839,603.0,2013.0
Jan,Others,2014-01,4.118282828282828,617.0,2014.0
Feb,Others,2014-02,3.9773142857142854,435.0,2014.0
Mar,Others,2014-03,4.0231111111111115,414.0,2014.0
Apr,Others,2014-04,3.9875524475524475,327.0,2014.0
May,Others,2014-05,3.9700657894736846,358.0,2014.0
Jun,Others,2014-06,4.166376811594203,329.0,2014.0
Jul,Others,2014-07,4.030869565217391,593.0,2014.0
Aug,Others,2014-08,4.146504854368932,615.0,2014.0
Sep,Others,2014-09,4.110989583333333,600.0,2014.0
Oct,Others,2014-10,4.2216939890710385,568.0,2014.0
Nov,Others,2014-11,4.191511627906977,488.0,2014.0
Dec,Others,2014-12,3.8718376068376066,757.0,2014.0
Jan,Others,2015-01,4.118535714285715,882.0,2015.0
Feb,Others,2015-02,3.970617760617761,831.0,2015.0
Mar,Others,2015-03,4.104462151394422,706.0,2015.0
Apr,Others,2015-04,4.073412322274882,523.0,2015.0
May,Others,2015-05,4.026039603960396,522.0,2015.0
Jun,Others,2015-06,4.248072916666667,609.0,2015.0
Jul,Others,2015-07,3.9127555555555555,638.0,2015.0
Aug,Others,2015-08,4.025656108597285,589.0,2015.0
Sep,Others,2015-09,4.149234449760765,546.0,2015.0
Oct,Others,2015-10,3.970952380952381,492.0,2015.0
Nov,Others,2015-11,4.045026455026455,507.0,2015.0
Dec,Others,2015-12,3.827286432160804,589.0,2015.0
Jan,Others,2016-01,3.944541832669323,773.0,2016.0
Feb,Others,2016-02,4.01287610619469,644.0,2016.0
Mar,Others,2016-03,3.9302671755725194,714.0,2016.0
Apr,Others,2016-04,4.105416666666667,511.0,2016.0
May,Others,2016-05,4.093219512195122,497.0,2016.0
Jun,Others,2016-06,3.9252999999999996,522.0,2016.0
Jul,Others,2016-07,4.184366197183098,517.0,2016.0
Aug,Others,2016-08,3.9193548387096775,518.0,2016.0
Sep,Others,2016-09,4.096847290640394,468.0,2016.0
Oct,Others,2016-10,3.885531914893617,415.0,2016.0
Nov,Others,2016-11,4.044722222222222,433.0,2016.0
Dec,Others,2016-12,3.9211417322834645,751.0,2016.0
Jan,Others,2017-01,4.088333333333334,818.0,2017.0
Feb,Others,2017-02,3.8742180094786733,581.0,2017.0
Mar,Others,2017-03,4.181895734597156,626.0,2017.0
Apr,Others,2017-04,3.906896551724138,604.0,2017.0
May,Others,2017-05,3.8372350230414742,514.0,2017.0
Jun,Others,2017-06,4.031885714285715,412.0,2017.0
Jul,Others,2017-07,3.8704188481675392,509.0,2017.0
Aug,Others,2017-08,3.9171287128712873,512.0,2017.0
Sep,Others,2017-09,3.99252808988764,433.0,2017.0
Oct,Others,2017-10,3.9529761904761904,375.0,2017.0
Nov,Others,2017-11,3.9168911917098446,559.0,2017.0
Dec,Others,2017-12,3.704141414141414,711.0,2017.0
Jan,Others,2018-01,3.9898513011152414,1023.0,2018.0
Feb,Others,2018-02,3.8640540540540544,737.0,2018.0
Mar,Others,2018-03,3.757830882352941,822.0,2018.0
Apr,Others,2018-04,3.9626696832579187,677.0,2018.0
May,Others,2018-05,3.7411386138613865,589.0,2018.0
Jun,Others,2018-06,3.966807511737089,629.0,2018.0
Jul,Others,2018-07,3.938756218905473,623.0,2018.0
Aug,Others,2018-08,3.9628378378378377,613.0,2018.0
Sep,Others,2018-09,3.9693220338983055,431.0,2018.0
Oct,Others,2018-10,4.093484848484849,456.0,2018.0
Nov,Others,2018-11,3.9261576354679804,455.0,2018.0
Dec,Others,2018-12,3.8533828996282526,747.0,2018.0
Jan,Others,2019-01,4.177231270358306,922.0,2019.0
Feb,Others,2019-02,4.04421052631579,613.0,2019.0
Mar,Others,2019-03,3.903938053097345,655.0,2019.0
Apr,Others,2019-04,4.210178571428572,518.0,2019.0
May,Others,2019-05,4.014291845493562,523.0,2019.0
Jun,Others,2019-06,4.165758928571429,572.0,2019.0
Jul,Others,2019-07,3.9173839662447256,643.0,2019.0
Aug,Others,2019-08,3.926167400881057,563.0,2019.0
Sep,Others,2019-09,4.138390243902439,424.0,2019.0
Oct,Others,2019-10,4.064433962264151,455.0,2019.0
Nov,Others,2019-11,3.868394495412844,454.0,2019.0
Dec,Others,2019-12,3.948461538461539,799.0,2019.0
Jan,Others,2020-01,4.057310126582278,862.0,2020.0
Feb,Others,2020-02,3.8927816901408447,703.0,2020.0
Mar,Others,2020-03,3.7867579908675797,512.0,2020.0
Apr,Others,2020-04,3.696409090909091,450.0,2020.0
May,Others,2020-05,3.749428571428571,675.0,2020.0
Jun,Others,2020-06,3.9028195488721806,684.0,2020.0
Jul,Others,2020-07,3.90452296819788,721.0,2020.0
Aug,Others,2020-08,3.859349593495935,565.0,2020.0
Sep,Others,2020-09,4.023203463203464,500.0,2020.0
Oct,Others,2020-10,3.7126406926406927,501.0,2020.0
Nov,Others,2020-11,3.7390573770491806,450.0,2020.0
Dec,Others,2020-12,3.7944791666666666,608.0,2020.0
Jan,Others,2021-01,3.8865204678362573,809.0,2021.0
Feb,Others,2021-02,3.870621301775148,678.0,2021.0
Mar,Others,2021-03,3.8518435754189944,911.0,2021.0
Apr,Others,2021-04,3.7736729222520107,894.0,2021.0
May,Others,2021-05,3.8255205047318612,640.0,2021.0
Jun,Others,2021-06,3.6487012987012983,575.0,2021.0
Jul,Others,2021-07,3.8304026845637584,549.0,2021.0
Aug,Others,2021-08,3.76875,485.0,2021.0
Sep,Others,2021-09,3.7943846153846152,448.0,2021.0
Oct,Others,2021-10,3.6988646288209606,370.0,2021.0
Nov,Others,2021-11,3.6059259259259258,399.0,2021.0
Dec,Others,2021-12,3.626534653465346,603.0,2021.0
Jan,Others,2022-01,3.682917771883289,755.0,2022.0
Feb,Others,2022-02,3.716301886792453,523.0,2022.0
Mar,Others,2022-03,3.6165836298932383,578.0,2022.0
Apr,Others,2022-04,3.6748425196850394,510.0,2022.0
May,Others,2022-05,3.7370081967213116,494.0,2022.0
Jun,Others,2022-06,3.8365543071161046,487.0,2022.0
Jul,Others,2022-07,3.8457839721254357,606.0,2022.0
Aug,Others,2022-08,3.905066225165563,633.0,2022.0
Sep,Others,2022-09,3.861941176470588,651.0,2022.0
Oct,Others,2022-10,3.8896036585365854,728.0,2022.0
Nov,Others,2022-11,3.867228915662651,707.0,2022.0
Dec,Others,2022-12,3.8577037037037036,849.0,2022.0
Jan,Others,2023-01,3.932057613168724,993.0,2023.0
Feb,Others,2023-02,3.896524064171123,765.0,2023.0
Mar,Others,2023-03,3.8260470085470084,917.0,2023.0
Apr,Others,2023-04,3.755223880597015,606.0,2023.0
May,Others,2023-05,4.002815533980582,550.0,2023.0
Jun,Others,2023-06,3.8872934472934473,455.0,2023.0
Jul,Others,2023-07,4.129545454545455,410.0,2023.0
Aug,Others,2023-08,4.252145328719723,399.0,2023.0
Sep,Others,2023-09,4.404761904761905,26.0,2023.0
Jan,Software,,0.0,0.0,1998.0
Feb,Software,,0.0,0.0,1998.0
Mar,Software,,0.0,0.0,1998.0
Apr,Software,,0.0,0.0,1998.0
May,Software,,0.0,0.0,1998.0
Jun,Software,,0.0,0.0,1998.0
Jul,Software,,0.0,0.0,1998.0
Aug,Software,,0.0,0.0,1998.0
Sep,Software,,0.0,0.0,1998.0
Oct,Software,,0.0,0.0,1998.0
Nov,Software,,0.0,0.0,1998.0
Dec,Software,,0.0,0.0,1998.0
Jan,Software,,0.0,0.0,1999.0
Feb,Software,,0.0,0.0,1999.0
Mar,Software,,0.0,0.0,1999.0
Apr,Software,,0.0,0.0,1999.0
May,Software,,0.0,0.0,1999.0
Jun,Software,,0.0,0.0,1999.0
Jul,Software,,0.0,0.0,1999.0
Aug,Software,,0.0,0.0,1999.0
Sep,Software,,0.0,0.0,1999.0
Oct,Software,,0.0,0.0,1999.0
Nov,Software,1999-11,4.0,2.0,1999.0
Dec,Software,1999-12,4.5,2.0,1999.0
Jan,Software,2000-01,4.1,6.0,2000.0
Feb,Software,2000-02,4.25,4.0,2000.0
Mar,Software,,0.0,0.0,2000.0
Apr,Software,2000-04,4.666666666666667,3.0,2000.0
May,Software,2000-05,2.5,4.0,2000.0
Jun,Software,2000-06,3.375,5.0,2000.0
Jul,Software,2000-07,2.8333333333333335,6.0,2000.0
Aug,Software,2000-08,3.0,3.0,2000.0
Sep,Software,,0.0,0.0,2000.0
Oct,Software,2000-10,4.0,2.0,2000.0
Nov,Software,2000-11,3.5,4.0,2000.0
Dec,Software,2000-12,4.67,3.0,2000.0
Jan,Software,2001-01,3.75,4.0,2001.0
Feb,Software,2001-02,1.0,2.0,2001.0
Mar,Software,2001-03,4.0,1.0,2001.0
Apr,Software,,0.0,0.0,2001.0
May,Software,2001-05,1.0,1.0,2001.0
Jun,Software,2001-06,3.3,6.0,2001.0
Jul,Software,2001-07,3.5,2.0,2001.0
Aug,Software,2001-08,5.0,1.0,2001.0
Sep,Software,2001-09,2.6666666666666665,4.0,2001.0
Oct,Software,2001-10,2.0,1.0,2001.0
Nov,Software,2001-11,4.25,3.0,2001.0
Dec,Software,2001-12,2.5,2.0,2001.0
Jan,Software,2002-01,4.0,3.0,2002.0
Feb,Software,2002-02,4.5,2.0,2002.0
Mar,Software,2002-03,3.5,4.0,2002.0
Apr,Software,2002-04,4.0,1.0,2002.0
May,Software,,0.0,0.0,2002.0
Jun,Software,2002-06,2.0,1.0,2002.0
Jul,Software,2002-07,4.0,2.0,2002.0
Aug,Software,2002-08,4.0,1.0,2002.0
Sep,Software,2002-09,4.333333333333333,3.0,2002.0
Oct,Software,2002-10,4.5,2.0,2002.0
Nov,Software,2002-11,3.9,6.0,2002.0
Dec,Software,,0.0,0.0,2002.0
Jan,Software,2003-01,5.0,3.0,2003.0
Feb,Software,2003-02,1.3333333333333333,3.0,2003.0
Mar,Software,2003-03,5.0,1.0,2003.0
Apr,Software,2003-04,5.0,1.0,2003.0
May,Software,2003-05,5.0,1.0,2003.0
Jun,Software,2003-06,4.5,2.0,2003.0
Jul,Software,2003-07,5.0,4.0,2003.0
Aug,Software,2003-08,4.5,5.0,2003.0
Sep,Software,2003-09,3.0,2.0,2003.0
Oct,Software,2003-10,3.5,4.0,2003.0
Nov,Software,2003-11,4.0,4.0,2003.0
Dec,Software,2003-12,3.0,4.0,2003.0
Jan,Software,2004-01,2.75,4.0,2004.0
Feb,Software,2004-02,3.3333333333333335,3.0,2004.0
Mar,Software,2004-03,4.0,3.0,2004.0
Apr,Software,2004-04,3.75,4.0,2004.0
May,Software,2004-05,3.0,2.0,2004.0
Jun,Software,2004-06,2.0,1.0,2004.0
Jul,Software,2004-07,1.0,2.0,2004.0
Aug,Software,2004-08,3.6,6.0,2004.0
Sep,Software,2004-09,1.0,1.0,2004.0
Oct,Software,2004-10,3.5,4.0,2004.0
Nov,Software,2004-11,3.6666666666666665,3.0,2004.0
Dec,Software,2004-12,4.25,10.0,2004.0
Jan,Software,2005-01,4.0,12.0,2005.0
Feb,Software,2005-02,3.8,6.0,2005.0
Mar,Software,2005-03,3.7142857142857144,8.0,2005.0
Apr,Software,2005-04,3.5,6.0,2005.0
May,Software,2005-05,3.7,12.0,2005.0
Jun,Software,2005-06,3.5714285714285716,7.0,2005.0
Jul,Software,2005-07,4.332857142857143,9.0,2005.0
Aug,Software,2005-08,3.7016666666666667,18.0,2005.0
Sep,Software,2005-09,3.1,7.0,2005.0
Oct,Software,2005-10,3.7222222222222223,11.0,2005.0
Nov,Software,2005-11,4.185555555555556,11.0,2005.0
Dec,Software,2005-12,3.8333333333333335,7.0,2005.0
Jan,Software,2006-01,3.59375,14.0,2006.0
Feb,Software,2006-02,3.8,15.0,2006.0
Mar,Software,2006-03,2.9725,16.0,2006.0
Apr,Software,2006-04,3.1429411764705883,24.0,2006.0
May,Software,2006-05,3.0,9.0,2006.0
Jun,Software,2006-06,4.0,4.0,2006.0
Jul,Software,2006-07,3.9375,11.0,2006.0
Aug,Software,2006-08,4.0,8.0,2006.0
Sep,Software,2006-09,3.5,8.0,2006.0
Oct,Software,2006-10,4.038461538461538,16.0,2006.0
Nov,Software,2006-11,3.5454545454545454,12.0,2006.0
Dec,Software,2006-12,3.9,17.0,2006.0
Jan,Software,2007-01,4.02,39.0,2007.0
Feb,Software,2007-02,4.125,10.0,2007.0
Mar,Software,2007-03,3.7220833333333334,26.0,2007.0
Apr,Software,2007-04,3.125,17.0,2007.0
May,Software,2007-05,3.589,34.0,2007.0
Jun,Software,2007-06,3.65,20.0,2007.0
Jul,Software,2007-07,3.2857142857142856,17.0,2007.0
Aug,Software,2007-08,4.413043478260869,24.0,2007.0
Sep,Software,2007-09,3.269230769230769,17.0,2007.0
Oct,Software,2007-10,3.8043478260869565,31.0,2007.0
Nov,Software,2007-11,2.991904761904762,24.0,2007.0
Dec,Software,2007-12,3.8713636363636366,30.0,2007.0
Jan,Software,2008-01,3.36,41.0,2008.0
Feb,Software,2008-02,3.6489473684210525,24.0,2008.0
Mar,Software,2008-03,3.25,33.0,2008.0
Apr,Software,2008-04,3.992272727272727,30.0,2008.0
May,Software,2008-05,3.817,24.0,2008.0
Jun,Software,2008-06,4.032608695652174,33.0,2008.0
Jul,Software,2008-07,3.8931999999999998,29.0,2008.0
Aug,Software,2008-08,3.3245454545454547,35.0,2008.0
Sep,Software,2008-09,3.760869565217391,25.0,2008.0
Oct,Software,2008-10,3.45,31.0,2008.0
Nov,Software,2008-11,3.6923076923076925,34.0,2008.0
Dec,Software,2008-12,3.7231428571428573,52.0,2008.0
Jan,Software,2009-01,3.524146341463415,59.0,2009.0
Feb,Software,2009-02,3.672962962962963,41.0,2009.0
Mar,Software,2009-03,3.395185185185185,37.0,2009.0
Apr,Software,2009-04,3.0454545454545454,34.0,2009.0
May,Software,2009-05,3.8868,29.0,2009.0
Jun,Software,2009-06,3.630434782608696,26.0,2009.0
Jul,Software,2009-07,3.34375,33.0,2009.0
Aug,Software,2009-08,2.9791666666666665,31.0,2009.0
Sep,Software,2009-09,3.660740740740741,34.0,2009.0
Oct,Software,2009-10,3.73,30.0,2009.0
Nov,Software,2009-11,3.2158823529411764,21.0,2009.0
Dec,Software,2009-12,3.9838709677419355,37.0,2009.0
Jan,Software,2010-01,3.9119999999999995,45.0,2010.0
Feb,Software,2010-02,3.6206896551724137,36.0,2010.0
Mar,Software,2010-03,3.1,35.0,2010.0
Apr,Software,2010-04,3.8665,23.0,2010.0
May,Software,2010-05,3.764705882352941,20.0,2010.0
Jun,Software,2010-06,2.9347826086956523,28.0,2010.0
Jul,Software,2010-07,4.2,28.0,2010.0
Aug,Software,2010-08,4.0,24.0,2010.0
Sep,Software,2010-09,3.3038235294117646,38.0,2010.0
Oct,Software,2010-10,3.603448275862069,35.0,2010.0
Nov,Software,2010-11,3.072608695652174,29.0,2010.0
Dec,Software,2010-12,3.4107142857142856,48.0,2010.0
Jan,Software,2011-01,3.173541666666667,58.0,2011.0
Feb,Software,2011-02,2.7192105263157895,43.0,2011.0
Mar,Software,2011-03,3.2045454545454546,50.0,2011.0
Apr,Software,2011-04,3.2735897435897434,68.0,2011.0
May,Software,2011-05,3.8666666666666667,36.0,2011.0
Jun,Software,2011-06,3.5,42.0,2011.0
Jul,Software,2011-07,3.1366666666666667,52.0,2011.0
Aug,Software,2011-08,3.5916666666666663,59.0,2011.0
Sep,Software,2011-09,3.2779069767441857,65.0,2011.0
Oct,Software,2011-10,3.577105263157895,95.0,2011.0
Nov,Software,2011-11,3.6411764705882352,117.0,2011.0
Dec,Software,2011-12,3.4094339622641505,109.0,2011.0
Jan,Software,2012-01,3.863461538461539,137.0,2012.0
Feb,Software,2012-02,3.623181818181818,76.0,2012.0
Mar,Software,2012-03,3.4604000000000004,77.0,2012.0
Apr,Software,2012-04,3.0902439024390245,55.0,2012.0
May,Software,2012-05,3.5556410256410254,51.0,2012.0
Jun,Software,2012-06,3.560243902439024,56.0,2012.0
Jul,Software,2012-07,3.67,47.0,2012.0
Aug,Software,2012-08,4.039137931034483,85.0,2012.0
Sep,Software,2012-09,3.872340425531915,63.0,2012.0
Oct,Software,2012-10,3.727547169811321,80.0,2012.0
Nov,Software,2012-11,3.65078947368421,120.0,2012.0
Dec,Software,2012-12,3.7008163265306124,195.0,2012.0
Jan,Software,2013-01,3.7803478260869565,217.0,2013.0
Feb,Software,2013-02,3.7585344827586207,201.0,2013.0
Mar,Software,2013-03,3.7637037037037038,185.0,2013.0
Apr,Software,2013-04,3.5894949494949495,178.0,2013.0
May,Software,2013-05,3.6416129032258064,142.0,2013.0
Jun,Software,2013-06,3.588791208791209,139.0,2013.0
Jul,Software,2013-07,3.897156862745098,162.0,2013.0
Aug,Software,2013-08,3.6954545454545458,134.0,2013.0
Sep,Software,2013-09,3.8095714285714286,106.0,2013.0
Oct,Software,2013-10,3.7881944444444446,104.0,2013.0
Nov,Software,2013-11,3.7311267605633804,101.0,2013.0
Dec,Software,2013-12,3.4502941176470587,165.0,2013.0
Jan,Software,2014-01,3.5433663366336634,186.0,2014.0
Feb,Software,2014-02,3.8193,145.0,2014.0
Mar,Software,2014-03,3.6688297872340425,155.0,2014.0
Apr,Software,2014-04,3.6279452054794517,171.0,2014.0
May,Software,2014-05,3.979487179487179,163.0,2014.0
Jun,Software,2014-06,3.5303529411764702,142.0,2014.0
Jul,Software,2014-07,4.045040650406504,207.0,2014.0
Aug,Software,2014-08,3.845691056910569,215.0,2014.0
Sep,Software,2014-09,3.858623853211009,174.0,2014.0
Oct,Software,2014-10,3.9311711711711714,185.0,2014.0
Nov,Software,2014-11,3.732197802197802,192.0,2014.0
Dec,Software,2014-12,3.7446456692913386,348.0,2014.0
Jan,Software,2015-01,3.749756097560976,378.0,2015.0
Feb,Software,2015-02,3.7454135338345864,334.0,2015.0
Mar,Software,2015-03,3.728629032258065,349.0,2015.0
Apr,Software,2015-04,3.6993269230769235,253.0,2015.0
May,Software,2015-05,3.8326363636363636,255.0,2015.0
Jun,Software,2015-06,3.900941176470588,209.0,2015.0
Jul,Software,2015-07,4.128712871287129,232.0,2015.0
Aug,Software,2015-08,3.38970297029703,234.0,2015.0
Sep,Software,2015-09,3.7237373737373733,208.0,2015.0
Oct,Software,2015-10,3.60123595505618,186.0,2015.0
Nov,Software,2015-11,3.4522222222222223,149.0,2015.0
Dec,Software,2015-12,3.7371014492753627,146.0,2015.0
Jan,Software,2016-01,3.406458333333333,198.0,2016.0
Feb,Software,2016-02,3.6741935483870964,148.0,2016.0
Mar,Software,2016-03,3.6956122448979594,178.0,2016.0
Apr,Software,2016-04,4.0517391304347825,112.0,2016.0
May,Software,2016-05,3.8472151898734177,127.0,2016.0
Jun,Software,2016-06,3.648840579710145,124.0,2016.0
Jul,Software,2016-07,3.626029411764706,120.0,2016.0
Aug,Software,2016-08,3.7472499999999997,124.0,2016.0
Sep,Software,2016-09,3.8684057971014494,115.0,2016.0
Oct,Software,2016-10,3.9716901408450704,116.0,2016.0
Nov,Software,2016-11,3.9484,70.0,2016.0
Dec,Software,2016-12,3.9767241379310345,114.0,2016.0
Jan,Software,2017-01,3.517142857142857,123.0,2017.0
Feb,Software,2017-02,3.645,76.0,2017.0
Mar,Software,2017-03,3.4959701492537314,102.0,2017.0
Apr,Software,2017-04,3.5964912280701755,86.0,2017.0
May,Software,2017-05,3.2380357142857146,83.0,2017.0
Jun,Software,2017-06,3.638909090909091,80.0,2017.0
Jul,Software,2017-07,3.7841304347826084,66.0,2017.0
Aug,Software,2017-08,3.992608695652174,65.0,2017.0
Sep,Software,2017-09,3.9961904761904763,58.0,2017.0
Oct,Software,2017-10,3.7788461538461537,66.0,2017.0
Nov,Software,2017-11,3.876451612903226,46.0,2017.0
Dec,Software,2017-12,3.869047619047619,57.0,2017.0
Jan,Software,2018-01,3.4459649122807017,88.0,2018.0
Feb,Software,2018-02,3.818888888888889,79.0,2018.0
Mar,Software,2018-03,3.8266153846153843,85.0,2018.0
Apr,Software,2018-04,3.8705555555555557,45.0,2018.0
May,Software,2018-05,3.896551724137931,36.0,2018.0
Jun,Software,2018-06,3.810212765957447,60.0,2018.0
Jul,Software,2018-07,3.6538461538461537,55.0,2018.0
Aug,Software,2018-08,3.5589583333333334,60.0,2018.0
Sep,Software,2018-09,4.166666666666667,33.0,2018.0
Oct,Software,2018-10,4.160714285714286,40.0,2018.0
Nov,Software,2018-11,3.8434482758620687,93.0,2018.0
Dec,Software,2018-12,3.6697727272727274,98.0,2018.0
Jan,Software,2019-01,3.6506060606060604,92.0,2019.0
Feb,Software,2019-02,4.101666666666667,52.0,2019.0
Mar,Software,2019-03,3.789428571428571,64.0,2019.0
Apr,Software,2019-04,4.017857142857143,40.0,2019.0
May,Software,2019-05,3.8594594594594596,61.0,2019.0
Jun,Software,2019-06,4.0259375,115.0,2019.0
Jul,Software,2019-07,3.6145454545454547,151.0,2019.0
Aug,Software,2019-08,3.9381081081081084,111.0,2019.0
Sep,Software,2019-09,3.7815625,84.0,2019.0
Oct,Software,2019-10,3.8066666666666666,74.0,2019.0
Nov,Software,2019-11,3.9197058823529414,72.0,2019.0
Dec,Software,2019-12,3.6679999999999997,173.0,2019.0
Jan,Software,2020-01,3.76027027027027,224.0,2020.0
Feb,Software,2020-02,3.716785714285714,128.0,2020.0
Mar,Software,2020-03,4.103809523809524,79.0,2020.0
Apr,Software,2020-04,3.6531578947368417,59.0,2020.0
May,Software,2020-05,4.294074074074074,74.0,2020.0
Jun,Software,2020-06,3.9604166666666667,57.0,2020.0
Jul,Software,2020-07,3.544761904761905,57.0,2020.0
Aug,Software,2020-08,4.0195,49.0,2020.0
Sep,Software,2020-09,3.6527586206896556,53.0,2020.0
Oct,Software,2020-10,3.1405555555555558,31.0,2020.0
Nov,Software,2020-11,4.129090909090909,32.0,2020.0
Dec,Software,2020-12,3.6944444444444446,48.0,2020.0
Jan,Software,2021-01,3.4099999999999997,65.0,2021.0
Feb,Software,2021-02,3.753,49.0,2021.0
Mar,Software,2021-03,4.252,62.0,2021.0
Apr,Software,2021-04,4.36875,69.0,2021.0
May,Software,2021-05,4.12037037037037,42.0,2021.0
Jun,Software,2021-06,4.2084,42.0,2021.0
Jul,Software,2021-07,3.9403448275862067,54.0,2021.0
Aug,Software,2021-08,3.9139999999999997,44.0,2021.0
Sep,Software,2021-09,3.678421052631579,35.0,2021.0
Oct,Software,2021-10,3.3333333333333335,33.0,2021.0
Nov,Software,2021-11,3.419655172413793,46.0,2021.0
Dec,Software,2021-12,3.9079545454545452,81.0,2021.0
Jan,Software,2022-01,3.6834666666666664,144.0,2022.0
Feb,Software,2022-02,3.678048780487805,64.0,2022.0
Mar,Software,2022-03,3.83046511627907,73.0,2022.0
Apr,Software,2022-04,3.941860465116279,59.0,2022.0
May,Software,2022-05,3.6027659574468087,56.0,2022.0
Jun,Software,2022-06,3.0126470588235295,55.0,2022.0
Jul,Software,2022-07,3.5744736842105267,53.0,2022.0
Aug,Software,2022-08,3.761086956521739,69.0,2022.0
Sep,Software,2022-09,3.785757575757576,50.0,2022.0
Oct,Software,2022-10,3.9075555555555557,59.0,2022.0
Nov,Software,2022-11,4.1869565217391305,78.0,2022.0
Dec,Software,2022-12,3.9503333333333335,134.0,2022.0
Jan,Software,2023-01,3.9309638554216866,188.0,2023.0
Feb,Software,2023-02,3.883934426229508,116.0,2023.0
Mar,Software,2023-03,3.987837837837838,151.0,2023.0
Apr,Software,2023-04,4.2421428571428565,63.0,2023.0
May,Software,2023-05,4.074074074074074,31.0,2023.0
Jun,Software,2023-06,4.147058823529412,25.0,2023.0
Jul,Software,2023-07,4.305833333333333,17.0,2023.0
Aug,Software,2023-08,4.818181818181818,15.0,2023.0
Sep,Software,2023-09,5.0,1.0,2023.0
Jan,Sports & Health,,0.0,0.0,1998.0
Feb,Sports & Health,,0.0,0.0,1998.0
Mar,Sports & Health,,0.0,0.0,1998.0
Apr,Sports & Health,,0.0,0.0,1998.0
May,Sports & Health,,0.0,0.0,1998.0
Jun,Sports & Health,,0.0,0.0,1998.0
Jul,Sports & Health,,0.0,0.0,1998.0
Aug,Sports & Health,,0.0,0.0,1998.0
Sep,Sports & Health,,0.0,0.0,1998.0
Oct,Sports & Health,,0.0,0.0,1998.0
Nov,Sports & Health,,0.0,0.0,1998.0
Dec,Sports & Health,,0.0,0.0,1998.0
Jan,Sports & Health,,0.0,0.0,1999.0
Feb,Sports & Health,,0.0,0.0,1999.0
Mar,Sports & Health,,0.0,0.0,1999.0
Apr,Sports & Health,,0.0,0.0,1999.0
May,Sports & Health,,0.0,0.0,1999.0
Jun,Sports & Health,,0.0,0.0,1999.0
Jul,Sports & Health,,0.0,0.0,1999.0
Aug,Sports & Health,,0.0,0.0,1999.0
Sep,Sports & Health,,0.0,0.0,1999.0
Oct,Sports & Health,,0.0,0.0,1999.0
Nov,Sports & Health,,0.0,0.0,1999.0
Dec,Sports & Health,,0.0,0.0,1999.0
Jan,Sports & Health,,0.0,0.0,2000.0
Feb,Sports & Health,,0.0,0.0,2000.0
Mar,Sports & Health,,0.0,0.0,2000.0
Apr,Sports & Health,,0.0,0.0,2000.0
May,Sports & Health,,0.0,0.0,2000.0
Jun,Sports & Health,,0.0,0.0,2000.0
Jul,Sports & Health,,0.0,0.0,2000.0
Aug,Sports & Health,,0.0,0.0,2000.0
Sep,Sports & Health,,0.0,0.0,2000.0
Oct,Sports & Health,,0.0,0.0,2000.0
Nov,Sports & Health,,0.0,0.0,2000.0
Dec,Sports & Health,,0.0,0.0,2000.0
Jan,Sports & Health,,0.0,0.0,2001.0
Feb,Sports & Health,,0.0,0.0,2001.0
Mar,Sports & Health,,0.0,0.0,2001.0
Apr,Sports & Health,,0.0,0.0,2001.0
May,Sports & Health,,0.0,0.0,2001.0
Jun,Sports & Health,,0.0,0.0,2001.0
Jul,Sports & Health,,0.0,0.0,2001.0
Aug,Sports & Health,,0.0,0.0,2001.0
Sep,Sports & Health,,0.0,0.0,2001.0
Oct,Sports & Health,,0.0,0.0,2001.0
Nov,Sports & Health,,0.0,0.0,2001.0
Dec,Sports & Health,,0.0,0.0,2001.0
Jan,Sports & Health,,0.0,0.0,2002.0
Feb,Sports & Health,,0.0,0.0,2002.0
Mar,Sports & Health,,0.0,0.0,2002.0
Apr,Sports & Health,,0.0,0.0,2002.0
May,Sports & Health,,0.0,0.0,2002.0
Jun,Sports & Health,,0.0,0.0,2002.0
Jul,Sports & Health,,0.0,0.0,2002.0
Aug,Sports & Health,,0.0,0.0,2002.0
Sep,Sports & Health,,0.0,0.0,2002.0
Oct,Sports & Health,,0.0,0.0,2002.0
Nov,Sports & Health,,0.0,0.0,2002.0
Dec,Sports & Health,,0.0,0.0,2002.0
Jan,Sports & Health,2003-01,5.0,1.0,2003.0
Feb,Sports & Health,,0.0,0.0,2003.0
Mar,Sports & Health,,0.0,0.0,2003.0
Apr,Sports & Health,,0.0,0.0,2003.0
May,Sports & Health,,0.0,0.0,2003.0
Jun,Sports & Health,,0.0,0.0,2003.0
Jul,Sports & Health,,0.0,0.0,2003.0
Aug,Sports & Health,,0.0,0.0,2003.0
Sep,Sports & Health,,0.0,0.0,2003.0
Oct,Sports & Health,,0.0,0.0,2003.0
Nov,Sports & Health,,0.0,0.0,2003.0
Dec,Sports & Health,2003-12,4.0,1.0,2003.0
Jan,Sports & Health,,0.0,0.0,2004.0
Feb,Sports & Health,2004-02,1.0,1.0,2004.0
Mar,Sports & Health,,0.0,0.0,2004.0
Apr,Sports & Health,2004-04,1.5,2.0,2004.0
May,Sports & Health,2004-05,4.0,1.0,2004.0
Jun,Sports & Health,2004-06,2.0,2.0,2004.0
Jul,Sports & Health,,0.0,0.0,2004.0
Aug,Sports & Health,2004-08,5.0,1.0,2004.0
Sep,Sports & Health,2004-09,5.0,1.0,2004.0
Oct,Sports & Health,2004-10,4.2,10.0,2004.0
Nov,Sports & Health,2004-11,2.4,5.0,2004.0
Dec,Sports & Health,2004-12,3.67,3.0,2004.0
Jan,Sports & Health,2005-01,4.17,6.0,2005.0
Feb,Sports & Health,2005-02,5.0,1.0,2005.0
Mar,Sports & Health,2005-03,4.2,5.0,2005.0
Apr,Sports & Health,2005-04,3.0,2.0,2005.0
May,Sports & Health,2005-05,5.0,1.0,2005.0
Jun,Sports & Health,2005-06,5.0,1.0,2005.0
Jul,Sports & Health,2005-07,5.0,1.0,2005.0
Aug,Sports & Health,,0.0,0.0,2005.0
Sep,Sports & Health,,0.0,0.0,2005.0
Oct,Sports & Health,,0.0,0.0,2005.0
Nov,Sports & Health,,0.0,0.0,2005.0
Dec,Sports & Health,,0.0,0.0,2005.0
Jan,Sports & Health,2006-01,1.0,1.0,2006.0
Feb,Sports & Health,,0.0,0.0,2006.0
Mar,Sports & Health,,0.0,0.0,2006.0
Apr,Sports & Health,,0.0,0.0,2006.0
May,Sports & Health,2006-05,1.0,1.0,2006.0
Jun,Sports & Health,,0.0,0.0,2006.0
Jul,Sports & Health,,0.0,0.0,2006.0
Aug,Sports & Health,,0.0,0.0,2006.0
Sep,Sports & Health,,0.0,0.0,2006.0
Oct,Sports & Health,,0.0,0.0,2006.0
Nov,Sports & Health,,0.0,0.0,2006.0
Dec,Sports & Health,,0.0,0.0,2006.0
Jan,Sports & Health,2007-01,4.0,1.0,2007.0
Feb,Sports & Health,2007-02,5.0,1.0,2007.0
Mar,Sports & Health,,0.0,0.0,2007.0
Apr,Sports & Health,,0.0,0.0,2007.0
May,Sports & Health,,0.0,0.0,2007.0
Jun,Sports & Health,2007-06,4.0,1.0,2007.0
Jul,Sports & Health,2007-07,4.0,2.0,2007.0
Aug,Sports & Health,2007-08,5.0,2.0,2007.0
Sep,Sports & Health,2007-09,5.0,1.0,2007.0
Oct,Sports & Health,,0.0,0.0,2007.0
Nov,Sports & Health,,0.0,0.0,2007.0
Dec,Sports & Health,2007-12,1.0,1.0,2007.0
Jan,Sports & Health,,0.0,0.0,2008.0
Feb,Sports & Health,2008-02,4.0,2.0,2008.0
Mar,Sports & Health,,0.0,0.0,2008.0
Apr,Sports & Health,2008-04,4.0,1.0,2008.0
May,Sports & Health,2008-05,4.33,3.0,2008.0
Jun,Sports & Health,,0.0,0.0,2008.0
Jul,Sports & Health,2008-07,4.0,1.0,2008.0
Aug,Sports & Health,,0.0,0.0,2008.0
Sep,Sports & Health,,0.0,0.0,2008.0
Oct,Sports & Health,2008-10,4.5,2.0,2008.0
Nov,Sports & Health,2008-11,4.0,3.0,2008.0
Dec,Sports & Health,2008-12,4.720000000000001,10.0,2008.0
Jan,Sports & Health,2009-01,4.67,6.0,2009.0
Feb,Sports & Health,2009-02,4.866666666666666,7.0,2009.0
Mar,Sports & Health,2009-03,2.625,5.0,2009.0
Apr,Sports & Health,2009-04,4.0,2.0,2009.0
May,Sports & Health,,0.0,0.0,2009.0
Jun,Sports & Health,2009-06,5.0,1.0,2009.0
Jul,Sports & Health,2009-07,4.5,2.0,2009.0
Aug,Sports & Health,2009-08,5.0,2.0,2009.0
Sep,Sports & Health,,0.0,0.0,2009.0
Oct,Sports & Health,2009-10,4.25,4.0,2009.0
Nov,Sports & Health,2009-11,3.0,1.0,2009.0
Dec,Sports & Health,2009-12,4.725,12.0,2009.0
Jan,Sports & Health,2010-01,4.416666666666667,10.0,2010.0
Feb,Sports & Health,2010-02,4.0,7.0,2010.0
Mar,Sports & Health,2010-03,4.915,7.0,2010.0
Apr,Sports & Health,2010-04,4.25,3.0,2010.0
May,Sports & Health,2010-05,4.166666666666667,4.0,2010.0
Jun,Sports & Health,2010-06,3.0,2.0,2010.0
Jul,Sports & Health,2010-07,3.0,1.0,2010.0
Aug,Sports & Health,2010-08,2.5,2.0,2010.0
Sep,Sports & Health,2010-09,5.0,1.0,2010.0
Oct,Sports & Health,2010-10,5.0,5.0,2010.0
Nov,Sports & Health,2010-11,4.333333333333333,3.0,2010.0
Dec,Sports & Health,2010-12,4.445,10.0,2010.0
Jan,Sports & Health,2011-01,4.2214285714285715,19.0,2011.0
Feb,Sports & Health,2011-02,4.59,14.0,2011.0
Mar,Sports & Health,2011-03,4.0,5.0,2011.0
Apr,Sports & Health,2011-04,4.668,9.0,2011.0
May,Sports & Health,2011-05,4.7,8.0,2011.0
Jun,Sports & Health,2011-06,4.333333333333333,4.0,2011.0
Jul,Sports & Health,2011-07,4.0,5.0,2011.0
Aug,Sports & Health,2011-08,4.6,6.0,2011.0
Sep,Sports & Health,2011-09,5.0,3.0,2011.0
Oct,Sports & Health,2011-10,2.835,4.0,2011.0
Nov,Sports & Health,2011-11,4.8,5.0,2011.0
Dec,Sports & Health,2011-12,4.8,9.0,2011.0
Jan,Sports & Health,2012-01,4.4625,12.0,2012.0
Feb,Sports & Health,2012-02,4.486666666666667,12.0,2012.0
Mar,Sports & Health,2012-03,4.5,8.0,2012.0
Apr,Sports & Health,2012-04,4.666666666666667,3.0,2012.0
May,Sports & Health,2012-05,4.723333333333334,6.0,2012.0
Jun,Sports & Health,2012-06,4.666666666666667,6.0,2012.0
Jul,Sports & Health,2012-07,5.0,1.0,2012.0
Aug,Sports & Health,2012-08,4.734,7.0,2012.0
Sep,Sports & Health,2012-09,4.0,5.0,2012.0
Oct,Sports & Health,2012-10,5.0,2.0,2012.0
Nov,Sports & Health,2012-11,4.2875,17.0,2012.0
Dec,Sports & Health,2012-12,4.67875,29.0,2012.0
Jan,Sports & Health,2013-01,4.4557142857142855,21.0,2013.0
Feb,Sports & Health,2013-02,4.814444444444444,22.0,2013.0
Mar,Sports & Health,2013-03,4.8125,17.0,2013.0
Apr,Sports & Health,2013-04,4.16625,12.0,2013.0
May,Sports & Health,2013-05,4.092222222222222,15.0,2013.0
Jun,Sports & Health,2013-06,3.8575,11.0,2013.0
Jul,Sports & Health,2013-07,4.4,9.0,2013.0
Aug,Sports & Health,2013-08,4.7411111111111115,11.0,2013.0
Sep,Sports & Health,2013-09,4.411428571428571,15.0,2013.0
Oct,Sports & Health,2013-10,3.8144444444444443,16.0,2013.0
Nov,Sports & Health,2013-11,4.508,17.0,2013.0
Dec,Sports & Health,2013-12,4.547,27.0,2013.0
Jan,Sports & Health,2014-01,4.852222222222222,27.0,2014.0
Feb,Sports & Health,2014-02,4.3,29.0,2014.0
Mar,Sports & Health,2014-03,4.5,14.0,2014.0
Apr,Sports & Health,2014-04,4.583333333333333,6.0,2014.0
May,Sports & Health,2014-05,4.2,19.0,2014.0
Jun,Sports & Health,2014-06,4.4025,19.0,2014.0
Jul,Sports & Health,2014-07,4.032307692307692,32.0,2014.0
Aug,Sports & Health,2014-08,4.601666666666667,34.0,2014.0
Sep,Sports & Health,2014-09,4.446666666666667,34.0,2014.0
Oct,Sports & Health,2014-10,4.079166666666667,26.0,2014.0
Nov,Sports & Health,2014-11,4.116666666666666,32.0,2014.0
Dec,Sports & Health,2014-12,3.624705882352941,50.0,2014.0
Jan,Sports & Health,2015-01,4.6292,48.0,2015.0
Feb,Sports & Health,2015-02,4.301363636363636,62.0,2015.0
Mar,Sports & Health,2015-03,3.812,50.0,2015.0
Apr,Sports & Health,2015-04,4.0,37.0,2015.0
May,Sports & Health,2015-05,4.239230769230769,29.0,2015.0
Jun,Sports & Health,2015-06,3.8252631578947374,44.0,2015.0
Jul,Sports & Health,2015-07,3.796875,33.0,2015.0
Aug,Sports & Health,2015-08,4.003076923076923,27.0,2015.0
Sep,Sports & Health,2015-09,4.126315789473685,29.0,2015.0
Oct,Sports & Health,2015-10,4.285714285714286,32.0,2015.0
Nov,Sports & Health,2015-11,4.198125,29.0,2015.0
Dec,Sports & Health,2015-12,4.270952380952381,34.0,2015.0
Jan,Sports & Health,2016-01,3.6726315789473687,46.0,2016.0
Feb,Sports & Health,2016-02,4.082,44.0,2016.0
Mar,Sports & Health,2016-03,3.9116666666666666,50.0,2016.0
Apr,Sports & Health,2016-04,3.75,27.0,2016.0
May,Sports & Health,2016-05,4.1000000000000005,43.0,2016.0
Jun,Sports & Health,2016-06,4.171363636363636,48.0,2016.0
Jul,Sports & Health,2016-07,4.33,35.0,2016.0
Aug,Sports & Health,2016-08,3.888076923076923,60.0,2016.0
Sep,Sports & Health,2016-09,4.1889473684210525,45.0,2016.0
Oct,Sports & Health,2016-10,4.521176470588236,42.0,2016.0
Nov,Sports & Health,2016-11,4.308888888888889,48.0,2016.0
Dec,Sports & Health,2016-12,4.2214285714285715,99.0,2016.0
Jan,Sports & Health,2017-01,4.46,94.0,2017.0
Feb,Sports & Health,2017-02,4.244090909090909,56.0,2017.0
Mar,Sports & Health,2017-03,4.152916666666667,46.0,2017.0
Apr,Sports & Health,2017-04,3.992,46.0,2017.0
May,Sports & Health,2017-05,3.715625,31.0,2017.0
Jun,Sports & Health,2017-06,4.1171428571428565,41.0,2017.0
Jul,Sports & Health,2017-07,4.026,38.0,2017.0
Aug,Sports & Health,2017-08,4.220454545454545,48.0,2017.0
Sep,Sports & Health,2017-09,4.561428571428571,30.0,2017.0
Oct,Sports & Health,2017-10,4.276190476190476,36.0,2017.0
Nov,Sports & Health,2017-11,3.68,38.0,2017.0
Dec,Sports & Health,2017-12,3.894090909090909,42.0,2017.0
Jan,Sports & Health,2018-01,3.4753846153846153,60.0,2018.0
Feb,Sports & Health,2018-02,3.0412903225806454,53.0,2018.0
Mar,Sports & Health,2018-03,3.926071428571429,51.0,2018.0
Apr,Sports & Health,2018-04,3.6242307692307696,38.0,2018.0
May,Sports & Health,2018-05,3.3947368421052633,29.0,2018.0
Jun,Sports & Health,2018-06,3.342142857142857,52.0,2018.0
Jul,Sports & Health,2018-07,3.5408333333333335,57.0,2018.0
Aug,Sports & Health,2018-08,3.5900000000000003,61.0,2018.0
Sep,Sports & Health,2018-09,4.08125,56.0,2018.0
Oct,Sports & Health,2018-10,3.763214285714286,52.0,2018.0
Nov,Sports & Health,2018-11,3.7032142857142856,85.0,2018.0
Dec,Sports & Health,2018-12,3.934516129032258,88.0,2018.0
Jan,Sports & Health,2019-01,3.6554285714285712,108.0,2019.0
Feb,Sports & Health,2019-02,3.9909375,99.0,2019.0
Mar,Sports & Health,2019-03,3.935483870967742,100.0,2019.0
Apr,Sports & Health,2019-04,4.124761904761905,80.0,2019.0
May,Sports & Health,2019-05,3.989642857142857,56.0,2019.0
Jun,Sports & Health,2019-06,3.901935483870968,82.0,2019.0
Jul,Sports & Health,2019-07,3.8387499999999997,93.0,2019.0
Aug,Sports & Health,2019-08,4.15125,79.0,2019.0
Sep,Sports & Health,2019-09,4.189310344827586,67.0,2019.0
Oct,Sports & Health,2019-10,4.1740625,75.0,2019.0
Nov,Sports & Health,2019-11,3.8891666666666667,60.0,2019.0
Dec,Sports & Health,2019-12,4.118536585365854,95.0,2019.0
Jan,Sports & Health,2020-01,4.095,115.0,2020.0
Feb,Sports & Health,2020-02,3.988913043478261,104.0,2020.0
Mar,Sports & Health,2020-03,4.421944444444445,87.0,2020.0
Apr,Sports & Health,2020-04,3.864347826086956,57.0,2020.0
May,Sports & Health,2020-05,4.010370370370371,75.0,2020.0
Jun,Sports & Health,2020-06,3.8481481481481485,72.0,2020.0
Jul,Sports & Health,2020-07,3.4932432432432434,75.0,2020.0
Aug,Sports & Health,2020-08,3.5548387096774197,84.0,2020.0
Sep,Sports & Health,2020-09,4.246,62.0,2020.0
Oct,Sports & Health,2020-10,4.2725,63.0,2020.0
Nov,Sports & Health,2020-11,4.0692,55.0,2020.0
Dec,Sports & Health,2020-12,4.065277777777777,95.0,2020.0
Jan,Sports & Health,2021-01,3.892352941176471,90.0,2021.0
Feb,Sports & Health,2021-02,3.7575,75.0,2021.0
Mar,Sports & Health,2021-03,3.848857142857143,89.0,2021.0
Apr,Sports & Health,2021-04,4.132692307692308,79.0,2021.0
May,Sports & Health,2021-05,3.6477419354838707,74.0,2021.0
Jun,Sports & Health,2021-06,3.4024,49.0,2021.0
Jul,Sports & Health,2021-07,3.940882352941177,66.0,2021.0
Aug,Sports & Health,2021-08,3.9690625,55.0,2021.0
Sep,Sports & Health,2021-09,3.675,39.0,2021.0
Oct,Sports & Health,2021-10,3.7285714285714286,41.0,2021.0
Nov,Sports & Health,2021-11,3.880952380952381,28.0,2021.0
Dec,Sports & Health,2021-12,3.9873076923076924,36.0,2021.0
Jan,Sports & Health,2022-01,3.3586206896551727,45.0,2022.0
Feb,Sports & Health,2022-02,3.9515000000000002,40.0,2022.0
Mar,Sports & Health,2022-03,4.0584,49.0,2022.0
Apr,Sports & Health,2022-04,3.9556666666666667,51.0,2022.0
May,Sports & Health,2022-05,3.624,38.0,2022.0
Jun,Sports & Health,2022-06,3.476666666666667,47.0,2022.0
Jul,Sports & Health,2022-07,3.594,42.0,2022.0
Aug,Sports & Health,2022-08,4.014347826086956,40.0,2022.0
Sep,Sports & Health,2022-09,3.779166666666667,44.0,2022.0
Oct,Sports & Health,2022-10,4.2592,43.0,2022.0
Nov,Sports & Health,2022-11,3.201764705882353,32.0,2022.0
Dec,Sports & Health,2022-12,3.8581481481481483,43.0,2022.0
Jan,Sports & Health,2023-01,3.5684615384615386,43.0,2023.0
Feb,Sports & Health,2023-02,3.6977272727272723,56.0,2023.0
Mar,Sports & Health,2023-03,3.750833333333333,39.0,2023.0
Apr,Sports & Health,2023-04,3.75,26.0,2023.0
May,Sports & Health,2023-05,3.7857142857142856,10.0,2023.0
Jun,Sports & Health,2023-06,4.3,13.0,2023.0
Jul,Sports & Health,2023-07,3.2142857142857144,8.0,2023.0
Aug,Sports & Health,2023-08,4.333333333333333,9.0,2023.0
Sep,Sports & Health,,0.0,0.0,2023.0
Jan,Toys & Games,,0.0,0.0,1998.0
Feb,Toys & Games,,0.0,0.0,1998.0
Mar,Toys & Games,,0.0,0.0,1998.0
Apr,Toys & Games,,0.0,0.0,1998.0
May,Toys & Games,,0.0,0.0,1998.0
Jun,Toys & Games,,0.0,0.0,1998.0
Jul,Toys & Games,,0.0,0.0,1998.0
Aug,Toys & Games,,0.0,0.0,1998.0
Sep,Toys & Games,,0.0,0.0,1998.0
Oct,Toys & Games,,0.0,0.0,1998.0
Nov,Toys & Games,,0.0,0.0,1998.0
Dec,Toys & Games,,0.0,0.0,1998.0
Jan,Toys & Games,,0.0,0.0,1999.0
Feb,Toys & Games,,0.0,0.0,1999.0
Mar,Toys & Games,,0.0,0.0,1999.0
Apr,Toys & Games,,0.0,0.0,1999.0
May,Toys & Games,,0.0,0.0,1999.0
Jun,Toys & Games,,0.0,0.0,1999.0
Jul,Toys & Games,,0.0,0.0,1999.0
Aug,Toys & Games,,0.0,0.0,1999.0
Sep,Toys & Games,,0.0,0.0,1999.0
Oct,Toys & Games,,0.0,0.0,1999.0
Nov,Toys & Games,,0.0,0.0,1999.0
Dec,Toys & Games,,0.0,0.0,1999.0
Jan,Toys & Games,,0.0,0.0,2000.0
Feb,Toys & Games,,0.0,0.0,2000.0
Mar,Toys & Games,,0.0,0.0,2000.0
Apr,Toys & Games,,0.0,0.0,2000.0
May,Toys & Games,,0.0,0.0,2000.0
Jun,Toys & Games,,0.0,0.0,2000.0
Jul,Toys & Games,,0.0,0.0,2000.0
Aug,Toys & Games,,0.0,0.0,2000.0
Sep,Toys & Games,,0.0,0.0,2000.0
Oct,Toys & Games,2000-10,5.0,1.0,2000.0
Nov,Toys & Games,2000-11,4.666666666666667,3.0,2000.0
Dec,Toys & Games,,0.0,0.0,2000.0
Jan,Toys & Games,2001-01,4.0,1.0,2001.0
Feb,Toys & Games,2001-02,4.5,2.0,2001.0
Mar,Toys & Games,,0.0,0.0,2001.0
Apr,Toys & Games,2001-04,1.0,1.0,2001.0
May,Toys & Games,2001-05,5.0,1.0,2001.0
Jun,Toys & Games,2001-06,4.333333333333333,3.0,2001.0
Jul,Toys & Games,,0.0,0.0,2001.0
Aug,Toys & Games,2001-08,4.0,4.0,2001.0
Sep,Toys & Games,2001-09,3.6666666666666665,3.0,2001.0
Oct,Toys & Games,2001-10,5.0,2.0,2001.0
Nov,Toys & Games,2001-11,4.0,2.0,2001.0
Dec,Toys & Games,2001-12,1.5,2.0,2001.0
Jan,Toys & Games,2002-01,4.333333333333333,3.0,2002.0
Feb,Toys & Games,2002-02,5.0,1.0,2002.0
Mar,Toys & Games,2002-03,5.0,2.0,2002.0
Apr,Toys & Games,,0.0,0.0,2002.0
May,Toys & Games,2002-05,5.0,1.0,2002.0
Jun,Toys & Games,2002-06,5.0,2.0,2002.0
Jul,Toys & Games,2002-07,3.5,2.0,2002.0
Aug,Toys & Games,,0.0,0.0,2002.0
Sep,Toys & Games,2002-09,5.0,2.0,2002.0
Oct,Toys & Games,,0.0,0.0,2002.0
Nov,Toys & Games,2002-11,4.5,2.0,2002.0
Dec,Toys & Games,,0.0,0.0,2002.0
Jan,Toys & Games,,0.0,0.0,2003.0
Feb,Toys & Games,,0.0,0.0,2003.0
Mar,Toys & Games,,0.0,0.0,2003.0
Apr,Toys & Games,,0.0,0.0,2003.0
May,Toys & Games,2003-05,4.0,2.0,2003.0
Jun,Toys & Games,2003-06,1.0,1.0,2003.0
Jul,Toys & Games,2003-07,1.0,1.0,2003.0
Aug,Toys & Games,2003-08,4.5,2.0,2003.0
Sep,Toys & Games,2003-09,5.0,1.0,2003.0
Oct,Toys & Games,2003-10,4.5,2.0,2003.0
Nov,Toys & Games,2003-11,5.0,2.0,2003.0
Dec,Toys & Games,2003-12,4.0,1.0,2003.0
Jan,Toys & Games,,0.0,0.0,2004.0
Feb,Toys & Games,,0.0,0.0,2004.0
Mar,Toys & Games,,0.0,0.0,2004.0
Apr,Toys & Games,,0.0,0.0,2004.0
May,Toys & Games,,0.0,0.0,2004.0
Jun,Toys & Games,2004-06,5.0,1.0,2004.0
Jul,Toys & Games,2004-07,5.0,2.0,2004.0
Aug,Toys & Games,2004-08,2.69,9.0,2004.0
Sep,Toys & Games,2004-09,4.0,7.0,2004.0
Oct,Toys & Games,2004-10,4.75,5.0,2004.0
Nov,Toys & Games,2004-11,4.0,2.0,2004.0
Dec,Toys & Games,2004-12,5.0,1.0,2004.0
Jan,Toys & Games,2005-01,5.0,1.0,2005.0
Feb,Toys & Games,2005-02,5.0,1.0,2005.0
Mar,Toys & Games,2005-03,5.0,1.0,2005.0
Apr,Toys & Games,2005-04,3.0,1.0,2005.0
May,Toys & Games,2005-05,5.0,3.0,2005.0
Jun,Toys & Games,2005-06,3.0,1.0,2005.0
Jul,Toys & Games,,0.0,0.0,2005.0
Aug,Toys & Games,2005-08,3.0,3.0,2005.0
Sep,Toys & Games,2005-09,5.0,2.0,2005.0
Oct,Toys & Games,2005-10,5.0,1.0,2005.0
Nov,Toys & Games,2005-11,4.0,2.0,2005.0
Dec,Toys & Games,2005-12,5.0,1.0,2005.0
Jan,Toys & Games,2006-01,5.0,1.0,2006.0
Feb,Toys & Games,2006-02,5.0,2.0,2006.0
Mar,Toys & Games,2006-03,4.0,2.0,2006.0
Apr,Toys & Games,,0.0,0.0,2006.0
May,Toys & Games,,0.0,0.0,2006.0
Jun,Toys & Games,2006-06,3.0,1.0,2006.0
Jul,Toys & Games,2006-07,4.666666666666667,3.0,2006.0
Aug,Toys & Games,,0.0,0.0,2006.0
Sep,Toys & Games,,0.0,0.0,2006.0
Oct,Toys & Games,2006-10,5.0,1.0,2006.0
Nov,Toys & Games,2006-11,1.0,1.0,2006.0
Dec,Toys & Games,,0.0,0.0,2006.0
Jan,Toys & Games,2007-01,4.6,5.0,2007.0
Feb,Toys & Games,2007-02,2.0,1.0,2007.0
Mar,Toys & Games,,0.0,0.0,2007.0
Apr,Toys & Games,2007-04,3.3333333333333335,3.0,2007.0
May,Toys & Games,2007-05,5.0,1.0,2007.0
Jun,Toys & Games,2007-06,5.0,1.0,2007.0
Jul,Toys & Games,2007-07,1.0,2.0,2007.0
Aug,Toys & Games,2007-08,4.666666666666667,3.0,2007.0
Sep,Toys & Games,2007-09,5.0,1.0,2007.0
Oct,Toys & Games,2007-10,1.0,1.0,2007.0
Nov,Toys & Games,2007-11,4.0,1.0,2007.0
Dec,Toys & Games,2007-12,2.165,4.0,2007.0
Jan,Toys & Games,2008-01,4.625,5.0,2008.0
Feb,Toys & Games,2008-02,4.5,4.0,2008.0
Mar,Toys & Games,2008-03,4.666666666666667,3.0,2008.0
Apr,Toys & Games,2008-04,5.0,3.0,2008.0
May,Toys & Games,2008-05,4.5,2.0,2008.0
Jun,Toys & Games,2008-06,3.0,2.0,2008.0
Jul,Toys & Games,2008-07,4.5,2.0,2008.0
Aug,Toys & Games,2008-08,5.0,2.0,2008.0
Sep,Toys & Games,2008-09,4.166666666666667,7.0,2008.0
Oct,Toys & Games,2008-10,2.675,11.0,2008.0
Nov,Toys & Games,2008-11,4.3825,11.0,2008.0
Dec,Toys & Games,2008-12,3.9528571428571433,13.0,2008.0
Jan,Toys & Games,2009-01,4.571,33.0,2009.0
Feb,Toys & Games,2009-02,3.65875,14.0,2009.0
Mar,Toys & Games,2009-03,4.875,7.0,2009.0
Apr,Toys & Games,2009-04,4.875,9.0,2009.0
May,Toys & Games,2009-05,4.75,6.0,2009.0
Jun,Toys & Games,2009-06,4.5,8.0,2009.0
Jul,Toys & Games,2009-07,3.6,6.0,2009.0
Aug,Toys & Games,2009-08,3.5,9.0,2009.0
Sep,Toys & Games,2009-09,4.5,4.0,2009.0
Oct,Toys & Games,2009-10,4.6,10.0,2009.0
Nov,Toys & Games,2009-11,4.6875,10.0,2009.0
Dec,Toys & Games,2009-12,4.083333333333333,11.0,2009.0
Jan,Toys & Games,2010-01,4.452857142857143,13.0,2010.0
Feb,Toys & Games,2010-02,3.8636363636363638,15.0,2010.0
Mar,Toys & Games,2010-03,4.2,7.0,2010.0
Apr,Toys & Games,2010-04,5.0,6.0,2010.0
May,Toys & Games,2010-05,4.0,7.0,2010.0
Jun,Toys & Games,2010-06,4.83375,10.0,2010.0
Jul,Toys & Games,2010-07,5.0,5.0,2010.0
Aug,Toys & Games,2010-08,4.375,6.0,2010.0
Sep,Toys & Games,2010-09,3.625,8.0,2010.0
Oct,Toys & Games,2010-10,4.75,8.0,2010.0
Nov,Toys & Games,2010-11,4.222222222222222,9.0,2010.0
Dec,Toys & Games,2010-12,3.4583333333333335,14.0,2010.0
Jan,Toys & Games,2011-01,3.564,24.0,2011.0
Feb,Toys & Games,2011-02,3.857142857142857,10.0,2011.0
Mar,Toys & Games,2011-03,4.45,12.0,2011.0
Apr,Toys & Games,2011-04,4.0,13.0,2011.0
May,Toys & Games,2011-05,4.333333333333333,16.0,2011.0
Jun,Toys & Games,2011-06,3.8125,12.0,2011.0
Jul,Toys & Games,2011-07,4.375,10.0,2011.0
Aug,Toys & Games,2011-08,3.875,8.0,2011.0
Sep,Toys & Games,2011-09,4.611111111111111,10.0,2011.0
Oct,Toys & Games,2011-10,4.181818181818182,11.0,2011.0
Nov,Toys & Games,2011-11,4.222222222222222,12.0,2011.0
Dec,Toys & Games,2011-12,4.230769230769231,20.0,2011.0
Jan,Toys & Games,2012-01,4.613636363636363,17.0,2012.0
Feb,Toys & Games,2012-02,3.142857142857143,7.0,2012.0
Mar,Toys & Games,2012-03,4.75,9.0,2012.0
Apr,Toys & Games,2012-04,3.857142857142857,7.0,2012.0
May,Toys & Games,2012-05,3.926666666666667,13.0,2012.0
Jun,Toys & Games,2012-06,4.5,8.0,2012.0
Jul,Toys & Games,2012-07,3.8214285714285716,17.0,2012.0
Aug,Toys & Games,2012-08,4.636363636363637,16.0,2012.0
Sep,Toys & Games,2012-09,4.375,16.0,2012.0
Oct,Toys & Games,2012-10,4.509444444444444,26.0,2012.0
Nov,Toys & Games,2012-11,4.1468421052631586,29.0,2012.0
Dec,Toys & Games,2012-12,4.489117647058824,91.0,2012.0
Jan,Toys & Games,2013-01,4.443829787234042,116.0,2013.0
Feb,Toys & Games,2013-02,4.459696969696969,61.0,2013.0
Mar,Toys & Games,2013-03,4.773548387096774,57.0,2013.0
Apr,Toys & Games,2013-04,4.17,51.0,2013.0
May,Toys & Games,2013-05,4.519,48.0,2013.0
Jun,Toys & Games,2013-06,4.33,45.0,2013.0
Jul,Toys & Games,2013-07,4.176829268292683,65.0,2013.0
Aug,Toys & Games,2013-08,4.232647058823529,66.0,2013.0
Sep,Toys & Games,2013-09,4.540344827586207,48.0,2013.0
Oct,Toys & Games,2013-10,4.245526315789474,56.0,2013.0
Nov,Toys & Games,2013-11,4.48,32.0,2013.0
Dec,Toys & Games,2013-12,4.272608695652174,80.0,2013.0
Jan,Toys & Games,2014-01,4.1847916666666665,105.0,2014.0
Feb,Toys & Games,2014-02,4.3225,51.0,2014.0
Mar,Toys & Games,2014-03,4.306041666666666,75.0,2014.0
Apr,Toys & Games,2014-04,4.386153846153846,69.0,2014.0
May,Toys & Games,2014-05,4.448333333333333,63.0,2014.0
Jun,Toys & Games,2014-06,4.268139534883721,60.0,2014.0
Jul,Toys & Games,2014-07,4.392758620689655,84.0,2014.0
Aug,Toys & Games,2014-08,4.460909090909091,97.0,2014.0
Sep,Toys & Games,2014-09,4.25037037037037,80.0,2014.0
Oct,Toys & Games,2014-10,4.626607142857142,85.0,2014.0
Nov,Toys & Games,2014-11,4.315535714285714,83.0,2014.0
Dec,Toys & Games,2014-12,4.4375949367088605,167.0,2014.0
Jan,Toys & Games,2015-01,4.417674418604651,196.0,2015.0
Feb,Toys & Games,2015-02,4.484893617021276,184.0,2015.0
Mar,Toys & Games,2015-03,4.541818181818182,181.0,2015.0
Apr,Toys & Games,2015-04,4.450128205128205,167.0,2015.0
May,Toys & Games,2015-05,4.637874999999999,148.0,2015.0
Jun,Toys & Games,2015-06,4.639285714285714,121.0,2015.0
Jul,Toys & Games,2015-07,4.296666666666667,166.0,2015.0
Aug,Toys & Games,2015-08,4.524719101123595,161.0,2015.0
Sep,Toys & Games,2015-09,4.454457831325302,134.0,2015.0
Oct,Toys & Games,2015-10,4.5397058823529415,185.0,2015.0
Nov,Toys & Games,2015-11,4.377741935483871,178.0,2015.0
Dec,Toys & Games,2015-12,4.21940594059406,223.0,2015.0
Jan,Toys & Games,2016-01,4.516637931034483,296.0,2016.0
Feb,Toys & Games,2016-02,4.584833333333333,259.0,2016.0
Mar,Toys & Games,2016-03,4.480818181818182,275.0,2016.0
Apr,Toys & Games,2016-04,4.5098,214.0,2016.0
May,Toys & Games,2016-05,4.453263157894737,209.0,2016.0
Jun,Toys & Games,2016-06,4.202075471698113,198.0,2016.0
Jul,Toys & Games,2016-07,4.5075510204081635,219.0,2016.0
Aug,Toys & Games,2016-08,4.495918367346939,230.0,2016.0
Sep,Toys & Games,2016-09,4.4802,220.0,2016.0
Oct,Toys & Games,2016-10,4.4469072164948455,210.0,2016.0
Nov,Toys & Games,2016-11,4.25340206185567,198.0,2016.0
Dec,Toys & Games,2016-12,4.551760563380282,341.0,2016.0
Jan,Toys & Games,2017-01,4.4226829268292684,394.0,2017.0
Feb,Toys & Games,2017-02,4.612748091603053,255.0,2017.0
Mar,Toys & Games,2017-03,4.541644736842105,308.0,2017.0
Apr,Toys & Games,2017-04,4.362063492063492,243.0,2017.0
May,Toys & Games,2017-05,4.408301886792453,208.0,2017.0
Jun,Toys & Games,2017-06,4.35563025210084,203.0,2017.0
Jul,Toys & Games,2017-07,4.352222222222222,241.0,2017.0
Aug,Toys & Games,2017-08,4.401142857142857,223.0,2017.0
Sep,Toys & Games,2017-09,4.3781679389312975,263.0,2017.0
Oct,Toys & Games,2017-10,4.297058823529412,215.0,2017.0
Nov,Toys & Games,2017-11,4.423090909090909,217.0,2017.0
Dec,Toys & Games,2017-12,4.177603305785124,251.0,2017.0
Jan,Toys & Games,2018-01,4.402820512820513,401.0,2018.0
Feb,Toys & Games,2018-02,4.190860927152318,327.0,2018.0
Mar,Toys & Games,2018-03,4.230833333333333,325.0,2018.0
Apr,Toys & Games,2018-04,4.338759124087591,266.0,2018.0
May,Toys & Games,2018-05,4.272301587301587,251.0,2018.0
Jun,Toys & Games,2018-06,4.3624637681159415,239.0,2018.0
Jul,Toys & Games,2018-07,4.210583941605839,263.0,2018.0
Aug,Toys & Games,2018-08,4.299133333333334,258.0,2018.0
Sep,Toys & Games,2018-09,4.348421052631579,184.0,2018.0
Oct,Toys & Games,2018-10,4.336981132075472,208.0,2018.0
Nov,Toys & Games,2018-11,4.462954545454545,235.0,2018.0
Dec,Toys & Games,2018-12,4.459772727272727,349.0,2018.0
Jan,Toys & Games,2019-01,4.3521719457013575,471.0,2019.0
Feb,Toys & Games,2019-02,4.307628205128205,299.0,2019.0
Mar,Toys & Games,2019-03,4.4320118343195265,326.0,2019.0
Apr,Toys & Games,2019-04,4.374054054054054,227.0,2019.0
May,Toys & Games,2019-05,4.428734939759036,274.0,2019.0
Jun,Toys & Games,2019-06,4.425642458100559,301.0,2019.0
Jul,Toys & Games,2019-07,4.34906103286385,438.0,2019.0
Aug,Toys & Games,2019-08,4.3256,300.0,2019.0
Sep,Toys & Games,2019-09,4.371739130434783,301.0,2019.0
Oct,Toys & Games,2019-10,4.399883720930233,280.0,2019.0
Nov,Toys & Games,2019-11,4.317700534759358,340.0,2019.0
Dec,Toys & Games,2019-12,4.271958041958042,740.0,2019.0
Jan,Toys & Games,2020-01,4.272619047619048,801.0,2020.0
Feb,Toys & Games,2020-02,4.374886363636364,623.0,2020.0
Mar,Toys & Games,2020-03,4.25635922330097,406.0,2020.0
Apr,Toys & Games,2020-04,4.181702127659574,306.0,2020.0
May,Toys & Games,2020-05,4.172784810126583,404.0,2020.0
Jun,Toys & Games,2020-06,4.136288659793815,317.0,2020.0
Jul,Toys & Games,2020-07,4.172642487046632,325.0,2020.0
Aug,Toys & Games,2020-08,4.37775956284153,327.0,2020.0
Sep,Toys & Games,2020-09,4.229569892473118,324.0,2020.0
Oct,Toys & Games,2020-10,4.227653631284916,335.0,2020.0
Nov,Toys & Games,2020-11,4.102422360248447,295.0,2020.0
Dec,Toys & Games,2020-12,4.150658436213992,544.0,2020.0
Jan,Toys & Games,2021-01,4.259931740614335,648.0,2021.0
Feb,Toys & Games,2021-02,4.247366071428571,433.0,2021.0
Mar,Toys & Games,2021-03,4.1314453125,527.0,2021.0
Apr,Toys & Games,2021-04,4.154842519685039,502.0,2021.0
May,Toys & Games,2021-05,4.127433628318584,390.0,2021.0
Jun,Toys & Games,2021-06,4.065291262135923,362.0,2021.0
Jul,Toys & Games,2021-07,4.179468085106383,368.0,2021.0
Aug,Toys & Games,2021-08,4.017368421052632,405.0,2021.0
Sep,Toys & Games,2021-09,3.9813736263736264,274.0,2021.0
Oct,Toys & Games,2021-10,4.067484662576687,249.0,2021.0
Nov,Toys & Games,2021-11,3.9479144385026737,291.0,2021.0
Dec,Toys & Games,2021-12,3.9025112107623317,412.0,2021.0
Jan,Toys & Games,2022-01,4.2010502283105025,462.0,2022.0
Feb,Toys & Games,2022-02,3.967183908045977,279.0,2022.0
Mar,Toys & Games,2022-03,3.9946700507614215,333.0,2022.0
Apr,Toys & Games,2022-04,4.107729729729729,313.0,2022.0
May,Toys & Games,2022-05,4.018066298342541,288.0,2022.0
Jun,Toys & Games,2022-06,4.1289204545454545,313.0,2022.0
Jul,Toys & Games,2022-07,4.0216379310344825,412.0,2022.0
Aug,Toys & Games,2022-08,4.063587443946188,382.0,2022.0
Sep,Toys & Games,2022-09,4.0103,330.0,2022.0
Oct,Toys & Games,2022-10,4.132535211267606,332.0,2022.0
Nov,Toys & Games,2022-11,4.124708737864078,310.0,2022.0
Dec,Toys & Games,2022-12,4.055182186234818,491.0,2022.0
Jan,Toys & Games,2023-01,4.031924528301887,510.0,2023.0
Feb,Toys & Games,2023-02,3.7776470588235296,396.0,2023.0
Mar,Toys & Games,2023-03,3.9545173745173745,494.0,2023.0
Apr,Toys & Games,2023-04,4.0730582524271846,334.0,2023.0
May,Toys & Games,2023-05,4.204296875,169.0,2023.0
Jun,Toys & Games,2023-06,4.0284615384615385,116.0,2023.0
Jul,Toys & Games,2023-07,4.154857142857143,87.0,2023.0
Aug,Toys & Games,2023-08,4.401960784313726,55.0,2023.0
Sep,Toys & Games,2023-09,3.0,3.0,2023.0
Jan,Video Games,,0.0,0.0,1998.0
Feb,Video Games,,0.0,0.0,1998.0
Mar,Video Games,,0.0,0.0,1998.0
Apr,Video Games,,0.0,0.0,1998.0
May,Video Games,,0.0,0.0,1998.0
Jun,Video Games,,0.0,0.0,1998.0
Jul,Video Games,,0.0,0.0,1998.0
Aug,Video Games,,0.0,0.0,1998.0
Sep,Video Games,,0.0,0.0,1998.0
Oct,Video Games,,0.0,0.0,1998.0
Nov,Video Games,,0.0,0.0,1998.0
Dec,Video Games,,0.0,0.0,1998.0
Jan,Video Games,,0.0,0.0,1999.0
Feb,Video Games,,0.0,0.0,1999.0
Mar,Video Games,1999-03,5.0,1.0,1999.0
Apr,Video Games,1999-04,4.0,1.0,1999.0
May,Video Games,1999-05,4.0,1.0,1999.0
Jun,Video Games,1999-06,5.0,1.0,1999.0
Jul,Video Games,,0.0,0.0,1999.0
Aug,Video Games,1999-08,1.0,1.0,1999.0
Sep,Video Games,1999-09,5.0,1.0,1999.0
Oct,Video Games,1999-10,3.5,2.0,1999.0
Nov,Video Games,1999-11,4.140480769230769,148.0,1999.0
Dec,Video Games,1999-12,4.061328125,242.0,1999.0
Jan,Video Games,2000-01,3.9184920634920637,224.0,2000.0
Feb,Video Games,2000-02,3.926875,159.0,2000.0
Mar,Video Games,2000-03,4.153793103448276,167.0,2000.0
Apr,Video Games,2000-04,4.190197368421052,246.0,2000.0
May,Video Games,2000-05,4.1087861271676305,297.0,2000.0
Jun,Video Games,2000-06,4.152648648648649,322.0,2000.0
Jul,Video Games,2000-07,4.045784753363229,398.0,2000.0
Aug,Video Games,2000-08,4.130694444444445,487.0,2000.0
Sep,Video Games,2000-09,4.102741935483871,380.0,2000.0
Oct,Video Games,2000-10,4.1837716262975775,464.0,2000.0
Nov,Video Games,2000-11,3.829430894308943,638.0,2000.0
Dec,Video Games,2000-12,4.003947368421053,707.0,2000.0
Jan,Video Games,2001-01,3.849017199017199,712.0,2001.0
Feb,Video Games,2001-02,3.9628285714285716,580.0,2001.0
Mar,Video Games,2001-03,3.9365950920245396,528.0,2001.0
Apr,Video Games,2001-04,4.041650485436893,542.0,2001.0
May,Video Games,2001-05,3.9520822622107965,647.0,2001.0
Jun,Video Games,2001-06,3.8666917293233083,803.0,2001.0
Jul,Video Games,2001-07,3.970076335877863,948.0,2001.0
Aug,Video Games,2001-08,4.01703781512605,831.0,2001.0
Sep,Video Games,2001-09,3.966487804878049,652.0,2001.0
Oct,Video Games,2001-10,3.9605858585858584,897.0,2001.0
Nov,Video Games,2001-11,3.944496,1462.0,2001.0
Dec,Video Games,2001-12,3.886479099678456,1553.0,2001.0
Jan,Video Games,2002-01,3.986385737439222,1486.0,2002.0
Feb,Video Games,2002-02,3.930061728395062,1004.0,2002.0
Mar,Video Games,2002-03,3.9117504655493485,1132.0,2002.0
Apr,Video Games,2002-04,4.09906309751434,1086.0,2002.0
May,Video Games,2002-05,4.03143153526971,866.0,2002.0
Jun,Video Games,2002-06,3.9444444444444446,1163.0,2002.0
Jul,Video Games,2002-07,4.08092803030303,1135.0,2002.0
Aug,Video Games,2002-08,3.9676274509803924,949.0,2002.0
Sep,Video Games,2002-09,4.0653125,955.0,2002.0
Oct,Video Games,2002-10,3.903422818791946,1241.0,2002.0
Nov,Video Games,2002-11,3.8047317073170728,1310.0,2002.0
Dec,Video Games,2002-12,3.8719607843137256,1391.0,2002.0
Jan,Video Games,2003-01,3.9024922600619196,1349.0,2003.0
Feb,Video Games,2003-02,3.9543725490196078,940.0,2003.0
Mar,Video Games,2003-03,3.92285,1158.0,2003.0
Apr,Video Games,2003-04,3.8222909698996657,1104.0,2003.0
May,Video Games,2003-05,3.9319883040935673,930.0,2003.0
Jun,Video Games,2003-06,3.9936630036630034,1027.0,2003.0
Jul,Video Games,2003-07,4.038198473282443,1154.0,2003.0
Aug,Video Games,2003-08,3.9120776699029127,914.0,2003.0
Sep,Video Games,2003-09,3.9694526315789473,881.0,2003.0
Oct,Video Games,2003-10,3.9443772893772895,1022.0,2003.0
Nov,Video Games,2003-11,3.9083414634146343,1260.0,2003.0
Dec,Video Games,2003-12,3.946269503546099,1650.0,2003.0
Jan,Video Games,2004-01,3.832207084468665,1496.0,2004.0
Feb,Video Games,2004-02,3.8562956204379564,914.0,2004.0
Mar,Video Games,2004-03,3.9554861111111115,1038.0,2004.0
Apr,Video Games,2004-04,3.842107023411371,1049.0,2004.0
May,Video Games,2004-05,3.8423764258555133,854.0,2004.0
Jun,Video Games,2004-06,3.9198426573426577,1056.0,2004.0
Jul,Video Games,2004-07,3.9693363499245855,1230.0,2004.0
Aug,Video Games,2004-08,3.9078719723183393,1095.0,2004.0
Sep,Video Games,2004-09,3.815407407407408,1150.0,2004.0
Oct,Video Games,2004-10,3.858058419243986,1182.0,2004.0
Nov,Video Games,2004-11,3.891583850931677,1894.0,2004.0
Dec,Video Games,2004-12,3.827954866008463,1609.0,2004.0
Jan,Video Games,2005-01,3.760986342943854,1404.0,2005.0
Feb,Video Games,2005-02,3.7762942271880817,942.0,2005.0
Mar,Video Games,2005-03,3.8338747884940783,1315.0,2005.0
Apr,Video Games,2005-04,3.848341543513957,1218.0,2005.0
May,Video Games,2005-05,3.8284869565217394,1131.0,2005.0
Jun,Video Games,2005-06,3.8973839009287925,1131.0,2005.0
Jul,Video Games,2005-07,3.937651403249631,1238.0,2005.0
Aug,Video Games,2005-08,3.9052503793626707,1202.0,2005.0
Sep,Video Games,2005-09,3.94094387755102,1322.0,2005.0
Oct,Video Games,2005-10,3.7819681620839365,1342.0,2005.0
Nov,Video Games,2005-11,3.8380330123796425,1648.0,2005.0
Dec,Video Games,2005-12,3.735327564894932,1739.0,2005.0
Jan,Video Games,2006-01,3.8155488540410136,1463.0,2006.0
Feb,Video Games,2006-02,3.8255963302752294,1108.0,2006.0
Mar,Video Games,2006-03,3.8806282722513092,1493.0,2006.0
Apr,Video Games,2006-04,3.7668740031897925,1139.0,2006.0
May,Video Games,2006-05,3.7456133828996285,909.0,2006.0
Jun,Video Games,2006-06,3.744183514774495,1072.0,2006.0
Jul,Video Games,2006-07,3.773356070941337,1293.0,2006.0
Aug,Video Games,2006-08,3.9094066570188133,1145.0,2006.0
Sep,Video Games,2006-09,3.6929753914988814,794.0,2006.0
Oct,Video Games,2006-10,3.77137330754352,941.0,2006.0
Nov,Video Games,2006-11,3.8067832167832165,1963.0,2006.0
Dec,Video Games,2006-12,3.601232704402516,1749.0,2006.0
Jan,Video Games,2007-01,3.952241029113067,4012.0,2007.0
Feb,Video Games,2007-02,3.8253153153153154,1695.0,2007.0
Mar,Video Games,2007-03,3.9139905213270145,2187.0,2007.0
Apr,Video Games,2007-04,3.8376,1461.0,2007.0
May,Video Games,2007-05,4.026139359698682,2164.0,2007.0
Jun,Video Games,2007-06,3.845850815850816,1577.0,2007.0
Jul,Video Games,2007-07,3.8814553014553015,1873.0,2007.0
Aug,Video Games,2007-08,3.9397833523375145,1748.0,2007.0
Sep,Video Games,2007-09,3.9033835457705677,1794.0,2007.0
Oct,Video Games,2007-10,3.803031283710895,1941.0,2007.0
Nov,Video Games,2007-11,3.835917948717949,2290.0,2007.0
Dec,Video Games,2007-12,3.897428803905614,3107.0,2007.0
Jan,Video Games,2008-01,3.851628407460545,3593.0,2008.0
Feb,Video Games,2008-02,3.85598731884058,2395.0,2008.0
Mar,Video Games,2008-03,3.8817988929889298,2362.0,2008.0
Apr,Video Games,2008-04,3.8773486238532113,2366.0,2008.0
May,Video Games,2008-05,3.8312794918330306,2516.0,2008.0
Jun,Video Games,2008-06,3.9204939341421143,2728.0,2008.0
Jul,Video Games,2008-07,3.8763584752635847,2697.0,2008.0
Aug,Video Games,2008-08,3.828990748528175,2297.0,2008.0
Sep,Video Games,2008-09,3.940804224207961,4418.0,2008.0
Oct,Video Games,2008-10,3.9046536267318666,2903.0,2008.0
Nov,Video Games,2008-11,3.9591862284820034,3137.0,2008.0
Dec,Video Games,2008-12,3.8615254237288137,4323.0,2008.0
Jan,Video Games,2009-01,3.92307881773399,6457.0,2009.0
Feb,Video Games,2009-02,3.916093167701863,3795.0,2009.0
Mar,Video Games,2009-03,3.836106821106821,3696.0,2009.0
Apr,Video Games,2009-04,3.862190974493133,3501.0,2009.0
May,Video Games,2009-05,3.9232423857868017,3355.0,2009.0
Jun,Video Games,2009-06,3.9305494505494507,3265.0,2009.0
Jul,Video Games,2009-07,3.8733649932157395,2772.0,2009.0
Aug,Video Games,2009-08,3.8224702589223236,2744.0,2009.0
Sep,Video Games,2009-09,3.8897520148791074,3469.0,2009.0
Oct,Video Games,2009-10,3.908071292170592,3655.0,2009.0
Nov,Video Games,2009-11,3.838765273311897,4134.0,2009.0
Dec,Video Games,2009-12,3.7811037639877925,5458.0,2009.0
Jan,Video Games,2010-01,3.8125802139037432,6189.0,2010.0
Feb,Video Games,2010-02,3.8770710900473935,5629.0,2010.0
Mar,Video Games,2010-03,3.8242399565689467,4877.0,2010.0
Apr,Video Games,2010-04,3.894705882352941,3603.0,2010.0
May,Video Games,2010-05,3.826381818181818,3516.0,2010.0
Jun,Video Games,2010-06,3.8292181588902903,3281.0,2010.0
Jul,Video Games,2010-07,3.8295124593716143,4247.0,2010.0
Aug,Video Games,2010-08,3.793370226895407,3715.0,2010.0
Sep,Video Games,2010-09,3.855614730878187,4013.0,2010.0
Oct,Video Games,2010-10,3.8739936271906528,4651.0,2010.0
Nov,Video Games,2010-11,3.784407606045831,6457.0,2010.0
Dec,Video Games,2010-12,3.80420993227991,8624.0,2010.0
Jan,Video Games,2011-01,3.81530672823219,10025.0,2011.0
Feb,Video Games,2011-02,3.8360154572778016,6039.0,2011.0
Mar,Video Games,2011-03,3.855617744610282,6984.0,2011.0
Apr,Video Games,2011-04,3.864577656675749,5911.0,2011.0
May,Video Games,2011-05,3.8451134846461947,5430.0,2011.0
Jun,Video Games,2011-06,3.8484270152505444,5476.0,2011.0
Jul,Video Games,2011-07,3.7960526315789473,5105.0,2011.0
Aug,Video Games,2011-08,3.9010450737933784,5308.0,2011.0
Sep,Video Games,2011-09,3.9363133832086454,5503.0,2011.0
Oct,Video Games,2011-10,3.9355730050933784,6453.0,2011.0
Nov,Video Games,2011-11,3.8998571428571425,8290.0,2011.0
Dec,Video Games,2011-12,3.841937321937322,10453.0,2011.0
Jan,Video Games,2012-01,3.862344386271088,10658.0,2012.0
Feb,Video Games,2012-02,3.88278293135436,7070.0,2012.0
Mar,Video Games,2012-03,3.8564168530947054,7109.0,2012.0
Apr,Video Games,2012-04,3.916319936958235,5478.0,2012.0
May,Video Games,2012-05,3.8870428510818837,4949.0,2012.0
Jun,Video Games,2012-06,3.8915372424722663,5105.0,2012.0
Jul,Video Games,2012-07,3.9149963126843654,5572.0,2012.0
Aug,Video Games,2012-08,3.8754400606980273,5342.0,2012.0
Sep,Video Games,2012-09,3.88453667953668,5515.0,2012.0
Oct,Video Games,2012-10,3.93373202385128,6625.0,2012.0
Nov,Video Games,2012-11,4.0398549167114455,10676.0,2012.0
Dec,Video Games,2012-12,4.05943433029909,25234.0,2012.0
Jan,Video Games,2013-01,4.106389781021898,28556.0,2013.0
Feb,Video Games,2013-02,4.099113747383112,18653.0,2013.0
Mar,Video Games,2013-03,4.063296722155483,24143.0,2013.0
Apr,Video Games,2013-04,4.085,16959.0,2013.0
May,Video Games,2013-05,4.0828498827208755,14605.0,2013.0
Jun,Video Games,2013-06,4.031366131756757,13527.0,2013.0
Jul,Video Games,2013-07,4.024184640193509,14178.0,2013.0
Aug,Video Games,2013-08,4.023215204909919,14619.0,2013.0
Sep,Video Games,2013-09,4.124536849222448,12823.0,2013.0
Oct,Video Games,2013-10,4.0386401252516215,13740.0,2013.0
Nov,Video Games,2013-11,3.9642445239159585,19213.0,2013.0
Dec,Video Games,2013-12,3.976842739160358,25666.0,2013.0
Jan,Video Games,2014-01,4.034985656047108,30622.0,2014.0
Feb,Video Games,2014-02,4.0433930811973475,18986.0,2014.0
Mar,Video Games,2014-03,4.029099274464696,20137.0,2014.0
Apr,Video Games,2014-04,4.007240392477514,15173.0,2014.0
May,Video Games,2014-05,4.014604796663191,13729.0,2014.0
Jun,Video Games,2014-06,4.016502398604448,12846.0,2014.0
Jul,Video Games,2014-07,4.165538818076477,24189.0,2014.0
Aug,Video Games,2014-08,4.184682694995807,25050.0,2014.0
Sep,Video Games,2014-09,4.199128537025888,23571.0,2014.0
Oct,Video Games,2014-10,4.186080363912055,24012.0,2014.0
Nov,Video Games,2014-11,4.1336352471599636,24812.0,2014.0
Dec,Video Games,2014-12,4.144258203471431,38127.0,2014.0
Jan,Video Games,2015-01,4.1469463729949725,44112.0,2015.0
Feb,Video Games,2015-02,4.181204311733366,34992.0,2015.0
Mar,Video Games,2015-03,4.14097339473011,32417.0,2015.0
Apr,Video Games,2015-04,4.1658993969701426,25689.0,2015.0
May,Video Games,2015-05,4.145767349434424,22780.0,2015.0
Jun,Video Games,2015-06,4.11762934486625,21864.0,2015.0
Jul,Video Games,2015-07,4.118059589758946,24543.0,2015.0
Aug,Video Games,2015-08,4.130445574162679,23743.0,2015.0
Sep,Video Games,2015-09,4.121675915649279,21477.0,2015.0
Oct,Video Games,2015-10,4.115239002699698,22856.0,2015.0
Nov,Video Games,2015-11,4.113234774224651,25709.0,2015.0
Dec,Video Games,2015-12,4.014941497034782,28269.0,2015.0
Jan,Video Games,2016-01,4.089851250845165,34566.0,2016.0
Feb,Video Games,2016-02,4.084751445086705,28306.0,2016.0
Mar,Video Games,2016-03,4.1279536947178705,29706.0,2016.0
Apr,Video Games,2016-04,4.085922578444747,20914.0,2016.0
May,Video Games,2016-05,4.1315472824379516,22783.0,2016.0
Jun,Video Games,2016-06,4.080785197103782,21604.0,2016.0
Jul,Video Games,2016-07,4.093927848954821,20624.0,2016.0
Aug,Video Games,2016-08,4.089078355812459,21712.0,2016.0
Sep,Video Games,2016-09,4.1001566579634465,19828.0,2016.0
Oct,Video Games,2016-10,4.042970749542961,19553.0,2016.0
Nov,Video Games,2016-11,4.020973977695167,20482.0,2016.0
Dec,Video Games,2016-12,4.00631221719457,33967.0,2016.0
Jan,Video Games,2017-01,4.089037912759886,35365.0,2017.0
Feb,Video Games,2017-02,4.089249489448605,21574.0,2017.0
Mar,Video Games,2017-03,4.071015267175572,26681.0,2017.0
Apr,Video Games,2017-04,4.0102707006369425,20705.0,2017.0
May,Video Games,2017-05,4.0189144675276065,18267.0,2017.0
Jun,Video Games,2017-06,3.9837389597644752,16196.0,2017.0
Jul,Video Games,2017-07,3.984057384941267,15976.0,2017.0
Aug,Video Games,2017-08,4.023802495167809,17981.0,2017.0
Sep,Video Games,2017-09,3.9927432094008863,16293.0,2017.0
Oct,Video Games,2017-10,3.9154751803139582,15431.0,2017.0
Nov,Video Games,2017-11,3.9501198083067095,18207.0,2017.0
Dec,Video Games,2017-12,3.8479682011462377,20764.0,2017.0
Jan,Video Games,2018-01,3.9874195106245973,25870.0,2018.0
Feb,Video Games,2018-02,3.969869222500896,19527.0,2018.0
Mar,Video Games,2018-03,3.989695131683958,21364.0,2018.0
Apr,Video Games,2018-04,3.9683375405697805,17662.0,2018.0
May,Video Games,2018-05,3.970398520953164,14502.0,2018.0
Jun,Video Games,2018-06,3.9794781006958657,14628.0,2018.0
Jul,Video Games,2018-07,4.001767337807606,15302.0,2018.0
Aug,Video Games,2018-08,4.03710670176149,15128.0,2018.0
Sep,Video Games,2018-09,4.050584608358072,13058.0,2018.0
Oct,Video Games,2018-10,4.086271077908218,15006.0,2018.0
Nov,Video Games,2018-11,4.076813852813853,16818.0,2018.0
Dec,Video Games,2018-12,4.055002537641685,24523.0,2018.0
Jan,Video Games,2019-01,4.180990800784196,29267.0,2019.0
Feb,Video Games,2019-02,4.1474742464708125,19476.0,2019.0
Mar,Video Games,2019-03,4.1491522648717485,18740.0,2019.0
Apr,Video Games,2019-04,4.115993987975952,14976.0,2019.0
May,Video Games,2019-05,4.142150789012273,15036.0,2019.0
Jun,Video Games,2019-06,4.158099572728961,17178.0,2019.0
Jul,Video Games,2019-07,4.131555215245874,20519.0,2019.0
Aug,Video Games,2019-08,4.1480564971751415,16807.0,2019.0
Sep,Video Games,2019-09,4.094000845844787,14095.0,2019.0
Oct,Video Games,2019-10,4.105779816513762,14088.0,2019.0
Nov,Video Games,2019-11,4.115872104533755,16965.0,2019.0
Dec,Video Games,2019-12,4.031166743934477,30874.0,2019.0
Jan,Video Games,2020-01,4.0705661743411525,34949.0,2020.0
Feb,Video Games,2020-02,4.118190541466758,24683.0,2020.0
Mar,Video Games,2020-03,3.9783784884905278,18326.0,2020.0
Apr,Video Games,2020-04,3.773889119601329,16059.0,2020.0
May,Video Games,2020-05,3.860280356128054,17842.0,2020.0
Jun,Video Games,2020-06,3.8878221675886087,15816.0,2020.0
Jul,Video Games,2020-07,3.931809900990099,16505.0,2020.0
Aug,Video Games,2020-08,3.9688440748440748,14876.0,2020.0
Sep,Video Games,2020-09,3.945826594788859,13680.0,2020.0
Oct,Video Games,2020-10,3.9469103356890463,13793.0,2020.0
Nov,Video Games,2020-11,3.8491623160892265,14368.0,2020.0
Dec,Video Games,2020-12,3.8997162720781664,21368.0,2020.0
Jan,Video Games,2021-01,4.0095849999999995,22459.0,2021.0
Feb,Video Games,2021-02,3.8985279282645244,17620.0,2021.0
Mar,Video Games,2021-03,3.9549657591448137,21506.0,2021.0
Apr,Video Games,2021-04,3.9464986187845303,19181.0,2021.0
May,Video Games,2021-05,3.968926521239954,15660.0,2021.0
Jun,Video Games,2021-06,3.9447443068318018,14186.0,2021.0
Jul,Video Games,2021-07,3.9374598453301606,14566.0,2021.0
Aug,Video Games,2021-08,3.879830172033525,12495.0,2021.0
Sep,Video Games,2021-09,3.854573624194348,10236.0,2021.0
Oct,Video Games,2021-10,3.8295910591821185,10083.0,2021.0
Nov,Video Games,2021-11,3.853034232365145,10337.0,2021.0
Dec,Video Games,2021-12,3.8237253306205496,15368.0,2021.0
Jan,Video Games,2022-01,3.895601128880527,17635.0,2022.0
Feb,Video Games,2022-02,3.8007939966109903,11945.0,2022.0
Mar,Video Games,2022-03,3.835608308605341,13658.0,2022.0
Apr,Video Games,2022-04,3.8804825090470447,11599.0,2022.0
May,Video Games,2022-05,3.8623669250645998,10235.0,2022.0
Jun,Video Games,2022-06,3.8428423066411583,9595.0,2022.0
Jul,Video Games,2022-07,3.849779866435815,11256.0,2022.0
Aug,Video Games,2022-08,3.8657363420427555,12211.0,2022.0
Sep,Video Games,2022-09,3.884677298778968,11177.0,2022.0
Oct,Video Games,2022-10,3.926791915003887,10710.0,2022.0
Nov,Video Games,2022-11,3.9092204164550535,12185.0,2022.0
Dec,Video Games,2022-12,3.879171189979123,15897.0,2022.0
Jan,Video Games,2023-01,4.0003154750793355,17569.0,2023.0
Feb,Video Games,2023-02,3.860726652036089,11720.0,2023.0
Mar,Video Games,2023-03,3.907563507841838,12920.0,2023.0
Apr,Video Games,2023-04,3.8696953872932984,8270.0,2023.0
May,Video Games,2023-05,3.8077646562631795,5096.0,2023.0
Jun,Video Games,2023-06,3.8336342857142856,3400.0,2023.0
Jul,Video Games,2023-07,3.9963951250801797,2910.0,2023.0
Aug,Video Games,2023-08,4.015186832740214,1827.0,2023.0
Sep,Video Games,2023-09,4.207971014492754,148.0,2023.0
