All Electronics,1999,negative,"{\"product\":1,\"racing\":1,\"wheel\":1,\"hp\":1,\"interact\":1,\"reviewer\":1,\"angry\":1,\"quality\":1,\"receiving\":1,\"provide\":1,\"pavilion\":1,\"response\":1,\"buying\":1,\"exists\":1,\"v3\":1,\"support\":1,\"experienced\":1,\"customer\":1}",1
All Electronics,1999,positive,"{\"plane\":1,\"game\":2,\"software\":2,\"falcon\":2,\"program\":2,\"speed\":1,\"button\":5,\"3d\":1,\"reliable\":1,\"random\":2,\"pad\":4,\"playstation\":5,\"price\":2,\"precise\":3,\"signal\":2,\"controller\":5,\"bought\":3,\"cool\":2,\"joystick\":4,\"sidewinder\":2,\"sends\":2,\"pc\":3,\"4\":4,\"gravis\":2,\"keyset\":2}",4
All Electronics,2000,positive,"{\"flight\":7,\"game\":39,\"software\":8,\"thumb\":7,\"usb\":12,\"feel\":15,\"fit\":9,\"button\":35,\"pad\":7,\"playstation\":8,\"feature\":9,\"price\":6,\"stick\":20,\"wingman\":6,\"hand\":16,\"controller\":17,\"excellent\":6,\"joystick\":30,\"control\":14,\"easy\":11,\"analog\":9,\"left\":8,\"gamepad\":15,\"quot\":18,\"gravis\":7}",32
All Electronics,2001,positive,"{\"play\":19,\"game\":121,\"color\":12,\"software\":14,\"usb\":12,\"screen\":11,\"feel\":14,\"boy\":22,\"advance\":11,\"feedback\":13,\"button\":30,\"pad\":12,\"cable\":12,\"pedal\":12,\"wheel\":33,\"gba\":12,\"joystick\":31,\"control\":11,\"easy\":11,\"2\":11,\"gamepad\":12,\"force\":13,\"window\":13,\"time\":17,\"quot\":30}",44
All Electronics,2002,negative,"{\"play\":2,\"game\":4,\"feel\":3,\"depress\":2,\"fighting\":3,\"win2000\":2,\"pad\":5,\"capcom\":2,\"poor\":2,\"horrible\":2,\"basically\":2,\"stick\":2,\"pendulum\":3,\"direction\":2,\"controller\":3,\"mile\":3,\"bought\":3,\"wheel\":4,\"arcade\":2,\"analog\":2,\"emulator\":3,\"unit\":3,\"walked\":3,\"step\":3,\"movement\":2}",6
All Electronics,2003,positive,"{\"play\":32,\"throttle\":19,\"game\":80,\"software\":17,\"usb\":28,\"feel\":20,\"button\":26,\"feedback\":27,\"stick\":27,\"product\":24,\"controller\":42,\"pedal\":33,\"bought\":17,\"wheel\":73,\"joystick\":47,\"control\":18,\"sidewinder\":27,\"pro\":19,\"driver\":18,\"gamepad\":21,\"xp\":19,\"force\":32,\"window\":26,\"time\":31,\"quot\":45}",66
All Electronics,2004,neutral,"{\"product\":1,\"item\":2,\"star\":1,\"usb\":2,\"gamepad\":1,\"assuming\":1,\"description\":1,\"gameport\":1,\"soley\":1,\"assume\":1,\"connetion\":1}",1
All Electronics,2004,positive,"{\"throttle\":12,\"flight\":27,\"game\":44,\"software\":12,\"yoke\":27,\"feel\":22,\"button\":34,\"rudder\":16,\"stick\":39,\"audio\":13,\"cable\":25,\"hand\":18,\"digital\":13,\"product\":18,\"simulator\":15,\"pedal\":27,\"wheel\":23,\"logitech\":15,\"joystick\":27,\"control\":26,\"2\":12,\"gamepad\":20,\"setup\":12,\"time\":14,\"quot\":31}",38
All Electronics,2006,negative,"{\"game\":3,\"housing\":1,\"yoke\":2,\"functionality\":1,\"pad\":1,\"stuck\":1,\"design\":3,\"assembly\":1,\"stick\":2,\"hard\":1,\"digital\":1,\"product\":3,\"bother\":1,\"difficult\":2,\"control\":1,\"push\":1,\"expect\":1,\"plastic\":2,\"unit\":3,\"system\":2,\"money\":1,\"gamepad\":1,\"worst\":1,\"movement\":2,\"return\":2}",7
All Electronics,2007,negative,"{\"flight\":9,\"bad\":2,\"usb\":2,\"yoke\":5,\"feel\":3,\"experience\":3,\"hit\":2,\"realistic\":4,\"fine\":5,\"rudder\":3,\"action\":3,\"stick\":5,\"product\":7,\"pedal\":13,\"issue\":5,\"wheel\":2,\"joystick\":4,\"control\":7,\"real\":3,\"quality\":3,\"brake\":4,\"complaint\":3,\"mounting\":3,\"desk\":8,\"bolt\":3}",14
All Electronics,2007,positive,"{\"throttle\":25,\"flight\":74,\"game\":33,\"usb\":21,\"yoke\":60,\"feel\":41,\"button\":34,\"sim\":28,\"rudder\":30,\"stick\":35,\"product\":57,\"pilot\":19,\"simulator\":28,\"pedal\":67,\"bought\":19,\"wheel\":49,\"joystick\":50,\"control\":45,\"real\":36,\"2\":21,\"desk\":21,\"flying\":44,\"xp\":21,\"window\":19,\"time\":30}",117
All Electronics,2008,negative,"{\"flight\":7,\"game\":5,\"bad\":2,\"precision\":2,\"yoke\":4,\"feel\":2,\"battery\":3,\"spring\":2,\"button\":3,\"feedback\":4,\"feature\":3,\"sim\":4,\"stick\":6,\"cable\":3,\"product\":4,\"joystick\":5,\"control\":4,\"volume\":3,\"descent\":4,\"bass\":4,\"2\":3,\"plastic\":3,\"unit\":5,\"force\":4,\"playing\":5}",11
All Electronics,2010,positive,"{\"flight\":23,\"game\":14,\"software\":11,\"yoke\":9,\"feel\":9,\"program\":10,\"switch\":8,\"button\":10,\"sim\":9,\"stick\":21,\"cable\":18,\"controller\":11,\"product\":12,\"pedal\":24,\"bought\":12,\"wheel\":14,\"aircraft\":8,\"logitech\":8,\"joystick\":16,\"control\":18,\"real\":18,\"unit\":10,\"force\":10,\"window\":9,\"time\":11}",44
All Electronics,2011,negative,"{\"throttle\":4,\"game\":4,\"bad\":2,\"yoke\":9,\"dollar\":2,\"properly\":2,\"poor\":2,\"saitek\":4,\"stick\":6,\"listing\":2,\"brand\":2,\"day\":4,\"cable\":7,\"dial\":3,\"actual\":2,\"product\":3,\"gaming\":4,\"original\":2,\"bought\":3,\"store\":2,\"cheap\":2,\"quality\":3,\"cord\":2,\"3\":2,\"time\":4}",8
All Electronics,2011,positive,"{\"play\":12,\"flight\":16,\"throttle\":28,\"game\":17,\"nintendo\":13,\"software\":19,\"button\":14,\"saitek\":7,\"stick\":15,\"cable\":22,\"programming\":9,\"controller\":16,\"product\":19,\"pedal\":7,\"bought\":11,\"joystick\":14,\"control\":9,\"pro\":7,\"super\":9,\"1\":7,\"2\":7,\"av\":8,\"7\":9,\"time\":8,\"window\":12}",34
All Electronics,2012,neutral,"{\"seller\":1,\"game\":1,\"save\":1,\"obsolete\":1,\"program\":1,\"matter\":1,\"vibration\":2,\"button\":1,\"mode\":1,\"feedback\":2,\"model\":1,\"steer\":1,\"representative\":1,\"answered\":1,\"question\":1,\"wheel\":3,\"logitech\":2,\"technology\":1,\"condition\":1,\"driver\":1,\"month\":1,\"gamepad\":1,\"7\":1,\"compatibilty\":1,\"window\":2}",2
All Electronics,2013,negative,"{\"seller\":9,\"flight\":8,\"game\":4,\"nintendo\":5,\"software\":3,\"usb\":7,\"yoke\":10,\"program\":4,\"mac\":4,\"switch\":8,\"seminole\":4,\"engine\":10,\"rudder\":6,\"connection\":4,\"saitek\":4,\"hat\":6,\"cable\":12,\"item\":5,\"product\":8,\"original\":4,\"simulator\":4,\"pedal\":10,\"control\":8,\"real\":4,\"quality\":4}",24
All Electronics,2016,negative,"{\"throttle\":8,\"game\":9,\"bad\":4,\"software\":6,\"roll\":5,\"dead\":4,\"video\":5,\"button\":6,\"disappointed\":7,\"pin\":5,\"design\":4,\"stick\":15,\"cable\":7,\"product\":8,\"pedal\":9,\"issue\":5,\"center\":5,\"quality\":7,\"cord\":13,\"input\":7,\"money\":5,\"connector\":7,\"build\":5,\"time\":5,\"return\":5}",55
All Electronics,2016,positive,"{\"love\":19,\"play\":22,\"flight\":51,\"throttle\":64,\"game\":43,\"nintendo\":28,\"software\":26,\"yoke\":26,\"feel\":70,\"bit\":19,\"button\":73,\"price\":21,\"rudder\":35,\"hat\":19,\"stick\":96,\"cable\":43,\"34\":73,\"product\":50,\"pedal\":66,\"joystick\":45,\"control\":26,\"real\":22,\"pro\":19,\"time\":27,\"movement\":28}",247
All Electronics,2018,negative,"{\"flight\":5,\"throttle\":8,\"bad\":3,\"yoke\":12,\"realism\":3,\"axis\":6,\"button\":6,\"sim\":3,\"stuck\":3,\"useless\":3,\"power\":4,\"pitch\":4,\"signal\":3,\"cable\":3,\"34\":4,\"pretty\":3,\"product\":6,\"pedal\":8,\"control\":8,\"pro\":3,\"yaw\":4,\"quality\":3,\"lack\":3,\"support\":3,\"return\":5}",24
All Electronics,2019,negative,"{\"45\":3,\"throttle\":3,\"flight\":3,\"bad\":3,\"data\":3,\"curve\":2,\"yoke\":3,\"range\":3,\"axis\":4,\"tight\":3,\"tie\":3,\"defective\":4,\"rudder\":6,\"stick\":3,\"saitek\":3,\"close\":3,\"product\":3,\"pedal\":8,\"joystick\":5,\"control\":3,\"quality\":3,\"stay\":3,\"ax\":3,\"plug\":3,\"time\":5}",18
All Electronics,2019,neutral,"{\"searching\":1,\"box\":2,\"life\":1,\"properly\":1,\"unusable\":2,\"total\":1,\"hour\":1,\"design\":1,\"sending\":1,\"dispite\":1,\"ítem\":1,\"art\":1,\"pedal\":1,\"bought\":1,\"center\":2,\"sense\":1,\"real\":1,\"driver\":1,\"left\":1,\"airplane\":1,\"80\":1,\"reset\":1,\"junk\":2,\"time\":1,\"position\":1}",9
All Electronics,2019,positive,"{\"flight\":20,\"throttle\":22,\"software\":10,\"yoke\":15,\"feel\":10,\"bit\":8,\"axis\":13,\"button\":18,\"fine\":9,\"price\":9,\"function\":10,\"rudder\":8,\"stick\":44,\"hand\":11,\"product\":27,\"pedal\":22,\"joystick\":19,\"control\":15,\"pro\":11,\"easy\":8,\"quality\":9,\"left\":9,\"plug\":10,\"time\":8,\"window\":20}",73
All Electronics,2020,negative,"{\"plane\":3,\"flight\":5,\"software\":3,\"bad\":3,\"yoke\":7,\"dead\":4,\"video\":7,\"axis\":6,\"setting\":3,\"sim\":5,\"function\":5,\"rudder\":6,\"warranty\":5,\"company\":4,\"proof\":3,\"product\":8,\"pilot\":3,\"simulator\":4,\"set\":4,\"pedal\":18,\"issue\":5,\"purchase\":5,\"joystick\":8,\"control\":4,\"buying\":3}",14
All Electronics,2020,neutral,"{\"broken\":1,\"love\":1,\"flight\":1,\"performs\":1,\"solidly\":1,\"product\":1,\"built\":1,\"bought\":1,\"expected\":1,\"multiple\":1,\"sims\":1,\"responds\":1,\"handle\":1,\"withdrawal\":1,\"properly\":1,\"month\":1,\"6\":1,\"contact\":1,\"respond\":1}",3
All Electronics,2021,negative,"{\"flight\":1,\"reason\":1,\"throttle\":1,\"deal\":2,\"bad\":1,\"paperweight\":1,\"software\":7,\"sims\":3,\"axis\":2,\"jittering\":1,\"lot\":1,\"button\":2,\"thrustmaster\":1,\"crashed\":1,\"ignore\":1,\"construction\":1,\"stick\":7,\"win\":1,\"pretty\":1,\"controller\":2,\"joystick\":2,\"2\":2,\"appearance\":2,\"month\":3,\"time\":2}",4
All Electronics,2021,neutral,"{\"pilot\":1,\"month\":1,\"hour\":1,\"money\":1,\"review\":1,\"madcatz\":1,\"update\":1,\"junk\":1,\"waist\":1,\"brand\":1,\"spec\":1}",2
All Electronics,2022,negative,"{\"flight\":1,\"bad\":2,\"yoke\":2,\"recognized\":1,\"box\":3,\"float\":2,\"axis\":2,\"xplane11\":1,\"rudder\":3,\"brand\":1,\"item\":2,\"product\":4,\"pedal\":1,\"issue\":1,\"bought\":1,\"assignment\":1,\"center\":1,\"bound\":1,\"msfs2020\":1,\"started\":1,\"amazon\":2,\"fly\":1,\"purchased\":2,\"essentially\":2,\"return\":2}",5
All Electronics,2023,negative,"{\"waste\":1,\"game\":1,\"racing\":1,\"perfect\":1,\"bad\":1,\"compatible\":1,\"modern\":1,\"money\":1,\"mounting\":2,\"raceroom\":1,\"job\":1,\"beamng\":1}",3
Cell Phone & Camera w. Accessories,2003,negative,"{\"stupid\":1,\"reason\":1,\"game\":3,\"pod\":1,\"conveyed\":1,\"frustrating\":1,\"speed\":1,\"advance\":1,\"rented\":1,\"fall\":1,\"feature\":1,\"spend\":1,\"nemesis\":1,\"redeeming\":1,\"graphic\":1,\"star\":1,\"race\":1,\"level\":1,\"pay\":1,\"war\":1,\"sense\":1,\"sort\":1,\"accurately\":1,\"lead\":1,\"guess\":2}",1
Computers,2000,positive,"{\"game\":23,\"memory\":27,\"saved\":3,\"madcatz\":2,\"save\":14,\"psx2\":3,\"meg\":2,\"ps2\":20,\"hold\":2,\"ps1\":10,\"sony\":2,\"playstation\":2,\"library\":2,\"file\":5,\"extra\":2,\"wo\":2,\"season\":2,\"block\":2,\"original\":2,\"take\":2,\"1\":3,\"playing\":2,\"madden\":2,\"sport\":2,\"card\":29}",8
Computers,2001,neutral,"{\"couple\":1,\"game\":3,\"week\":1,\"memory\":2,\"concerned\":1,\"reliability\":1,\"box\":1,\"died\":1,\"8mb\":1,\"capacity\":1,\"included\":1,\"plugged\":1,\"stopped\":1,\"comparison\":1,\"bought\":1,\"replaced\":1,\"require\":1,\"loading\":1,\"leaf\":1,\"played\":1,\"anticipate\":1,\"playing\":1,\"replacement\":1,\"card\":4,\"requires\":1}",2
Computers,2004,neutral,"{\"lot\":1,\"fail\":1,\"corrupt\":1,\"memory\":2,\"beat\":1,\"wo\":1,\"worse\":1,\"dissapoint\":1,\"accessory\":2,\"card\":3}",1
Computers,2006,negative,"{\"cheaper\":1,\"magically\":1,\"memory\":4,\"data\":1,\"regret\":1,\"save\":3,\"space\":1,\"manufacturer\":1,\"dollar\":2,\"extremely\":1,\"variety\":2,\"hassle\":1,\"poor\":1,\"wo\":1,\"surf\":1,\"corrupt\":1,\"understatement\":1,\"issue\":2,\"pay\":2,\"disappears\":1,\"altogether\":1,\"2\":2,\"truth\":1,\"selling\":2,\"card\":6}",2
Computers,2006,neutral,"{\"game\":1,\"select\":1,\"color\":1,\"switch\":1,\"button\":3,\"mouse\":1,\"playstation\":1,\"pad\":2,\"saitek\":1,\"flip\":1,\"hated\":1,\"direction\":1,\"keyboard\":1,\"mapping\":1,\"adapter\":1,\"emulation\":1,\"start\":1,\"nice\":1,\"1\":1,\"2\":1,\"4\":1,\"upside\":1,\"ne\":1,\"snes\":1,\"joy2key\":1}",1
Computers,2006,positive,"{\"play\":5,\"game\":38,\"memory\":4,\"nintendo\":15,\"dreamcast\":4,\"metroid\":4,\"title\":8,\"ps2\":20,\"button\":5,\"lot\":6,\"pad\":6,\"exclusive\":5,\"cube\":8,\"gc\":8,\"resident\":6,\"controller\":18,\"collection\":8,\"xbox\":13,\"2\":10,\"system\":8,\"4\":6,\"gamecube\":19,\"evil\":6,\"time\":12,\"card\":5}",10
Computers,2007,neutral,"{\"equivalent\":1,\"memory\":3,\"data\":1,\"floppy\":1,\"gigabyte\":1,\"storage\":1,\"medium\":1,\"2gb\":1,\"8mb\":3,\"ps3\":1,\"sony\":1,\"thes\":1,\"2004\":1,\"justify\":1,\"price\":1,\"talk\":1,\"consumer\":1,\"song\":1,\"screwwing\":1,\"control\":1,\"storing\":1,\"mp3\":1,\"2\":1,\"cartridge\":1,\"step\":1}",2
Computers,2008,neutral,"{\"considers\":1,\"seller\":1,\"game\":1,\"memory\":1,\"business\":1,\"pricey\":1,\"save\":1,\"description\":1,\"simple\":1,\"technology\":1,\"8mb\":1,\"ps2\":1,\"noteable\":1,\"expect\":1,\"shipped\":1,\"fast\":1,\"guess\":1,\"today\":1,\"plug\":1,\"age\":1,\"stated\":1,\"card\":2}",3
Computers,2008,positive,"{\"seller\":2,\"cheaper\":2,\"game\":7,\"nintendo\":3,\"memory\":10,\"save\":3,\"title\":4,\"ps2\":3,\"fan\":3,\"gaming\":3,\"product\":4,\"read\":2,\"bought\":2,\"purchase\":2,\"mario\":3,\"plenty\":2,\"expensive\":2,\"p\":2,\"system\":4,\"gamecube\":4,\"owned\":3,\"progress\":2,\"invoice\":2,\"time\":3,\"card\":7}",11
Computers,2010,positive,"{\"play\":3,\"game\":24,\"memory\":25,\"data\":5,\"128mb\":4,\"kid\":3,\"save\":6,\"bit\":5,\"ps2\":12,\"hold\":5,\"sony\":7,\"mb\":3,\"cube\":4,\"stopped\":3,\"product\":4,\"controller\":8,\"issue\":3,\"bought\":4,\"kingdom\":3,\"people\":5,\"nice\":3,\"2\":5,\"indigo\":3,\"fun\":3,\"card\":39}",19
Computers,2011,neutral,"{\"lo\":1,\"walmart\":1,\"exelente\":1,\"producto\":1,\"ademas\":1,\"anterior\":1,\"lot\":1,\"juegos\":1,\"muy\":1,\"sony\":1,\"tiene\":1,\"ma\":1,\"mi\":1,\"tarjeta\":1,\"capacidad\":1,\"product\":1,\"maximo\":1,\"este\":1,\"paid\":2,\"todos\":1,\"guarda\":1,\"siempre\":1,\"buena\":1,\"calidad\":1,\"card\":2}",3
Computers,2011,positive,"{\"play\":5,\"game\":32,\"memory\":31,\"happy\":3,\"kid\":4,\"save\":12,\"recommend\":3,\"8mb\":4,\"ps2\":16,\"ps1\":3,\"playstation\":4,\"sony\":7,\"console\":5,\"product\":6,\"bought\":7,\"purchase\":4,\"homebrew\":4,\"amazon\":3,\"2\":7,\"fast\":3,\"guess\":3,\"buying\":4,\"time\":8,\"fun\":3,\"card\":49}",33
Computers,2012,negative,"{\"larger\":1,\"game\":2,\"memory\":5,\"data\":2,\"save\":2,\"recognizing\":1,\"official\":1,\"figured\":1,\"main\":1,\"8mb\":3,\"ps2\":4,\"sony\":2,\"console\":2,\"controller\":3,\"product\":3,\"incorrect\":1,\"bought\":1,\"equipment\":2,\"received\":2,\"clean\":1,\"picture\":3,\"cord\":3,\"misleading\":2,\"plug\":2,\"card\":6}",7
Computers,2012,neutral,"{\"recomendar\":1,\"excelente\":3,\"lo\":5,\"envoltura\":1,\"producto\":2,\"type\":1,\"sony\":2,\"playstation\":2,\"review\":1,\"recomendado\":1,\"funciona\":2,\"tal\":1,\"como\":1,\"vendedor\":1,\"describio\":1,\"el\":2,\"llego\":1,\"2\":2,\"cual\":1,\"tiempo\":1,\"asi\":2,\"job\":1,\"recomiendo\":1,\"buena\":2,\"card\":3}",5
Computers,2012,positive,"{\"play\":15,\"game\":81,\"memory\":48,\"128mb\":12,\"save\":22,\"ngc\":18,\"space\":7,\"ps2\":41,\"lot\":10,\"playstation\":11,\"sony\":13,\"file\":7,\"mb\":7,\"review\":7,\"price\":8,\"day\":7,\"item\":9,\"gaming\":10,\"product\":13,\"bought\":9,\"2\":16,\"pc\":8,\"gamecube\":11,\"time\":12,\"card\":62}",64
Computers,2013,negative,"{\"play\":3,\"game\":8,\"memory\":9,\"save\":6,\"scam\":3,\"slot\":2,\"ps2\":9,\"los\":2,\"disappointed\":3,\"sony\":3,\"mb\":3,\"screw\":7,\"recomendado\":10,\"sin\":2,\"terrible\":3,\"reboot\":2,\"34\":2,\"item\":5,\"product\":5,\"issue\":3,\"bought\":3,\"100\":11,\"money\":3,\"time\":3,\"card\":22}",27
Computers,2013,neutral,"{\"redmarker\":1,\"allo\":1,\"memory\":1,\"philippine\":1,\"moved\":1,\"bring\":1,\"industry\":1,\"ps2\":1,\"remember\":1,\"defaced\":1,\"price\":1,\"gap\":1,\"beat\":2,\"day\":1,\"product\":1,\"item\":1,\"gaming\":1,\"sticker\":1,\"picking\":1,\"relevant\":1,\"removed\":1,\"gamecube\":1,\"penny\":1,\"age\":1,\"card\":3}",7
Computers,2013,positive,"{\"love\":12,\"play\":27,\"game\":92,\"memory\":81,\"happy\":12,\"save\":28,\"recommend\":10,\"ps2\":36,\"sony\":13,\"playstation\":15,\"fine\":18,\"price\":11,\"console\":13,\"34\":14,\"item\":9,\"controller\":14,\"product\":17,\"bought\":10,\"purchase\":10,\"saving\":9,\"condition\":9,\"2\":17,\"gamecube\":28,\"time\":23,\"card\":95}",147
Computers,2014,negative,"{\"game\":10,\"memory\":7,\"smelled\":2,\"128mb\":3,\"save\":5,\"advertising\":2,\"slot\":2,\"ps2\":4,\"playstation\":2,\"son\":3,\"wo\":3,\"stick\":2,\"broken\":4,\"34\":2,\"controller\":3,\"issue\":3,\"bought\":2,\"false\":2,\"received\":6,\"quality\":2,\"unit\":2,\"2\":2,\"gamecube\":2,\"return\":2,\"card\":16}",21
Computers,2014,neutral,"{\"game\":5,\"excelentes\":1,\"64mb\":2,\"storage\":2,\"8mb\":2,\"ps2\":4,\"reliable\":1,\"arrived\":2,\"ton\":1,\"fine\":1,\"mb\":1,\"price\":2,\"advertised\":2,\"day\":2,\"reformatted\":1,\"item\":3,\"read\":2,\"reading\":1,\"64m\":1,\"take\":1,\"groovy\":1,\"128\":1,\"time\":2,\"device\":1,\"card\":5}",28
Computers,2015,neutral,"{\"seller\":1,\"note\":1,\"knockoff\":1,\"excelente\":2,\"game\":3,\"memory\":2,\"messaged\":1,\"confimed\":1,\"ps2\":4,\"ps1\":1,\"head\":1,\"remember\":1,\"son\":2,\"softmodding\":1,\"intended\":1,\"review\":1,\"grest\":1,\"plan\":1,\"item\":2,\"bueno\":1,\"2\":2,\"china\":2,\"paid\":1,\"authentic\":1,\"card\":2}",37
Computers,2016,neutral,"{\"game\":1,\"perfect\":1,\"mixed\":1,\"ps2\":1,\"reconnect\":1,\"advertised\":1,\"menor\":1,\"yo\":1,\"gooooooooooo\":1,\"excelent\":1,\"34\":2,\"stopped\":1,\"read\":1,\"set\":1,\"star\":1,\"phantasy\":1,\"cord\":1,\"p\":1,\"wire\":1,\"2\":1,\"fast\":1,\"woooooooo\":1,\"supposed\":1,\"online\":1,\"complete\":1}",17
Computers,2016,positive,"{\"play\":17,\"game\":60,\"perfectly\":8,\"memory\":28,\"data\":12,\"amp\":12,\"save\":17,\"ps2\":12,\"worth\":6,\"sony\":6,\"file\":6,\"price\":9,\"lite\":8,\"vmu\":7,\"34\":11,\"console\":15,\"product\":7,\"controller\":8,\"issue\":8,\"purchase\":6,\"cord\":7,\"2\":9,\"gamecube\":19,\"quot\":8,\"card\":38}",78
Computers,2017,neutral,"{\"difference\":1,\"item\":1,\"controller\":1,\"cable\":1}",6
Computers,2018,positive,"{\"love\":3,\"play\":7,\"game\":8,\"knock\":3,\"perfectly\":5,\"memory\":13,\"data\":3,\"kid\":4,\"8mb\":2,\"ps2\":6,\"arrived\":4,\"fine\":3,\"brand\":2,\"console\":4,\"product\":4,\"controller\":7,\"original\":2,\"issue\":4,\"excellent\":3,\"bought\":4,\"cheap\":3,\"picture\":2,\"condition\":7,\"gamecube\":4,\"card\":13}",37
Computers,2019,negative,"{\"explain\":1,\"seller\":3,\"decade\":2,\"game\":2,\"collectible\":2,\"description\":2,\"slot\":1,\"remote\":2,\"button\":3,\"stuck\":2,\"disgusting\":3,\"cable\":2,\"broken\":2,\"console\":2,\"stiff\":1,\"product\":2,\"controller\":5,\"analog\":1,\"disk\":1,\"condition\":2,\"gamecube\":2,\"machine\":1,\"service\":1,\"disc\":3,\"time\":2}",11
Computers,2020,negative,"{\"game\":4,\"week\":1,\"nintendo\":1,\"booklet\":1,\"error\":1,\"load\":1,\"trouble\":1,\"cube\":1,\"power\":2,\"cable\":2,\"console\":1,\"stopped\":1,\"controller\":1,\"occurred\":1,\"finally\":1,\"start\":1,\"reading\":1,\"played\":1,\"gamecube\":2,\"refer\":1,\"av\":1,\"instruction\":2,\"disc\":1,\"time\":1}",4
Computers,2020,neutral,"{\"caroded\":1,\"1\":1,\"product\":2,\"memory\":2,\"supposed\":1,\"purchase\":1,\"battery\":1,\"ps2\":1,\"card\":2}",4
Computers,2021,neutral,"{\"product\":1,\"item\":2,\"usefull\":1,\"read\":1,\"boo\":1,\"expected\":1,\"freinds\":1,\"received\":1,\"box\":1,\"recomend\":1,\"beutifull\":1,\"disc\":1,\"return\":1}",8
Computers,2022,negative,"{\"seller\":2,\"tv\":2,\"game\":4,\"constant\":1,\"memory\":2,\"reader\":1,\"dead\":2,\"slot\":2,\"battery\":3,\"button\":1,\"output\":2,\"broken\":1,\"digital\":2,\"console\":4,\"read\":1,\"issue\":2,\"crossing\":3,\"analog\":4,\"gamecube\":6,\"warned\":2,\"animal\":3,\"plug\":2,\"time\":3,\"hd\":3,\"card\":2}",4
Computers,2022,positive,"{\"game\":1,\"genial\":1,\"almacenar\":1,\"perfectly\":1,\"held\":1,\"podía\":1,\"packing\":1,\"momento\":1,\"ported\":1,\"juegos\":1,\"arrived\":1,\"admit\":1,\"ma\":1,\"era\":1,\"console\":1,\"delivery\":2,\"cuando\":1,\"purchase\":1,\"en\":1,\"encanto\":1,\"time\":1,\"prompt\":1,\"worthwhile\":1,\"compre\":1,\"porque\":1}",5
Daily Gadgets,2000,negative,"{\"play\":1,\"updateable\":1,\"dosage\":1,\"data\":1,\"accurate\":1,\"administration\":1,\"usage\":1,\"stylus\":1,\"matter\":1,\"manufacturer\":1,\"drug\":4,\"accessing\":1,\"handhelds\":1,\"warning\":1,\"key\":1,\"contraindication\":1,\"include\":1,\"tap\":1,\"reaction\":1,\"supplied\":1,\"module\":1,\"2000\":1,\"prescription\":2,\"topic\":2,\"quot\":2}",1
Daily Gadgets,2002,positive,"{\"play\":10,\"gun\":6,\"game\":71,\"movie\":6,\"sound\":7,\"book\":8,\"harry\":11,\"dead\":5,\"video\":6,\"bit\":5,\"ps2\":6,\"hook\":6,\"potter\":6,\"cable\":7,\"graphic\":8,\"lesson\":6,\"control\":6,\"easy\":5,\"2\":5,\"component\":6,\"time\":11,\"family\":5,\"collect\":6,\"fun\":11,\"child\":6}",18
Daily Gadgets,2003,positive,"{\"play\":8,\"game\":31,\"27\":3,\"kid\":4,\"harry\":5,\"video\":5,\"bit\":4,\"ps2\":8,\"ball\":4,\"dvd\":3,\"potter\":4,\"cable\":15,\"notice\":5,\"player\":14,\"xbox\":7,\"monster\":5,\"input\":4,\"component\":5,\"4\":3,\"difference\":7,\"playing\":6,\"time\":8,\"quot\":4,\"fun\":5,\"card\":8}",8
Daily Gadgets,2005,negative,"{\"brought\":1,\"week\":1,\"color\":2,\"pstwo\":1,\"hooked\":1,\"ps2\":3,\"immediatly\":1,\"fade\":1,\"dvd\":2,\"fine\":1,\"stick\":1,\"cable\":3,\"green\":1,\"washed\":1,\"set\":2,\"looked\":1,\"bought\":1,\"caused\":1,\"version\":3,\"awesome\":1,\"component\":1,\"2\":1,\"blue\":1,\"short\":1,\"creepy\":1}",2
Daily Gadgets,2007,neutral,"{\"console\":1,\"sound\":2,\"cable\":1,\"optical\":1,\"required\":1,\"ps2\":1,\"info\":1,\"customer\":1}",1
Daily Gadgets,2008,negative,"{\"holding\":1,\"acceptable\":1,\"item\":1,\"fine\":1,\"halfway\":1,\"returned\":1,\"hold\":1,\"switch\":2}",1
Daily Gadgets,2008,positive,"{\"play\":4,\"game\":11,\"converter\":2,\"sound\":2,\"flatscreen\":2,\"screen\":3,\"video\":6,\"jockey\":3,\"ps2\":3,\"vga\":4,\"lag\":2,\"graphic\":3,\"cable\":10,\"item\":3,\"product\":7,\"bought\":4,\"monitor\":6,\"xbox\":2,\"people\":4,\"picture\":2,\"quality\":5,\"money\":2,\"speaker\":2,\"buying\":2,\"time\":2}",7
Daily Gadgets,2009,positive,"{\"cheaper\":4,\"game\":11,\"color\":6,\"screen\":3,\"choose\":3,\"video\":4,\"bit\":4,\"life\":3,\"dvd\":7,\"zombie\":3,\"win\":3,\"day\":3,\"cable\":17,\"player\":5,\"pretty\":3,\"product\":4,\"bought\":4,\"picture\":4,\"quality\":3,\"monster\":5,\"component\":3,\"3\":3,\"lisa\":3,\"collect\":3,\"fun\":5}",10
Daily Gadgets,2010,negative,"{\"game\":2,\"access\":2,\"video\":3,\"jockey\":2,\"setting\":5,\"defect\":1,\"dvd\":3,\"composite\":3,\"function\":2,\"sharpness\":2,\"player\":2,\"cleaning\":1,\"expecting\":2,\"recorder\":2,\"set\":3,\"television\":5,\"cleaner\":2,\"monitor\":6,\"picture\":10,\"quality\":4,\"disk\":1,\"tube\":2,\"hookup\":2,\"disc\":2,\"device\":7}",3
Daily Gadgets,2010,neutral,"{\"item\":1,\"game\":1,\"dvd\":1,\"system\":1,\"wo\":1,\"player\":1,\"expensive\":1,\"compared\":1}",1
Daily Gadgets,2010,positive,"{\"play\":1,\"game\":2,\"nintendo\":1,\"box\":1,\"video\":3,\"hope\":1,\"ps2\":1,\"space\":2,\"unable\":1,\"dvd\":2,\"wii\":2,\"ability\":1,\"cable\":1,\"live\":1,\"player\":2,\"item\":1,\"hdmi\":1,\"monitor\":5,\"cord\":1,\"input\":1,\"transfer\":1,\"playing\":1,\"plug\":1,\"returned\":1,\"64\":1}",5
Daily Gadgets,2011,positive,"{\"play\":7,\"game\":9,\"converter\":5,\"screen\":4,\"box\":4,\"video\":9,\"resolution\":4,\"hdtv\":3,\"ps2\":7,\"rca\":3,\"composite\":10,\"connection\":4,\"audio\":5,\"graphic\":4,\"cable\":14,\"console\":3,\"product\":6,\"bought\":4,\"purchase\":3,\"monitor\":6,\"picture\":4,\"quality\":4,\"2\":3,\"plug\":4,\"upscaling\":5}",9
Daily Gadgets,2012,negative,"{\"play\":4,\"decade\":1,\"couple\":1,\"game\":6,\"dig\":2,\"bad\":1,\"perfect\":1,\"recording\":2,\"button\":7,\"genesis\":2,\"dvd\":5,\"shoulder\":2,\"close\":4,\"player\":2,\"recorder\":2,\"controller\":3,\"read\":4,\"level\":2,\"bought\":3,\"layout\":2,\"disk\":2,\"3\":4,\"spin\":4,\"plug\":2,\"time\":2}",3
Daily Gadgets,2014,neutral,"{\"brush\":1,\"flimsy\":1,\"pretty\":1,\"woman\":1,\"luck\":1,\"bought\":1,\"program\":1,\"advertized\":1,\"dvd\":1,\"stop\":1,\"guess\":1,\"seperate\":1,\"clearance\":1,\"disc\":1,\"job\":2,\"regular\":1}",5
Daily Gadgets,2016,neutral,"{\"product\":1,\"turntable\":1,\"received\":1,\"laptop\":1,\"dose\":2,\"dvd\":2,\"money\":1,\"throw\":1,\"wii\":1,\"scratched\":1,\"advertised\":2,\"disc\":1,\"drive\":1,\"job\":2,\"player\":2}",13
Daily Gadgets,2017,negative,"{\"tray\":2,\"play\":3,\"couple\":3,\"game\":8,\"ejected\":2,\"sound\":2,\"save\":1,\"lens\":2,\"error\":3,\"dvd\":8,\"hour\":2,\"player\":3,\"cleaning\":3,\"34\":18,\"read\":2,\"issue\":2,\"cleaner\":2,\"clean\":2,\"minute\":2,\"popped\":6,\"disk\":7,\"money\":2,\"warmed\":2,\"disc\":2,\"fixed\":3}",14
Daily Gadgets,2017,neutral,"{\"truck\":1,\"slot\":2,\"cassette\":1,\"house\":1,\"radio\":1,\"lot\":1,\"sony\":1,\"computer\":1,\"dvd\":5,\"car\":1,\"advertised\":1,\"boombox\":1,\"skipping\":1,\"combination\":1,\"player\":3,\"34\":2,\"item\":1,\"read\":1,\"star\":1,\"purchased\":1,\"drjel\":1,\"disc\":1,\"returned\":1,\"job\":2,\"simply\":1}",15
Daily Gadgets,2017,positive,"{\"play\":8,\"happy\":3,\"recommend\":4,\"lens\":12,\"maxell\":3,\"dvd\":40,\"fine\":8,\"player\":24,\"brush\":5,\"cleaning\":6,\"34\":12,\"item\":4,\"product\":18,\"issue\":5,\"cleaner\":15,\"started\":3,\"clean\":14,\"easy\":9,\"nice\":4,\"machine\":3,\"cleaned\":4,\"playing\":7,\"disc\":11,\"time\":7,\"job\":12}",93
Daily Gadgets,2018,negative,"{\"play\":3,\"couple\":3,\"lens\":3,\"worth\":2,\"dvd\":15,\"review\":2,\"hassle\":2,\"player\":6,\"brush\":2,\"cleaning\":2,\"stopped\":2,\"recorder\":4,\"product\":5,\"read\":2,\"bought\":2,\"replaced\":2,\"started\":3,\"clean\":5,\"nice\":2,\"disk\":2,\"instruction\":4,\"cleaned\":2,\"disc\":3,\"time\":4,\"memorex\":2}",16
Daily Gadgets,2019,neutral,"{\"shipper\":1,\"rejecting\":1,\"perfect\":1,\"life\":1,\"properly\":1,\"dvd\":4,\"advertised\":4,\"player\":5,\"product\":3,\"bought\":2,\"equipment\":1,\"xbox\":1,\"increase\":1,\"clean\":1,\"cheap\":1,\"played\":1,\"amazon\":1,\"fast\":1,\"purchased\":1,\"finer\":1,\"instruction\":1,\"supposed\":2,\"fixed\":1,\"job\":1,\"horrifying\":1}",16
Daily Gadgets,2019,positive,"{\"play\":7,\"game\":4,\"kid\":4,\"lens\":12,\"dvd\":53,\"fine\":8,\"review\":5,\"player\":32,\"cleaning\":14,\"product\":19,\"read\":9,\"bought\":6,\"finally\":4,\"cleaner\":23,\"clean\":8,\"played\":7,\"easy\":12,\"disk\":7,\"instruction\":7,\"machine\":7,\"playing\":5,\"disc\":18,\"time\":10,\"drive\":6,\"job\":8}",70
Daily Gadgets,2020,negative,"{\"play\":3,\"week\":1,\"movie\":1,\"bad\":3,\"video\":2,\"entire\":1,\"disaster\":1,\"overnight\":1,\"lot\":2,\"dvd\":12,\"projector\":2,\"wonder\":1,\"skipping\":2,\"player\":9,\"stopped\":1,\"product\":5,\"read\":3,\"issue\":2,\"finally\":1,\"cleaner\":1,\"received\":1,\"wrong\":2,\"disk\":2,\"fixed\":2,\"time\":3}",14
Daily Gadgets,2021,neutral,"{\"numerous\":1,\"inicio\":1,\"skip\":1,\"trabado\":1,\"queda\":1,\"pantalla\":1,\"freeze\":1,\"dvd\":7,\"stick\":1,\"direction\":2,\"player\":6,\"item\":1,\"read\":2,\"en\":1,\"scratch\":1,\"follow\":1,\"toss\":1,\"minute\":1,\"wipe\":1,\"entering\":1,\"condition\":1,\"disk\":2,\"fixed\":2,\"disc\":2,\"complete\":1}",18
Daily Gadgets,2022,negative,"{\"play\":2,\"lo\":2,\"sound\":2,\"arrived\":1,\"dvd\":10,\"price\":2,\"wo\":1,\"player\":9,\"cleaning\":2,\"stopped\":2,\"bought\":2,\"cleaner\":2,\"blu\":2,\"ray\":2,\"clean\":2,\"nice\":2,\"picture\":2,\"minute\":2,\"hadn\":2,\"3\":2,\"watch\":2,\"paid\":2,\"cleaned\":2,\"time\":2,\"20\":1}",14
Daily Gadgets,2022,neutral,"{\"siguiendo\":1,\"instrucciones\":1,\"agradó\":1,\"lo\":1,\"ya\":1,\"laptop\":1,\"pop\":1,\"dvd\":6,\"mi\":2,\"designed\":1,\"player\":4,\"cleaning\":2,\"rest\":1,\"product\":2,\"figure\":2,\"funcionó\":1,\"el\":1,\"en\":1,\"xbox\":3,\"1\":2,\"disk\":2,\"2\":2,\"pc\":2,\"cleaned\":2,\"time\":2}",27
Daily Gadgets,2022,positive,"{\"gift\":3,\"love\":3,\"vhs\":4,\"play\":8,\"perfect\":4,\"movie\":4,\"dvd\":46,\"tape\":5,\"player\":37,\"cleaning\":11,\"product\":10,\"read\":8,\"vcr\":4,\"issue\":4,\"bought\":4,\"cleaner\":9,\"clean\":15,\"easy\":14,\"minute\":3,\"instruction\":3,\"cleaned\":4,\"playing\":5,\"disc\":15,\"time\":8,\"job\":3}",59
Daily Gadgets,2023,neutral,"{\"usa\":1,\"movie\":1,\"sound\":1,\"proper\":1,\"check\":1,\"dvd\":3,\"china\":1,\"watch\":1,\"cleaned\":1,\"surround\":1,\"daughter\":1,\"player\":2}",4
Media,1999,negative,"{\"date\":1,\"individual\":1,\"excellent\":1,\"narrative\":1,\"description\":1,\"reading\":1,\"feel\":1,\"war\":1,\"kill\":2,\"confirmed\":1,\"camp\":1,\"lot\":1,\"sniper\":1,\"93\":1,\"movement\":1,\"info\":1,\"realize\":1}",1
Media,2002,negative,"{\"allen\":2,\"dad\":2,\"book\":3,\"alien\":3,\"remember\":2,\"sailor\":4,\"arranged\":2,\"attack\":3,\"knight\":3,\"mifune\":2,\"guide\":3,\"fight\":5,\"energy\":2,\"normal\":2,\"town\":2,\"like\":2,\"darien\":3,\"monster\":3,\"godzilla\":5,\"actor\":2,\"moon\":3,\"earth\":2,\"serena\":7,\"time\":2,\"quot\":6}",3
Media,2005,negative,"{\"play\":1,\"advice\":1,\"battlefront\":1,\"mom\":1,\"experience\":1,\"sea\":1,\"losing\":1,\"splitscreeners\":1,\"objective\":3,\"lot\":1,\"offline\":1,\"edge\":1,\"son\":2,\"splitscreen\":1,\"beat\":1,\"yr\":2,\"written\":1,\"hard\":1,\"class\":1,\"map\":1,\"key\":1,\"dune\":2,\"9\":2,\"playing\":2,\"strategy\":2}",2
Media,2007,negative,"{\"die\":3,\"called\":2,\"smith\":3,\"reader\":5,\"book\":5,\"dice\":6,\"fair\":2,\"red\":5,\"head\":14,\"paper\":3,\"white\":5,\"bird\":3,\"colored\":3,\"set\":3,\"winning\":4,\"probability\":4,\"tail\":14,\"black\":5,\"war\":3,\"holmes\":10,\"alexander\":3,\"watson\":6,\"time\":4,\"20\":3,\"story\":8}",2
Media,2007,positive,"{\"play\":7,\"love\":9,\"penn\":6,\"book\":34,\"winter\":10,\"american\":5,\"tale\":9,\"character\":6,\"pad\":6,\"loved\":9,\"peter\":6,\"track\":6,\"original\":5,\"read\":16,\"album\":7,\"beverly\":7,\"2\":5,\"light\":5,\"time\":12,\"adult\":5,\"lake\":6,\"favorite\":6,\"helprin\":12,\"child\":6,\"story\":10}",32
Media,2008,negative,"{\"single\":1,\"amazing\":1,\"game\":1,\"absolutely\":1,\"war\":1,\"track\":1,\"march\":1,\"fitting\":1}",1
Media,2008,positive,"{\"love\":11,\"parent\":4,\"bad\":4,\"movie\":4,\"reader\":4,\"book\":19,\"enjoy\":4,\"winter\":5,\"recommend\":4,\"tale\":5,\"pad\":5,\"character\":6,\"music\":7,\"loved\":4,\"cake\":5,\"loy\":5,\"friend\":5,\"read\":9,\"reading\":4,\"math\":5,\"time\":10,\"daughter\":5,\"helprin\":8,\"powell\":5,\"story\":12}",25
Media,2009,positive,"{\"love\":11,\"james\":4,\"book\":25,\"feel\":4,\"pop\":5,\"head\":9,\"character\":5,\"son\":4,\"song\":5,\"process\":4,\"read\":5,\"comedy\":4,\"tail\":8,\"film\":4,\"brown\":4,\"christmas\":4,\"universe\":5,\"true\":4,\"time\":8,\"chart\":5,\"screwball\":4,\"coin\":5,\"powell\":5,\"story\":7,\"child\":8}",19
Media,2010,positive,"{\"game\":15,\"city\":14,\"reader\":13,\"father\":14,\"book\":143,\"boy\":23,\"life\":86,\"mother\":16,\"path\":18,\"school\":16,\"friend\":12,\"written\":14,\"successful\":17,\"read\":46,\"decision\":13,\"wes\":155,\"author\":51,\"reading\":19,\"people\":37,\"moore\":128,\"time\":35,\"family\":31,\"helprin\":15,\"child\":23,\"story\":66}",64
Media,2011,negative,"{\"activity\":2,\"reader\":4,\"book\":8,\"bit\":2,\"life\":3,\"cover\":1,\"remember\":2,\"lot\":3,\"character\":2,\"disappointed\":2,\"sniper\":3,\"village\":2,\"receive\":1,\"looked\":2,\"vietnam\":2,\"reading\":3,\"war\":3,\"neighbor\":2,\"wrong\":2,\"expect\":2,\"wason\":3,\"soldier\":2,\"time\":2,\"account\":2,\"story\":6}",9
Media,2011,neutral,"{\"expecting\":1,\"retold\":1,\"version\":2,\"realize\":1,\"story\":1,\"child\":1}",1
Media,2011,positive,"{\"play\":8,\"love\":16,\"parent\":7,\"game\":8,\"mose\":10,\"book\":64,\"bomb\":7,\"life\":13,\"character\":9,\"music\":8,\"song\":19,\"read\":13,\"wes\":16,\"excellent\":7,\"author\":9,\"reading\":9,\"history\":7,\"rift\":7,\"turner\":8,\"dibs\":12,\"fort\":11,\"time\":25,\"family\":9,\"child\":9,\"story\":18}",37
Media,2013,neutral,"{\"game\":3,\"told\":2,\"student\":3,\"book\":21,\"skin\":2,\"life\":2,\"required\":4,\"compatible\":2,\"character\":3,\"son\":2,\"music\":2,\"pick\":2,\"school\":7,\"class\":3,\"mind\":2,\"34\":4,\"read\":10,\"understand\":2,\"reading\":3,\"people\":3,\"purchased\":2,\"time\":2,\"alot\":2,\"age\":2,\"story\":3}",22
Media,2013,positive,"{\"love\":113,\"reader\":70,\"kid\":138,\"book\":848,\"recommend\":64,\"life\":93,\"view\":61,\"character\":147,\"loved\":107,\"school\":169,\"auggie\":105,\"friend\":85,\"written\":61,\"34\":95,\"read\":405,\"august\":107,\"author\":61,\"reading\":133,\"people\":86,\"grade\":91,\"time\":125,\"adult\":58,\"age\":68,\"child\":154,\"story\":249}",511
Media,2014,positive,"{\"love\":185,\"student\":53,\"kid\":95,\"book\":825,\"recommend\":63,\"life\":72,\"character\":135,\"loved\":115,\"school\":93,\"auggie\":90,\"friend\":74,\"written\":60,\"34\":187,\"read\":407,\"august\":73,\"author\":56,\"reading\":147,\"wonderful\":67,\"people\":78,\"grade\":69,\"time\":99,\"adult\":56,\"age\":56,\"child\":112,\"story\":278}",657
Media,2015,neutral,"{\"parent\":3,\"quick\":2,\"wait\":2,\"kid\":2,\"book\":19,\"required\":3,\"cover\":2,\"lot\":2,\"arrived\":2,\"son\":3,\"shipping\":3,\"school\":2,\"product\":2,\"middle\":2,\"read\":19,\"touching\":3,\"bought\":5,\"reading\":7,\"christmas\":2,\"quality\":2,\"fast\":2,\"classic\":3,\"time\":2,\"age\":3,\"story\":2}",60
Media,2016,neutral,"{\"parent\":2,\"quick\":2,\"told\":2,\"reader\":2,\"kid\":2,\"book\":29,\"grader\":3,\"summer\":2,\"life\":2,\"writing\":2,\"heard\":2,\"34\":4,\"read\":19,\"5th\":3,\"reading\":5,\"message\":2,\"people\":2,\"classic\":3,\"grade\":2,\"elementary\":2,\"adult\":4,\"coming\":2,\"age\":4,\"story\":3,\"child\":5}",59
Media,2017,negative,"{\"student\":7,\"south\":13,\"kid\":9,\"book\":68,\"life\":24,\"mother\":28,\"white\":12,\"school\":13,\"auggie\":13,\"friend\":8,\"crime\":16,\"noah\":34,\"violence\":8,\"34\":46,\"africa\":9,\"racism\":13,\"read\":21,\"apartheid\":16,\"born\":16,\"black\":16,\"people\":12,\"trevor\":30,\"bullied\":7,\"time\":17,\"story\":17}",59
Media,2018,neutral,"{\"donated\":2,\"excelente\":4,\"movie\":5,\"kid\":3,\"book\":27,\"life\":2,\"library\":2,\"school\":4,\"class\":3,\"34\":2,\"product\":2,\"read\":25,\"grandson\":4,\"bought\":2,\"expected\":6,\"5th\":2,\"reading\":4,\"finished\":3,\"granddaughter\":5,\"pullman\":2,\"classic\":2,\"grade\":2,\"time\":4,\"family\":2,\"daughter\":3}",81
Media,2018,positive,"{\"love\":198,\"movie\":129,\"kid\":150,\"book\":1013,\"recommend\":68,\"life\":107,\"amazing\":66,\"character\":59,\"loved\":150,\"school\":109,\"auggie\":92,\"friend\":72,\"noah\":92,\"funny\":60,\"34\":68,\"read\":458,\"august\":58,\"reading\":147,\"wonderful\":60,\"people\":82,\"trevor\":109,\"time\":105,\"daughter\":62,\"child\":85,\"story\":262}",1010
Media,2019,positive,"{\"love\":82,\"movie\":26,\"south\":19,\"kid\":64,\"book\":352,\"recommend\":28,\"life\":40,\"lot\":24,\"character\":21,\"son\":25,\"loved\":50,\"school\":39,\"written\":20,\"noah\":29,\"funny\":29,\"art\":40,\"read\":130,\"august\":19,\"reading\":45,\"people\":21,\"trevor\":46,\"time\":38,\"favorite\":23,\"child\":26,\"story\":77}",430
Media,2021,negative,"{\"love\":2,\"chapter\":2,\"sound\":3,\"kid\":3,\"book\":17,\"delivered\":2,\"battery\":3,\"life\":3,\"worth\":2,\"cover\":2,\"mother\":2,\"beautiful\":2,\"sad\":2,\"disappointing\":2,\"noah\":3,\"written\":3,\"funny\":2,\"violence\":2,\"racism\":2,\"read\":2,\"learn\":2,\"understand\":2,\"condition\":3,\"trevor\":2,\"replacement\":3}",17
Media,2021,positive,"{\"love\":38,\"chapter\":12,\"kid\":17,\"book\":191,\"feel\":12,\"recommend\":12,\"life\":15,\"lot\":11,\"character\":22,\"son\":16,\"loved\":15,\"school\":22,\"auggie\":13,\"friend\":15,\"read\":61,\"august\":34,\"bought\":13,\"reading\":31,\"people\":20,\"condition\":16,\"grade\":14,\"absolutely\":15,\"trevor\":25,\"time\":25,\"story\":38}",152
Media,2022,negative,"{\"love\":2,\"sound\":5,\"book\":26,\"killing\":2,\"sorrow\":2,\"battery\":6,\"character\":2,\"library\":2,\"plot\":4,\"douglas\":3,\"volcano\":4,\"violence\":2,\"song\":2,\"elizabeth\":3,\"read\":5,\"revenge\":2,\"photo\":2,\"people\":3,\"involved\":2,\"cricket\":3,\"series\":3,\"earth\":2,\"topic\":3,\"time\":3,\"replacement\":4}",13
Media,2023,negative,"{\"named\":2,\"mail\":2,\"27\":3,\"kid\":3,\"book\":24,\"recommend\":3,\"content\":3,\"cover\":7,\"disappointed\":4,\"extremely\":3,\"poor\":4,\"package\":2,\"set\":2,\"read\":3,\"issue\":2,\"star\":3,\"august\":4,\"author\":4,\"born\":3,\"message\":3,\"people\":4,\"residue\":2,\"sticky\":2,\"operation\":3,\"story\":5}",6
Media,2023,positive,"{\"love\":12,\"south\":6,\"production\":6,\"advanced\":9,\"idea\":5,\"book\":57,\"life\":8,\"lot\":5,\"character\":12,\"loved\":11,\"auggie\":7,\"perspective\":5,\"company\":8,\"highly\":5,\"chip\":34,\"read\":20,\"reading\":5,\"war\":8,\"technology\":7,\"people\":6,\"taiwan\":7,\"china\":6,\"family\":5,\"enjoyed\":7,\"story\":14}",48
Others,1999,positive,"{\"play\":10,\"game\":82,\"feel\":6,\"3d\":5,\"character\":10,\"grace\":5,\"knight\":13,\"track\":5,\"graphic\":10,\"player\":7,\"town\":5,\"gabriel\":16,\"excellent\":5,\"blood\":5,\"played\":7,\"adventure\":14,\"mystery\":10,\"bug\":5,\"install\":6,\"series\":5,\"puzzle\":9,\"time\":8,\"complete\":5,\"quot\":14,\"story\":10}",18
Others,2001,negative,"{\"play\":8,\"game\":94,\"bad\":10,\"amp\":12,\"sound\":7,\"feel\":5,\"worth\":4,\"button\":5,\"mode\":6,\"weapon\":5,\"dual\":5,\"graphic\":18,\"star\":6,\"bought\":6,\"shock\":5,\"difficult\":4,\"control\":8,\"2\":7,\"person\":5,\"madden\":5,\"time\":8,\"strategy\":4,\"quot\":4,\"fun\":6,\"story\":7}",33
Others,2001,neutral,"{\"play\":1,\"game\":3,\"ship\":2,\"dreamforge\":1,\"aaarrrrgggghhhh\":1,\"patch\":1,\"biz\":1,\"downloading\":1,\"review\":1,\"stuck\":1,\"written\":1,\"sanitarium\":1,\"locked\":1,\"based\":1,\"set\":1,\"level\":2,\"produce\":1,\"drink\":1,\"amazon\":1,\"asc\":1,\"pc\":1,\"3\":1,\"bug\":1,\"essentially\":1,\"silver\":1}",4
Others,2002,neutral,"{\"play\":4,\"reason\":1,\"game\":9,\"rating\":1,\"feel\":1,\"screen\":1,\"main\":2,\"fighting\":1,\"developed\":1,\"scene\":1,\"exaggeration\":1,\"mode\":1,\"character\":3,\"opponent\":1,\"beat\":1,\"finish\":1,\"catch\":1,\"skull\":2,\"dust\":1,\"36\":1,\"bought\":2,\"month\":1,\"age\":1,\"story\":2,\"laughing\":2}",4
Others,2003,negative,"{\"love\":5,\"play\":7,\"game\":65,\"bad\":7,\"sound\":5,\"platform\":6,\"lot\":5,\"character\":7,\"hour\":9,\"attack\":5,\"sinister\":6,\"useless\":5,\"graphic\":13,\"train\":11,\"pretty\":5,\"played\":6,\"4\":5,\"stage\":13,\"playing\":6,\"flintstone\":7,\"time\":12,\"quot\":8,\"fun\":5,\"card\":6,\"story\":5}",26
Others,2003,neutral,"{\"love\":1,\"game\":1,\"nintendo\":1,\"android\":1,\"gambling\":1,\"ya\":1,\"box\":1,\"hot\":1,\"mmm\":1,\"exchanging\":1,\"horrible\":1,\"stuck\":1,\"controller\":2,\"original\":1,\"looked\":1,\"bought\":1,\"curry\":1,\"2\":1,\"oooo\":1,\"guess\":1,\"exchanged\":1,\"mechs\":1,\"dude\":2,\"fun\":1,\"gameplay\":1}",2
Others,2004,negative,"{\"play\":2,\"game\":30,\"bad\":4,\"ship\":4,\"space\":6,\"rock\":4,\"lot\":5,\"fifa\":4,\"fan\":2,\"character\":5,\"stats\":2,\"2004\":5,\"jam\":2,\"huge\":2,\"graphic\":4,\"player\":3,\"town\":4,\"3rd\":2,\"court\":2,\"nba\":7,\"3\":4,\"slow\":5,\"suck\":3,\"quot\":8,\"walk\":3}",7
Others,2005,negative,"{\"game\":8,\"woman\":2,\"movie\":2,\"natasha\":4,\"video\":4,\"remember\":2,\"fan\":2,\"hit\":2,\"character\":8,\"bullwinkle\":3,\"skirt\":2,\"audio\":4,\"hated\":2,\"cable\":5,\"chaos\":2,\"star\":2,\"mini\":3,\"level\":9,\"xbox\":3,\"eye\":2,\"boris\":4,\"name\":2,\"hardest\":4,\"cutscenes\":4,\"story\":3}",5
Others,2005,neutral,"{\"play\":1,\"game\":4,\"sound\":1,\"cold\":1,\"ice\":1,\"attempt\":1,\"ride\":2,\"bike\":1,\"motorcycle\":1,\"650lb\":1,\"action\":1,\"day\":1,\"graphic\":1,\"close\":1,\"snowy\":1,\"simulating\":1,\"waste\":1,\"played\":1,\"wrong\":1,\"quality\":1,\"softail\":1,\"personally\":1,\"money\":1,\"worst\":1,\"time\":2}",1
Others,2006,negative,"{\"play\":3,\"reason\":3,\"game\":22,\"villain\":5,\"alien\":3,\"chateau\":4,\"ally\":3,\"vampire\":8,\"knight\":4,\"grace\":7,\"action\":4,\"graphic\":5,\"gabriel\":12,\"rennes\":4,\"blood\":3,\"version\":5,\"1\":3,\"2\":3,\"mystery\":8,\"series\":5,\"installment\":3,\"le\":4,\"time\":4,\"simply\":4,\"gameplay\":3}",7
Others,2006,neutral,"{\"worthless\":1,\"frizbee\":1,\"game\":1,\"luck\":1,\"basically\":1,\"junk\":1,\"repetitive\":1}",1
Others,2006,positive,"{\"play\":30,\"game\":162,\"bit\":8,\"mode\":10,\"hour\":8,\"contact\":14,\"friend\":10,\"day\":8,\"question\":8,\"level\":9,\"mario\":26,\"real\":12,\"version\":9,\"people\":13,\"super\":16,\"2\":10,\"3\":13,\"series\":11,\"ne\":8,\"playing\":12,\"time\":14,\"card\":10,\"fun\":15,\"story\":9,\"gameplay\":12}",43
Others,2007,positive,"{\"play\":15,\"game\":192,\"nintendo\":20,\"japan\":11,\"enemy\":12,\"title\":17,\"character\":19,\"graphic\":13,\"released\":16,\"smb3\":22,\"original\":17,\"pokemon\":39,\"level\":20,\"rpg\":14,\"mario\":41,\"team\":16,\"played\":13,\"battle\":11,\"super\":25,\"ne\":14,\"playing\":15,\"time\":27,\"brother\":11,\"fun\":20,\"story\":14}",38
Others,2008,negative,"{\"damage\":1,\"game\":6,\"bad\":2,\"rapid\":2,\"feel\":2,\"weapon\":4,\"major\":2,\"engine\":1,\"innovation\":1,\"brutal\":1,\"product\":3,\"ammo\":3,\"solid\":3,\"dealing\":1,\"excellent\":2,\"level\":3,\"incredible\":1,\"picture\":2,\"beheading\":1,\"2\":2,\"true\":2,\"matched\":1,\"time\":2,\"physic\":1,\"ogre\":1}",5
Others,2008,neutral,"{\"disappointed\":1,\"extremely\":1,\"charge\":1,\"color\":1,\"car\":1,\"honest\":1,\"gameboys\":1,\"attempted\":1,\"gameboy\":1,\"house\":1,\"advance\":1}",1
Others,2008,positive,"{\"love\":8,\"play\":20,\"game\":106,\"egg\":6,\"sound\":8,\"lot\":16,\"character\":10,\"skill\":5,\"ability\":6,\"graphic\":16,\"level\":23,\"bought\":5,\"start\":5,\"mario\":8,\"control\":5,\"played\":5,\"spyro\":7,\"2\":6,\"playing\":9,\"time\":23,\"collect\":6,\"favorite\":7,\"fun\":16,\"story\":6,\"gameplay\":9}",34
Others,2010,negative,"{\"game\":18,\"dig\":2,\"thumb\":4,\"warrior\":5,\"enemy\":4,\"type\":3,\"building\":3,\"scenario\":6,\"train\":2,\"spell\":4,\"controller\":3,\"harvest\":3,\"chance\":2,\"bought\":2,\"start\":4,\"people\":2,\"played\":2,\"structure\":6,\"boring\":3,\"left\":2,\"build\":6,\"farmer\":4,\"time\":2,\"board\":3,\"story\":4}",7
Others,2012,negative,"{\"game\":62,\"navy\":8,\"roll\":12,\"historical\":5,\"ship\":10,\"simple\":6,\"boy\":6,\"sea\":12,\"hour\":6,\"attack\":6,\"player\":11,\"actual\":5,\"monolith\":6,\"issue\":5,\"pokemon\":6,\"start\":4,\"war\":11,\"single\":4,\"battle\":9,\"port\":6,\"cutscenes\":4,\"completely\":5,\"705\":5,\"adult\":6,\"strategy\":7}",11
Others,2013,positive,"{\"love\":39,\"play\":77,\"game\":347,\"kid\":17,\"lot\":19,\"fan\":15,\"character\":27,\"attack\":15,\"beat\":14,\"graphic\":28,\"player\":16,\"pokemon\":29,\"level\":23,\"bought\":21,\"mario\":31,\"control\":23,\"played\":26,\"super\":15,\"2\":14,\"playing\":32,\"time\":42,\"favorite\":17,\"fun\":59,\"gameplay\":15,\"story\":21}",205
Others,2014,negative,"{\"play\":7,\"torn\":4,\"game\":28,\"cut\":3,\"usb\":3,\"american\":3,\"troop\":4,\"enemy\":4,\"combat\":11,\"building\":3,\"cover\":3,\"basically\":4,\"hard\":4,\"map\":5,\"close\":7,\"ram\":3,\"based\":4,\"product\":5,\"control\":6,\"wrong\":3,\"lack\":4,\"battle\":7,\"soldier\":6,\"time\":6,\"card\":4}",20
Others,2014,neutral,"{\"reason\":1,\"hang\":1,\"nastalgia\":1,\"game\":7,\"main\":1,\"delivered\":1,\"remember\":1,\"arrived\":1,\"jingleing\":1,\"load\":3,\"finish\":1,\"hard\":1,\"expecting\":1,\"berserk\":1,\"item\":1,\"expected\":2,\"2000\":1,\"take\":1,\"boring\":1,\"system\":1,\"disc\":2,\"window\":1,\"time\":3,\"story\":1,\"gameplay\":1}",25
Others,2015,negative,"{\"play\":6,\"game\":13,\"description\":2,\"bomb\":4,\"red\":2,\"genesis\":2,\"playstation\":2,\"radius\":3,\"player\":10,\"broken\":3,\"controller\":5,\"original\":4,\"issue\":2,\"black\":2,\"start\":4,\"war\":2,\"version\":6,\"blast\":4,\"1\":2,\"3\":4,\"money\":4,\"famicom\":5,\"plug\":3,\"quot\":2,\"fun\":2}",25
Others,2016,negative,"{\"internal\":2,\"game\":27,\"cut\":2,\"bad\":2,\"save\":2,\"feel\":2,\"screen\":3,\"enemy\":2,\"bit\":2,\"battery\":3,\"running\":2,\"lost\":2,\"wo\":2,\"shoot\":3,\"fight\":3,\"34\":4,\"replacing\":2,\"pack\":4,\"minute\":2,\"cartridge\":3,\"condition\":3,\"3\":3,\"boxing\":4,\"playing\":3,\"time\":2}",20
Others,2016,neutral,"{\"game\":9,\"shop\":1,\"color\":2,\"addon\":1,\"moved\":1,\"bit\":1,\"gameboy\":2,\"local\":1,\"playstation\":1,\"tad\":1,\"sold\":1,\"read\":1,\"expensive\":1,\"2\":1,\"fast\":1,\"incredibly\":1,\"purchased\":2,\"install\":1,\"machine\":2,\"8\":1,\"supposed\":2,\"disc\":2,\"time\":2,\"job\":1,\"choice\":1}",30
Others,2017,positive,"{\"love\":12,\"play\":24,\"saturn\":7,\"game\":137,\"perfect\":6,\"bad\":6,\"recommend\":6,\"guy\":13,\"lot\":7,\"amazing\":6,\"graphic\":7,\"34\":18,\"childhood\":6,\"excellent\":7,\"mario\":7,\"control\":8,\"version\":8,\"played\":8,\"cartridge\":13,\"condition\":17,\"playing\":9,\"time\":17,\"wrestling\":8,\"favorite\":9,\"fun\":13}",136
Others,2018,negative,"{\"play\":2,\"game\":14,\"save\":1,\"aggressively\":1,\"screen\":2,\"faulty\":1,\"dried\":1,\"battery\":1,\"crash\":2,\"disappointed\":2,\"pak\":2,\"yobo\":2,\"froze\":2,\"totally\":2,\"plugged\":2,\"34\":4,\"garbage\":1,\"scratch\":2,\"received\":3,\"expansion\":2,\"wrong\":2,\"money\":1,\"fake\":1,\"time\":2,\"return\":2}",16
Others,2019,negative,"{\"seller\":1,\"play\":2,\"game\":16,\"code\":2,\"correct\":1,\"palm\":2,\"save\":3,\"dead\":3,\"battery\":3,\"switch\":1,\"poor\":1,\"listing\":1,\"rulebook\":1,\"figure\":1,\"product\":2,\"set\":1,\"suspect\":1,\"picture\":1,\"amazon\":1,\"core\":1,\"weird\":2,\"2\":2,\"300\":1,\"pc\":2,\"miniature\":1}",20
Others,2020,neutral,"{\"addicting\":1,\"excelente\":1,\"game\":6,\"memory\":1,\"screen\":1,\"decent\":1,\"producto\":1,\"video\":2,\"battery\":1,\"properly\":1,\"red\":1,\"gold\":1,\"bar\":1,\"load\":1,\"fine\":2,\"kinda\":1,\"unplayable\":1,\"receive\":1,\"item\":1,\"corrupt\":1,\"pokemon\":1,\"condition\":1,\"blue\":1,\"returned\":1,\"stated\":1}",15
Others,2020,positive,"{\"seller\":8,\"play\":12,\"love\":15,\"game\":44,\"perfectly\":4,\"perfect\":4,\"book\":3,\"happy\":6,\"save\":5,\"rule\":3,\"american\":4,\"fine\":4,\"gaming\":3,\"original\":4,\"star\":4,\"issue\":5,\"nice\":3,\"super\":4,\"cartridge\":11,\"condition\":16,\"fast\":4,\"3\":5,\"playing\":8,\"time\":8,\"fun\":10}",74
Others,2021,negative,"{\"couple\":1,\"game\":7,\"data\":1,\"saved\":1,\"scam\":1,\"lot\":2,\"hour\":1,\"major\":1,\"defective\":2,\"hand\":2,\"news\":1,\"console\":1,\"learned\":1,\"looked\":2,\"spent\":1,\"joystick\":2,\"2021\":1,\"saving\":1,\"nfl\":2,\"2k\":2,\"playing\":1,\"disc\":2,\"madden\":3,\"irritated\":1,\"board\":1}",7
Others,2023,positive,"{\"play\":2,\"game\":12,\"kid\":1,\"happy\":2,\"book\":2,\"feel\":1,\"recommend\":2,\"manual\":2,\"remember\":2,\"arrived\":1,\"load\":1,\"hour\":1,\"pick\":2,\"predicted\":1,\"funny\":3,\"2000s\":1,\"original\":2,\"sooner\":1,\"excellent\":1,\"nostalgic\":3,\"quality\":2,\"condition\":3,\"buying\":2,\"playing\":2,\"fun\":3}",19
Software,1999,negative,"{\"door\":1,\"game\":1,\"waiting\":1,\"lacking\":1,\"kill\":1,\"alien\":1,\"weapon\":1,\"kick\":1,\"missing\":1,\"exotic\":1,\"ability\":1,\"story\":1,\"care\":1}",1
Software,1999,positive,"{\"play\":2,\"game\":13,\"decent\":1,\"customize\":1,\"character\":2,\"scully\":2,\"differing\":1,\"variety\":2,\"colonize\":1,\"basically\":1,\"land\":1,\"ability\":1,\"graphic\":2,\"add\":1,\"chess\":2,\"race\":1,\"explore\":1,\"planet\":2,\"real\":3,\"version\":2,\"mulder\":2,\"actor\":2,\"quot\":6,\"board\":2,\"gamers\":2}",3
Software,2000,negative,"{\"deer\":3,\"play\":3,\"game\":30,\"bad\":4,\"craft\":4,\"ship\":4,\"enemy\":5,\"air\":6,\"sea\":3,\"weapon\":4,\"scenario\":3,\"price\":3,\"scope\":3,\"opponent\":4,\"vessel\":5,\"land\":3,\"close\":3,\"graphic\":6,\"kill\":3,\"battle\":10,\"2\":3,\"carrier\":3,\"quot\":8,\"movement\":3,\"fun\":5}",7
Software,2001,negative,"{\"play\":3,\"game\":20,\"ship\":3,\"type\":3,\"negative\":3,\"ww2\":3,\"road\":2,\"princeton\":3,\"tank\":3,\"graphic\":4,\"encore\":4,\"waste\":2,\"song\":4,\"kuwait\":2,\"soundtrack\":5,\"pretty\":2,\"outstanding\":2,\"started\":2,\"real\":3,\"happened\":2,\"boring\":2,\"descent\":4,\"time\":3,\"math\":4,\"quot\":6}",6
Software,2001,positive,"{\"play\":14,\"game\":56,\"software\":11,\"exercise\":12,\"program\":9,\"shot\":7,\"3d\":7,\"writing\":6,\"enter\":6,\"track\":7,\"player\":8,\"add\":5,\"pretty\":6,\"vivonic\":5,\"easy\":10,\"food\":15,\"nutrition\":5,\"mission\":6,\"application\":7,\"science\":6,\"calorie\":5,\"playing\":5,\"time\":13,\"quot\":22,\"fun\":8}",19
Software,2002,negative,"{\"game\":12,\"bee\":2,\"enemy\":6,\"speed\":2,\"weapon\":6,\"fall\":2,\"hour\":2,\"plot\":2,\"attack\":3,\"beat\":2,\"ability\":3,\"day\":3,\"fairy\":2,\"blah\":3,\"pinobee\":10,\"star\":2,\"level\":12,\"sense\":2,\"real\":2,\"difficulty\":2,\"bug\":2,\"progress\":2,\"time\":5,\"dash\":7,\"story\":2}",4
Software,2003,negative,"{\"guru\":1,\"installed\":1,\"contacted\":1,\"week\":1,\"software\":4,\"palm\":2,\"screen\":3,\"program\":5,\"remove\":1,\"worth\":1,\"crash\":3,\"properly\":2,\"file\":2,\"tech\":2,\"address\":2,\"sync\":2,\"intel\":5,\"2\":2,\"phone\":2,\"tho\":2,\"registration\":2,\"time\":3,\"quot\":2,\"support\":2,\"lame\":3}",3
Software,2003,positive,"{\"pirate\":6,\"game\":46,\"color\":6,\"ship\":21,\"british\":7,\"quest\":10,\"lot\":6,\"score\":6,\"hit\":6,\"graphic\":9,\"fight\":6,\"player\":9,\"statistic\":7,\"town\":10,\"level\":7,\"island\":6,\"intelligolf\":19,\"easy\":6,\"2\":6,\"3\":5,\"playing\":5,\"time\":10,\"quot\":26,\"fun\":8,\"golfwits\":18}",17
Software,2004,negative,"{\"deer\":3,\"play\":4,\"bus\":1,\"quick\":1,\"game\":7,\"duke\":1,\"sped\":1,\"jeff\":1,\"foxworthy\":1,\"3d\":1,\"school\":2,\"loath\":1,\"hick\":2,\"shoot\":2,\"graphic\":2,\"level\":4,\"start\":2,\"started\":2,\"o\":1,\"trash\":2,\"letter\":2,\"playing\":2,\"favorite\":1,\"supported\":1,\"gameplay\":2}",3
Software,2005,negative,"{\"spain\":4,\"pirate\":4,\"game\":6,\"week\":2,\"software\":2,\"sail\":2,\"aim\":2,\"hostile\":3,\"ship\":4,\"hope\":2,\"shot\":2,\"crew\":2,\"load\":2,\"english\":5,\"diet\":2,\"french\":3,\"spanish\":2,\"product\":2,\"star\":2,\"island\":2,\"war\":2,\"played\":2,\"faction\":2,\"simply\":2,\"story\":2}",2
Software,2006,negative,"{\"studio\":2,\"game\":1,\"circuit\":1,\"software\":1,\"bad\":1,\"palm\":1,\"frustrating\":1,\"mac\":1,\"f7\":2,\"3d\":3,\"compatible\":1,\"disappointed\":2,\"sim\":2,\"design\":2,\"included\":2,\"graphic\":2,\"train\":2,\"sits\":1,\"tech\":2,\"upgrade\":1,\"kaput\":2,\"e2\":1,\"guess\":2,\"basic\":2,\"support\":2}",3
Software,2006,neutral,"{\"game\":2,\"goto\":1,\"bought\":1,\"entire\":1,\"family\":1,\"alot\":1}",1
Software,2009,negative,"{\"play\":1,\"game\":2,\"software\":2,\"happy\":1,\"mahjongg\":1,\"nonsense\":1,\"properly\":1,\"review\":1,\"price\":1,\"camper\":1,\"tile\":1,\"wo\":1,\"uninstalling\":1,\"product\":2,\"star\":1,\"bought\":1,\"change\":1,\"agree\":1,\"layout\":1,\"3\":1,\"install\":1,\"guess\":1,\"playing\":1,\"time\":1,\"vista\":1}",2
Software,2010,negative,"{\"play\":15,\"game\":56,\"sound\":16,\"medic\":5,\"mw2\":9,\"networking\":5,\"enemy\":7,\"video\":4,\"life\":4,\"remember\":7,\"weapon\":5,\"ps3\":6,\"sniper\":4,\"recon\":4,\"class\":6,\"map\":7,\"player\":17,\"fps\":8,\"team\":14,\"pack\":4,\"killed\":5,\"people\":5,\"squad\":4,\"playing\":5,\"time\":9}",2
Software,2010,positive,"{\"love\":4,\"play\":8,\"pirate\":2,\"game\":20,\"hire\":2,\"ship\":4,\"sea\":2,\"remember\":2,\"mode\":2,\"sequel\":2,\"day\":3,\"released\":3,\"34\":4,\"stopped\":2,\"cool\":3,\"real\":2,\"version\":3,\"battle\":3,\"money\":2,\"scuttled\":2,\"playing\":3,\"window\":3,\"time\":3,\"choice\":3,\"favorite\":3}",8
Software,2012,positive,"{\"calculation\":3,\"love\":4,\"play\":5,\"game\":19,\"sound\":3,\"program\":2,\"mech\":3,\"price\":2,\"mathcad\":3,\"hand\":2,\"bought\":3,\"control\":3,\"people\":2,\"version\":2,\"command\":2,\"build\":3,\"folk\":2,\"baby\":3,\"clan\":3,\"online\":2,\"window\":4,\"time\":8,\"brother\":3,\"fun\":3,\"gear\":3}",14
Software,2013,negative,"{\"rated\":1,\"game\":3,\"idiot\":1,\"expectation\":1,\"time\":1,\"totally\":1,\"listen\":1,\"wrong\":1}",1
Software,2014,positive,"{\"play\":2,\"klingon\":3,\"game\":15,\"hilarious\":3,\"choose\":4,\"video\":2,\"program\":2,\"bit\":3,\"cart\":4,\"setting\":2,\"trek\":3,\"installation\":2,\"steer\":2,\"waste\":1,\"34\":6,\"star\":4,\"16\":2,\"display\":2,\"version\":2,\"operate\":1,\"pc\":2,\"7\":2,\"xp\":3,\"playing\":5,\"window\":10}",16
Software,2015,negative,"{\"game\":2,\"battleship\":1,\"classic\":1,\"piece\":1,\"response\":1,\"junk\":1,\"comment\":1,\"recommend\":1,\"company\":1,\"highly\":1,\"accept\":1}",4
Software,2015,positive,"{\"game\":19,\"memory\":4,\"release\":12,\"bit\":5,\"building\":7,\"content\":14,\"tane\":7,\"download\":10,\"trainz\":17,\"engine\":6,\"ts12\":6,\"station\":6,\"ane\":5,\"model\":8,\"train\":4,\"digital\":7,\"simulator\":7,\"auran\":4,\"version\":11,\"route\":4,\"bug\":4,\"window\":8,\"drive\":5,\"asset\":12,\"user\":9}",17
Software,2016,positive,"{\"play\":5,\"game\":30,\"shadow\":5,\"session\":3,\"error\":5,\"content\":18,\"lot\":4,\"post\":3,\"feature\":7,\"trainz\":11,\"era\":3,\"review\":3,\"warning\":3,\"model\":4,\"graphic\":4,\"train\":5,\"34\":6,\"simulator\":9,\"previous\":4,\"fps\":4,\"version\":7,\"driver\":3,\"effect\":4,\"processing\":3,\"party\":3}",10
Software,2017,positive,"{\"cancel\":2,\"backup\":3,\"game\":4,\"session\":1,\"unclear\":1,\"restoring\":2,\"program\":3,\"lot\":2,\"patch\":3,\"track\":2,\"graphic\":4,\"34\":4,\"product\":2,\"chance\":1,\"finished\":2,\"nice\":2,\"awesome\":2,\"disk\":3,\"install\":2,\"5\":2,\"time\":2,\"window\":3,\"support\":2,\"card\":2,\"customer\":2}",10
Software,2018,negative,"{\"broken\":1,\"ripoff\":1,\"wait\":1,\"product\":1,\"load\":1,\"start\":1,\"time\":1,\"complete\":1,\"platform\":1,\"enjoyed\":1,\"bummer\":1}",2
Software,2018,neutral,"{\"current\":1,\"window\":1,\"load\":1,\"o\":1}",2
Software,2019,negative,"{\"installed\":1,\"game\":2,\"seamlessly\":1,\"bug\":1,\"service\":1,\"recommend\":1,\"laptop\":1,\"list\":1,\"suck\":1,\"customer\":1}",1
Software,2019,neutral,{},1
Software,2019,positive,"{\"play\":3,\"klingon\":6,\"game\":7,\"honor\":2,\"program\":3,\"bit\":4,\"running\":2,\"remember\":3,\"elite\":2,\"trek\":4,\"dvd\":2,\"action\":2,\"operating\":3,\"pretty\":2,\"star\":4,\"finally\":2,\"fascinating\":2,\"sense\":2,\"played\":3,\"disrupter\":2,\"force\":2,\"window\":3,\"drive\":3,\"daughter\":2,\"fun\":3}",5
Software,2020,neutral,"{\"law\":1,\"review\":1,\"bought\":2,\"finally\":1,\"writing\":1,\"legit\":1,\"version\":1,\"brother\":1,\"railroader\":1}",3
Software,2021,neutral,"{\"edition\":2,\"8th\":1,\"codex\":1,\"9th\":1,\"advertised\":1}",2
Sports & Health,2010,positive,"{\"xbox360\":1,\"youtube\":1,\"repair\":1,\"electronics\":1,\"perfectly\":1,\"purpose\":1,\"video\":1,\"manual\":1,\"confused\":1,\"slims\":1,\"ton\":1,\"helped\":1,\"read\":1,\"reviving\":1,\"star\":2,\"looked\":1,\"resource\":1,\"created\":1,\"flawlessly\":1,\"xbox\":1,\"360\":1,\"tool\":4,\"instruction\":1,\"served\":1,\"walkthrough\":1}",2
Sports & Health,2013,positive,"{\"heat\":1,\"steel\":1,\"repair\":1,\"correct\":1,\"modder\":1,\"boiled\":1,\"recommend\":2,\"paste\":1,\"red\":1,\"mawd\":2,\"intended\":2,\"thingy\":2,\"bend\":3,\"soft\":2,\"shape\":1,\"poker\":1,\"bent\":2,\"metal\":2,\"spine\":1,\"xbox\":2,\"basis\":1,\"easy\":2,\"alright\":2,\"tool\":6,\"card\":3}",6
Sports & Health,2015,positive,"{\"searched\":1,\"downside\":1,\"flexible\":1,\"bent\":1,\"xbox\":1,\"confusing\":1,\"tool\":2}",2
Sports & Health,2018,positive,"{\"game\":3,\"session\":1,\"range\":1,\"booklet\":1,\"recommend\":1,\"program\":1,\"enclosed\":1,\"duration\":1,\"effective\":1,\"dvd\":1,\"min\":1,\"price\":1,\"plan\":1,\"highly\":1,\"player\":3,\"ab\":1,\"pretty\":1,\"cost\":1,\"15\":1,\"commiserate\":1,\"instructor\":1,\"4\":1,\"workout\":4,\"appreciated\":1,\"short\":2}",2
Sports & Health,2019,negative,"{\"standard\":1,\"decade\":1,\"book\":1,\"exercise\":1,\"training\":1,\"video\":3,\"fan\":1,\"dvd\":1,\"beginner\":1,\"5k\":1,\"advertised\":1,\"runner\":2,\"plan\":2,\"waste\":1,\"subscriber\":1,\"noticed\":1,\"increase\":1,\"10k\":1,\"fallen\":1,\"money\":1,\"watch\":1,\"instruction\":1,\"hearst\":1,\"time\":1,\"operation\":1}",2
Sports & Health,2019,positive,"{\"game\":1,\"bother\":1,\"star\":1,\"15\":1,\"seasoned\":1,\"video\":1,\"yeah\":1,\"superficial\":1,\"dvd\":1,\"rate\":1,\"beginner\":1,\"workout\":1,\"short\":1,\"time\":1,\"starting\":1,\"runner\":1,\"helpull\":1,\"masterpiece\":1,\"32\":1}",4
Sports & Health,2020,positive,"{\"gift\":1,\"deal\":1,\"luck\":1,\"foam\":1,\"messaged\":1,\"walmart\":1,\"focus\":1,\"exercise\":1,\"run\":1,\"video\":1,\"rolling\":1,\"stretch\":1,\"son\":1,\"segment\":1,\"helpful\":1,\"band\":3,\"tied\":1,\"pretty\":1,\"ideal\":1,\"bought\":1,\"difficult\":1,\"follow\":1,\"easy\":1,\"exposure\":1,\"time\":1}",3
Toys & Games,2002,positive,"{\"love\":4,\"play\":8,\"game\":36,\"objective\":3,\"worth\":3,\"lot\":4,\"car\":4,\"beat\":3,\"graphic\":5,\"pretty\":4,\"original\":5,\"set\":6,\"level\":4,\"zaku\":4,\"mission\":3,\"2\":3,\"earn\":4,\"gundam\":9,\"pikachu\":20,\"time\":5,\"strategy\":7,\"watt\":10,\"fun\":5,\"walk\":6,\"card\":11}",15
Toys & Games,2005,positive,"{\"magic\":3,\"love\":4,\"play\":9,\"game\":24,\"told\":3,\"kid\":6,\"harry\":15,\"lot\":3,\"fan\":4,\"client\":3,\"buddy\":5,\"potter\":15,\"pastor\":4,\"pretty\":3,\"pokemon\":3,\"star\":3,\"poker\":6,\"thursday\":3,\"played\":6,\"uno\":11,\"playing\":10,\"adult\":3,\"fun\":6,\"card\":15,\"child\":4}",6
Toys & Games,2007,positive,"{\"tray\":1,\"love\":4,\"game\":11,\"role\":1,\"dice\":1,\"recommend\":1,\"training\":1,\"advertising\":1,\"bit\":1,\"collecting\":1,\"smart\":1,\"lot\":1,\"thinned\":1,\"son\":1,\"monopoly\":1,\"trainer\":2,\"beat\":1,\"day\":1,\"extreme\":1,\"pretty\":1,\"pokemon\":7,\"pikachu\":2,\"watt\":4,\"fun\":2,\"card\":3}",3
Toys & Games,2009,positive,"{\"play\":15,\"blind\":4,\"game\":68,\"rule\":5,\"fan\":6,\"character\":6,\"hour\":6,\"friend\":7,\"human\":7,\"player\":24,\"tribune\":5,\"galactica\":8,\"played\":9,\"benefit\":4,\"minute\":6,\"take\":4,\"bsg\":7,\"faction\":19,\"playing\":10,\"time\":6,\"battlestar\":8,\"cylon\":11,\"board\":16,\"card\":17,\"fun\":17}",16
Toys & Games,2010,negative,"{\"spell\":1,\"game\":2,\"harry\":1,\"classroom\":1,\"version\":1,\"awesome\":1,\"weapon\":1,\"ridiculous\":1,\"clue\":1,\"name\":1,\"paid\":1,\"hogwart\":1,\"potter\":1,\"75\":1}",1
Toys & Games,2010,neutral,"{\"play\":5,\"die\":1,\"repair\":3,\"game\":9,\"werewolf\":2,\"called\":1,\"declare\":1,\"mafia\":2,\"ship\":4,\"action\":5,\"killer\":2,\"secretly\":2,\"player\":3,\"crisis\":2,\"ppl\":2,\"engineer\":2,\"throw\":2,\"cylons\":3,\"person\":2,\"fantastic\":2,\"drive\":3,\"hurt\":2,\"cylon\":5,\"card\":6,\"warp\":4}",1
Toys & Games,2011,positive,"{\"play\":20,\"fleet\":8,\"game\":91,\"bad\":10,\"book\":8,\"character\":10,\"skill\":9,\"friend\":8,\"human\":10,\"player\":18,\"crisis\":8,\"admiral\":8,\"galactica\":11,\"version\":9,\"people\":9,\"expansion\":7,\"cylons\":16,\"series\":10,\"playing\":10,\"time\":14,\"penguin\":7,\"board\":14,\"cylon\":16,\"fun\":19,\"card\":32}",17
Toys & Games,2012,positive,"{\"love\":14,\"play\":65,\"game\":243,\"dice\":17,\"edition\":21,\"rule\":32,\"hero\":18,\"lot\":19,\"character\":14,\"hour\":16,\"review\":16,\"friend\":13,\"win\":14,\"player\":56,\"add\":13,\"set\":28,\"easy\":17,\"played\":24,\"descent\":41,\"2\":19,\"playing\":24,\"time\":38,\"card\":15,\"fun\":32,\"board\":35}",52
Toys & Games,2013,neutral,"{\"roleplaying\":1,\"roleplay\":1,\"game\":2,\"streamlined\":1,\"warhammer\":1,\"steal\":1,\"focus\":1,\"edition\":2,\"rule\":4,\"run\":1,\"character\":2,\"kit\":1,\"seperately\":1,\"track\":1,\"designed\":2,\"player\":1,\"conversion\":1,\"sold\":1,\"previous\":1,\"version\":1,\"expansion\":1,\"smoother\":1,\"updated\":1,\"card\":2,\"story\":1}",3
Toys & Games,2013,positive,"{\"love\":43,\"play\":107,\"game\":422,\"book\":37,\"dice\":71,\"edition\":43,\"rule\":84,\"hero\":37,\"box\":59,\"lot\":42,\"character\":80,\"player\":98,\"set\":36,\"fantasy\":40,\"star\":43,\"rpg\":41,\"war\":39,\"easy\":44,\"played\":60,\"adventure\":68,\"playing\":53,\"time\":64,\"board\":40,\"card\":47,\"fun\":82}",150
Toys & Games,2015,positive,"{\"love\":26,\"play\":59,\"game\":296,\"book\":27,\"ship\":23,\"rule\":35,\"lot\":27,\"tie\":31,\"tile\":32,\"ability\":21,\"player\":59,\"34\":56,\"set\":20,\"squadron\":36,\"star\":37,\"war\":21,\"played\":32,\"expansion\":27,\"piece\":20,\"fighter\":23,\"playing\":27,\"time\":40,\"board\":36,\"fun\":58,\"card\":85}",185
Toys & Games,2016,negative,"{\"play\":3,\"love\":3,\"game\":12,\"production\":2,\"cannon\":3,\"ship\":4,\"hexagon\":2,\"box\":4,\"destroyer\":6,\"weapon\":3,\"commander\":3,\"model\":5,\"class\":3,\"34\":4,\"upgrade\":3,\"star\":9,\"war\":4,\"expansion\":4,\"retrofit\":3,\"piece\":6,\"inch\":3,\"armada\":4,\"imperial\":5,\"board\":3,\"card\":5}",19
Toys & Games,2019,neutral,"{\"add\":1,\"smashed\":1,\"game\":2,\"lo\":1,\"thumb\":1,\"workshop\":1,\"sell\":1,\"excelentes\":1,\"book\":2,\"expected\":2,\"screen\":1,\"specific\":1,\"justo\":1,\"lot\":1,\"ofrece\":1,\"condixiones\":1,\"corner\":1,\"buck\":1,\"campaign\":1,\"nephew\":1}",9
Toys & Games,2019,positive,"{\"love\":17,\"play\":34,\"game\":94,\"warhammer\":9,\"book\":60,\"dice\":9,\"rule\":24,\"matrix\":25,\"lot\":16,\"technomancers\":12,\"map\":10,\"hardcover\":11,\"player\":17,\"product\":10,\"set\":13,\"star\":9,\"team\":9,\"kill\":10,\"40k\":9,\"expansion\":10,\"quality\":13,\"adventure\":13,\"campaign\":15,\"time\":13,\"fun\":19}",116
Toys & Games,2020,negative,"{\"telling\":1,\"game\":1,\"curve\":1,\"book\":2,\"dice\":1,\"learning\":1,\"enemy\":1,\"worth\":1,\"glitch\":2,\"systrm\":1,\"barricade\":1,\"broken\":4,\"dagger\":1,\"star\":2,\"immersion\":1,\"gm\":1,\"war\":1,\"leaf\":1,\"monster\":1,\"token\":3,\"squirrel\":1,\"receipt\":1,\"fun\":1,\"partially\":1,\"card\":1}",8
Toys & Games,2020,positive,"{\"love\":9,\"play\":27,\"game\":97,\"perfect\":8,\"book\":49,\"dice\":9,\"rule\":18,\"box\":8,\"bit\":9,\"lot\":12,\"arrived\":9,\"character\":9,\"tile\":14,\"player\":15,\"item\":8,\"set\":14,\"easy\":9,\"adventure\":13,\"core\":8,\"piece\":9,\"fish\":9,\"campaign\":13,\"playing\":13,\"time\":12,\"fun\":20}",99
Toys & Games,2021,negative,"{\"play\":2,\"reason\":2,\"game\":12,\"book\":10,\"careful\":2,\"rule\":4,\"box\":2,\"character\":3,\"shipping\":2,\"picked\":2,\"compendium\":2,\"included\":2,\"actual\":2,\"issue\":2,\"sell\":2,\"2nd\":2,\"tau\":2,\"pay\":2,\"team\":2,\"kill\":2,\"core\":5,\"damaged\":4,\"online\":3,\"avoid\":2,\"fluff\":2}",13
Toys & Games,2021,neutral,"{\"deer\":1,\"code\":2,\"box\":1,\"dead\":1,\"muy\":1,\"cared\":1,\"cult\":1,\"price\":1,\"msrp\":1,\"packaged\":1,\"broken\":1,\"pretty\":1,\"broke\":1,\"star\":1,\"version\":1,\"quality\":1,\"classic\":1,\"pdf\":3,\"piece\":2,\"evil\":1,\"time\":2,\"wall\":1,\"send\":2,\"updated\":2,\"care\":1}",9
Toys & Games,2022,neutral,"{\"love\":1,\"flight\":1,\"shame\":1,\"game\":1,\"minor\":1,\"regional\":1,\"sooo\":1,\"5e\":1,\"ton\":1,\"ogl\":1,\"power\":2,\"owner\":1,\"based\":1,\"deserve\":1,\"set\":1,\"reaction\":1,\"fantasy\":1,\"neglecting\":1,\"explore\":1,\"star\":1,\"planet\":1,\"reading\":1,\"war\":1,\"history\":1,\"thread\":1}",3
Toys & Games,2023,negative,"{\"23\":1,\"internal\":1,\"bomber\":1,\"book\":2,\"hesitant\":1,\"lot\":1,\"cover\":1,\"fit\":1,\"tie\":2,\"wo\":1,\"catch\":1,\"listing\":1,\"item\":3,\"broke\":1,\"middle\":1,\"outer\":1,\"sticker\":2,\"mount\":3,\"1\":1,\"3\":1,\"damaged\":2,\"battletech\":1,\"fighter\":1,\"playing\":1,\"attempted\":1}",6
Toys & Games,2023,positive,"{\"love\":7,\"play\":12,\"game\":16,\"book\":32,\"rule\":19,\"setting\":5,\"fit\":5,\"lot\":5,\"necromunda\":5,\"tile\":8,\"model\":5,\"player\":11,\"item\":8,\"set\":11,\"purchase\":4,\"rpg\":4,\"played\":5,\"easy\":7,\"quality\":7,\"adventure\":9,\"supplement\":5,\"campaign\":5,\"time\":8,\"fun\":4,\"story\":5}",45
Video Games,2000,neutral,"{\"play\":10,\"game\":106,\"ship\":8,\"combat\":5,\"playstation\":4,\"fan\":5,\"realistic\":6,\"hour\":4,\"hard\":5,\"day\":4,\"graphic\":12,\"set\":10,\"level\":5,\"bought\":5,\"control\":6,\"people\":5,\"master\":5,\"take\":5,\"money\":5,\"puzzle\":5,\"force\":5,\"playing\":5,\"time\":12,\"quot\":28,\"gameplay\":6}",46
Video Games,2000,positive,"{\"love\":666,\"play\":2023,\"game\":13387,\"sound\":602,\"mode\":521,\"lot\":803,\"fan\":593,\"character\":1156,\"graphic\":1764,\"player\":974,\"original\":533,\"level\":999,\"control\":579,\"real\":551,\"version\":513,\"people\":577,\"played\":919,\"mission\":519,\"2\":669,\"playing\":896,\"time\":1777,\"quot\":2886,\"fun\":1492,\"gameplay\":623,\"story\":716}",3347
Video Games,2001,neutral,"{\"play\":17,\"reason\":8,\"game\":188,\"movie\":8,\"bad\":9,\"ps2\":11,\"character\":10,\"hour\":8,\"car\":11,\"beat\":9,\"graphic\":17,\"set\":10,\"finally\":8,\"cool\":8,\"control\":8,\"real\":8,\"people\":12,\"battle\":9,\"2\":12,\"playing\":10,\"time\":23,\"quot\":22,\"age\":8,\"fun\":11,\"story\":12}",81
Video Games,2002,neutral,"{\"play\":23,\"gun\":10,\"game\":215,\"bad\":9,\"ps2\":15,\"button\":14,\"character\":22,\"hour\":10,\"hard\":18,\"graphic\":29,\"controller\":12,\"level\":19,\"start\":13,\"control\":15,\"version\":10,\"people\":11,\"played\":13,\"unit\":10,\"2\":14,\"3\":9,\"playing\":9,\"time\":33,\"quot\":18,\"fun\":18,\"gameplay\":9}",131
Video Games,2002,positive,"{\"love\":1733,\"play\":5823,\"game\":37131,\"sound\":1858,\"mode\":1975,\"lot\":2202,\"fan\":1517,\"character\":3173,\"car\":1470,\"graphic\":4781,\"player\":2696,\"pretty\":1495,\"level\":2949,\"control\":1827,\"easy\":1463,\"people\":1878,\"played\":2436,\"2\":2298,\"3\":1591,\"playing\":2507,\"time\":4957,\"quot\":2986,\"fun\":4268,\"story\":1895,\"gameplay\":2090}",8865
Video Games,2003,negative,"{\"play\":384,\"game\":3863,\"bad\":319,\"sound\":190,\"enemy\":321,\"lot\":193,\"weapon\":257,\"character\":417,\"graphic\":452,\"player\":212,\"star\":197,\"level\":389,\"war\":174,\"control\":262,\"people\":208,\"played\":213,\"battle\":215,\"mission\":197,\"2\":253,\"3\":170,\"playing\":204,\"time\":584,\"quot\":312,\"fun\":236,\"story\":191}",923
Video Games,2004,neutral,"{\"play\":9,\"game\":67,\"sims\":4,\"box\":4,\"pole\":5,\"character\":6,\"attack\":4,\"ubisoft\":5,\"woof\":6,\"warning\":4,\"beet\":4,\"day\":4,\"cool\":4,\"people\":6,\"minute\":5,\"single\":4,\"battle\":4,\"2\":8,\"5\":5,\"playing\":5,\"time\":6,\"drive\":4,\"quot\":13,\"fun\":5,\"story\":4}",40
Video Games,2005,neutral,"{\"play\":11,\"wait\":3,\"game\":69,\"doki\":4,\"soe\":4,\"box\":4,\"combat\":5,\"ps2\":4,\"fan\":6,\"graphic\":3,\"controller\":4,\"original\":5,\"bought\":4,\"black\":3,\"control\":4,\"real\":5,\"version\":6,\"army\":5,\"2\":7,\"blue\":3,\"money\":4,\"piece\":3,\"bug\":4,\"time\":9,\"story\":6}",39
Video Games,2005,positive,"{\"love\":425,\"play\":1456,\"game\":9784,\"sound\":387,\"lot\":550,\"character\":1018,\"music\":451,\"hour\":383,\"hard\":360,\"graphic\":1145,\"player\":466,\"pretty\":446,\"level\":756,\"control\":378,\"version\":351,\"people\":580,\"played\":719,\"2\":752,\"3\":484,\"final\":360,\"playing\":657,\"time\":1387,\"fun\":1129,\"gameplay\":488,\"story\":652}",2043
Video Games,2006,negative,"{\"play\":128,\"gun\":63,\"game\":1167,\"bad\":86,\"sound\":69,\"enemy\":104,\"lot\":65,\"weapon\":85,\"character\":86,\"music\":58,\"attack\":55,\"graphic\":129,\"resident\":60,\"level\":110,\"control\":69,\"played\":68,\"mission\":65,\"2\":87,\"3\":61,\"series\":63,\"playing\":61,\"evil\":71,\"time\":217,\"fun\":85,\"story\":62}",234
Video Games,2007,neutral,"{\"magic\":5,\"play\":6,\"game\":41,\"bit\":4,\"scene\":3,\"weak\":3,\"lot\":4,\"character\":15,\"music\":3,\"ability\":3,\"graphic\":4,\"move\":4,\"fantasy\":4,\"incredible\":5,\"adaptor\":4,\"designer\":3,\"version\":4,\"battle\":5,\"environment\":4,\"series\":4,\"final\":6,\"time\":5,\"card\":5,\"fun\":6,\"story\":5}",32
Video Games,2009,neutral,"{\"seller\":3,\"gun\":3,\"game\":23,\"duke\":3,\"range\":3,\"enemy\":2,\"quest\":2,\"mode\":2,\"fan\":3,\"character\":4,\"dialogue\":3,\"stick\":3,\"graphic\":4,\"product\":3,\"combo\":2,\"2\":2,\"3\":3,\"classic\":3,\"light\":2,\"series\":4,\"time\":6,\"annoying\":2,\"64\":3,\"fun\":4,\"story\":2}",24
Video Games,2009,positive,"{\"love\":324,\"play\":871,\"game\":5354,\"lot\":286,\"character\":491,\"music\":212,\"hard\":194,\"graphic\":463,\"player\":216,\"pretty\":226,\"original\":209,\"fantasy\":213,\"level\":331,\"mario\":198,\"people\":214,\"version\":221,\"played\":397,\"2\":248,\"series\":209,\"final\":242,\"playing\":354,\"time\":757,\"fun\":730,\"gameplay\":197,\"story\":359}",1515
Video Games,2010,neutral,"{\"play\":4,\"game\":36,\"memory\":3,\"lo\":4,\"movie\":3,\"bad\":3,\"bos\":3,\"iacute\":3,\"mac\":4,\"fan\":2,\"disappointed\":3,\"konami\":2,\"lost\":3,\"day\":3,\"graphic\":4,\"product\":4,\"bought\":2,\"el\":4,\"en\":3,\"xbox\":3,\"castlevania\":2,\"2\":4,\"time\":8,\"collect\":2,\"story\":4}",31
Video Games,2010,positive,"{\"love\":359,\"play\":901,\"game\":5475,\"lot\":283,\"character\":479,\"music\":237,\"hard\":197,\"day\":225,\"graphic\":439,\"player\":209,\"pretty\":242,\"original\":249,\"level\":473,\"mario\":217,\"control\":196,\"people\":195,\"version\":315,\"played\":392,\"2\":291,\"series\":197,\"final\":224,\"playing\":379,\"time\":849,\"fun\":646,\"story\":362}",1529
Video Games,2011,negative,"{\"play\":116,\"game\":975,\"bad\":48,\"enemy\":66,\"lot\":60,\"weapon\":58,\"hit\":43,\"character\":80,\"day\":48,\"graphic\":61,\"star\":41,\"level\":117,\"bought\":40,\"start\":51,\"war\":44,\"control\":42,\"played\":52,\"version\":57,\"battle\":58,\"2\":70,\"3\":42,\"playing\":52,\"time\":177,\"fun\":50,\"story\":59}",293
Video Games,2011,neutral,"{\"play\":10,\"game\":42,\"troop\":4,\"fighting\":5,\"battery\":3,\"mac\":8,\"worth\":3,\"button\":4,\"school\":3,\"graphic\":4,\"day\":5,\"product\":3,\"controller\":7,\"original\":4,\"dealing\":4,\"bought\":6,\"cheap\":3,\"n64\":4,\"played\":5,\"o\":4,\"1\":4,\"2\":4,\"light\":4,\"window\":4,\"favorite\":3}",33
Video Games,2011,positive,"{\"love\":455,\"play\":1242,\"game\":7632,\"lot\":358,\"fan\":294,\"character\":643,\"music\":308,\"graphic\":666,\"player\":411,\"controller\":291,\"pretty\":309,\"original\":327,\"level\":540,\"bought\":287,\"mario\":419,\"control\":306,\"version\":460,\"played\":592,\"super\":385,\"2\":462,\"series\":308,\"playing\":491,\"time\":1142,\"fun\":836,\"story\":486}",1998
Video Games,2012,negative,"{\"play\":134,\"game\":1148,\"bad\":82,\"enemy\":102,\"title\":51,\"lot\":64,\"weapon\":50,\"hit\":48,\"character\":92,\"hard\":58,\"graphic\":91,\"pretty\":50,\"star\":55,\"level\":101,\"control\":67,\"played\":55,\"version\":79,\"battle\":48,\"2\":52,\"money\":45,\"playing\":59,\"time\":179,\"fun\":63,\"gameplay\":48,\"story\":65}",383
Video Games,2013,positive,"{\"love\":1302,\"play\":2318,\"game\":11880,\"kid\":522,\"recommend\":560,\"lot\":549,\"character\":654,\"day\":514,\"graphic\":794,\"34\":450,\"pretty\":437,\"original\":554,\"level\":607,\"bought\":571,\"version\":474,\"played\":942,\"condition\":472,\"2\":500,\"classic\":490,\"series\":420,\"playing\":908,\"time\":1694,\"fun\":1612,\"gameplay\":420,\"story\":568}",5854
Video Games,2014,negative,"{\"play\":227,\"game\":1571,\"bad\":111,\"feel\":68,\"enemy\":194,\"lot\":84,\"weapon\":93,\"character\":127,\"attack\":69,\"hard\":86,\"graphic\":93,\"34\":166,\"item\":73,\"star\":67,\"level\":148,\"bought\":72,\"control\":65,\"version\":71,\"played\":75,\"battle\":93,\"1\":66,\"2\":99,\"time\":294,\"fun\":73,\"story\":105}",873
Video Games,2014,neutral,"{\"play\":13,\"game\":191,\"nintendo\":9,\"memory\":11,\"arrived\":16,\"shipping\":9,\"advertised\":16,\"console\":10,\"delivery\":13,\"34\":24,\"product\":15,\"controller\":17,\"item\":34,\"star\":10,\"bought\":19,\"expected\":23,\"start\":9,\"received\":11,\"n64\":9,\"version\":14,\"condition\":9,\"fast\":17,\"classic\":36,\"window\":22,\"time\":30}",636
Video Games,2014,positive,"{\"love\":1211,\"play\":1808,\"game\":9613,\"kid\":386,\"recommend\":376,\"lot\":461,\"character\":489,\"music\":355,\"day\":355,\"graphic\":632,\"34\":683,\"original\":404,\"level\":447,\"bought\":422,\"version\":464,\"played\":656,\"awesome\":447,\"2\":462,\"condition\":535,\"classic\":424,\"playing\":689,\"time\":1533,\"favorite\":395,\"fun\":1218,\"story\":349}",6717
Video Games,2015,negative,"{\"play\":183,\"game\":1079,\"bad\":84,\"enemy\":80,\"weapon\":63,\"character\":48,\"disappointed\":54,\"graphic\":68,\"player\":50,\"34\":119,\"item\":51,\"controller\":67,\"star\":61,\"level\":97,\"control\":54,\"played\":48,\"version\":60,\"2\":78,\"3\":48,\"money\":59,\"disc\":55,\"playing\":58,\"window\":48,\"time\":155,\"fun\":62}",894
Video Games,2015,neutral,"{\"quick\":15,\"game\":230,\"battery\":14,\"button\":14,\"wreck\":15,\"arrived\":27,\"shipping\":23,\"school\":19,\"advertised\":34,\"lock\":15,\"cable\":14,\"delivery\":14,\"controller\":21,\"item\":29,\"product\":35,\"childhood\":14,\"grate\":33,\"expected\":38,\"received\":19,\"pc\":18,\"fast\":32,\"classic\":70,\"disc\":15,\"window\":26,\"time\":40}",1065
Video Games,2016,negative,"{\"play\":170,\"game\":1101,\"bad\":101,\"bos\":109,\"screen\":77,\"enemy\":248,\"head\":87,\"weapon\":64,\"character\":90,\"music\":93,\"shoot\":87,\"fight\":150,\"jump\":64,\"34\":316,\"green\":67,\"cave\":70,\"level\":170,\"control\":69,\"battle\":93,\"2\":75,\"blue\":69,\"stage\":111,\"time\":228,\"fun\":69,\"story\":75}",820
Video Games,2016,neutral,"{\"seller\":13,\"game\":176,\"nintendo\":10,\"memory\":12,\"kid\":10,\"arrived\":30,\"playstation\":10,\"shipping\":26,\"advertised\":13,\"cable\":13,\"34\":18,\"controller\":19,\"item\":21,\"product\":25,\"bought\":11,\"expected\":31,\"received\":15,\"version\":16,\"castlevania\":12,\"pc\":10,\"classic\":36,\"fast\":36,\"window\":37,\"time\":39,\"return\":10}",827
Video Games,2017,positive,"{\"love\":500,\"play\":600,\"game\":3431,\"perfect\":198,\"happy\":161,\"kid\":170,\"arrived\":150,\"character\":141,\"day\":130,\"graphic\":135,\"34\":349,\"controller\":139,\"product\":186,\"original\":177,\"excellent\":168,\"bought\":178,\"version\":152,\"played\":227,\"awesome\":165,\"condition\":344,\"classic\":172,\"playing\":207,\"time\":451,\"favorite\":131,\"fun\":476}",3942
Video Games,2018,neutral,"{\"game\":131,\"memory\":8,\"color\":9,\"battery\":8,\"ps2\":9,\"arrived\":32,\"compatible\":14,\"load\":9,\"advertised\":24,\"day\":13,\"item\":15,\"product\":24,\"read\":10,\"bought\":17,\"expected\":21,\"scratch\":10,\"version\":9,\"condition\":9,\"disk\":12,\"fast\":9,\"classic\":18,\"disc\":20,\"window\":29,\"time\":40,\"return\":9}",584
Video Games,2018,positive,"{\"seller\":125,\"love\":411,\"play\":516,\"game\":2826,\"memory\":124,\"perfectly\":148,\"perfect\":170,\"happy\":118,\"kid\":131,\"lot\":127,\"loved\":120,\"controller\":128,\"product\":152,\"original\":166,\"bought\":159,\"version\":136,\"played\":175,\"awesome\":118,\"condition\":340,\"classic\":130,\"disc\":118,\"playing\":204,\"time\":346,\"favorite\":116,\"fun\":338}",3109
Video Games,2019,neutral,"{\"play\":8,\"excelente\":10,\"game\":148,\"code\":8,\"memory\":11,\"kid\":7,\"book\":7,\"description\":7,\"box\":11,\"arrived\":14,\"advertised\":23,\"console\":11,\"item\":15,\"product\":23,\"star\":9,\"bought\":14,\"el\":7,\"expected\":20,\"scratch\":9,\"condition\":12,\"fast\":8,\"classic\":11,\"disc\":17,\"window\":8,\"time\":31}",526
Video Games,2020,positive,"{\"seller\":129,\"love\":265,\"play\":317,\"game\":1824,\"nintendo\":90,\"perfect\":126,\"kid\":88,\"book\":99,\"happy\":103,\"video\":80,\"arrived\":79,\"price\":104,\"product\":90,\"original\":109,\"level\":87,\"bought\":98,\"version\":97,\"played\":106,\"super\":150,\"condition\":247,\"fast\":85,\"playing\":118,\"disc\":121,\"time\":234,\"fun\":179}",1864
Video Games,2021,negative,"{\"seller\":15,\"play\":42,\"game\":264,\"bad\":17,\"wwf\":18,\"box\":17,\"character\":19,\"disappointed\":24,\"player\":16,\"broken\":22,\"controller\":13,\"product\":20,\"read\":12,\"original\":13,\"star\":13,\"bought\":16,\"version\":13,\"disk\":12,\"condition\":16,\"2\":18,\"cartridge\":25,\"money\":17,\"disc\":34,\"time\":43,\"story\":15}",255
Video Games,2021,positive,"{\"seller\":114,\"love\":187,\"play\":272,\"game\":1177,\"perfectly\":75,\"perfect\":102,\"kid\":58,\"happy\":97,\"book\":121,\"recommend\":58,\"arrived\":101,\"price\":57,\"duran\":72,\"day\":65,\"item\":62,\"product\":91,\"original\":110,\"bought\":72,\"version\":75,\"played\":89,\"condition\":248,\"disc\":77,\"playing\":104,\"time\":158,\"fun\":119}",1450
Video Games,2022,negative,"{\"play\":42,\"game\":216,\"bad\":19,\"enemy\":16,\"video\":12,\"bit\":11,\"ps2\":11,\"ps1\":11,\"disappointed\":11,\"character\":20,\"review\":12,\"hard\":13,\"darkness\":25,\"fight\":12,\"player\":11,\"console\":14,\"product\":14,\"bought\":13,\"people\":12,\"version\":16,\"condition\":14,\"disc\":34,\"evil\":12,\"time\":23,\"story\":14}",179
All Electronics,2001,negative,"{\"play\":3,\"game\":8,\"software\":9,\"ps2\":3,\"worth\":3,\"output\":4,\"button\":7,\"pad\":3,\"hit\":3,\"feature\":4,\"theater\":3,\"stick\":3,\"digital\":6,\"product\":3,\"controller\":5,\"receiver\":3,\"control\":7,\"easy\":3,\"cord\":3,\"2\":3,\"month\":6,\"gamepad\":7,\"quot\":8,\"gravis\":4,\"annoying\":3}",8
All Electronics,2002,positive,"{\"play\":20,\"flight\":17,\"game\":143,\"bad\":16,\"software\":22,\"feel\":15,\"ps2\":15,\"feedback\":19,\"button\":38,\"pad\":27,\"feature\":15,\"price\":14,\"stick\":35,\"cable\":19,\"controller\":32,\"bought\":15,\"wheel\":32,\"joystick\":52,\"sidewinder\":15,\"control\":36,\"2\":19,\"gamepad\":15,\"playing\":17,\"force\":21,\"card\":17}",68
All Electronics,2003,negative,"{\"game\":7,\"software\":5,\"yoke\":5,\"battery\":4,\"button\":5,\"car\":5,\"gas\":3,\"warranty\":3,\"stick\":6,\"controller\":4,\"product\":7,\"broke\":3,\"pedal\":9,\"bought\":4,\"wheel\":9,\"logitech\":7,\"joystick\":6,\"happened\":3,\"2\":6,\"month\":4,\"driver\":5,\"gamepad\":4,\"window\":6,\"time\":6,\"quot\":12}",11
All Electronics,2003,neutral,"{\"mind\":1,\"amount\":1,\"controller\":1,\"software\":1,\"retarded\":1,\"learning\":1,\"storage\":1,\"video\":1,\"handy\":1,\"hold\":1,\"correctly\":1,\"spending\":1,\"equiptment\":1,\"junk\":1,\"excessive\":1,\"time\":1}",2
All Electronics,2004,negative,"{\"play\":5,\"game\":14,\"software\":4,\"experience\":3,\"moment\":3,\"button\":17,\"pad\":11,\"thrustmaster\":4,\"stick\":6,\"calibration\":7,\"hand\":3,\"product\":4,\"controller\":19,\"bought\":5,\"joystick\":4,\"control\":3,\"wrong\":3,\"month\":5,\"bug\":3,\"6\":4,\"gamepad\":5,\"time\":6,\"quot\":4,\"gravis\":3,\"card\":4}",14
All Electronics,2005,negative,"{\"reason\":2,\"throttle\":2,\"flight\":3,\"software\":3,\"usb\":2,\"yoke\":2,\"type\":2,\"axis\":2,\"sim\":2,\"stick\":3,\"hard\":2,\"98\":2,\"comp\":2,\"product\":2,\"controller\":4,\"simulator\":2,\"pedal\":2,\"joystick\":3,\"market\":3,\"3\":2,\"connector\":2,\"fs2004\":2,\"guess\":2,\"xp\":3,\"window\":2}",7
All Electronics,2005,neutral,"{\"connected\":1,\"add\":1,\"computer\":1,\"gameport\":1,\"control\":1,\"window\":1,\"panel\":1,\"list\":1,\"clicked\":1,\"98\":1,\"hardware\":1}",1
All Electronics,2005,positive,"{\"play\":12,\"throttle\":11,\"flight\":41,\"game\":38,\"usb\":11,\"yoke\":22,\"feel\":17,\"realism\":10,\"button\":40,\"sim\":10,\"price\":11,\"rudder\":9,\"stick\":15,\"pretty\":10,\"controller\":24,\"product\":36,\"set\":9,\"pedal\":13,\"simulator\":16,\"bought\":9,\"joystick\":37,\"control\":17,\"real\":15,\"cougar\":15,\"time\":19}",53
All Electronics,2006,positive,"{\"throttle\":14,\"flight\":37,\"game\":30,\"memory\":12,\"software\":11,\"yoke\":64,\"feel\":19,\"button\":25,\"pad\":12,\"rudder\":21,\"stick\":46,\"product\":20,\"pedal\":29,\"aircraft\":16,\"joystick\":29,\"control\":26,\"real\":18,\"cougar\":14,\"quality\":13,\"unit\":12,\"2\":20,\"desk\":13,\"xp\":15,\"time\":19,\"card\":15}",58
All Electronics,2008,neutral,"{\"reason\":1,\"flight\":1,\"throttle\":1,\"yoke\":1,\"functionality\":1,\"thinking\":1,\"feedback\":1,\"lot\":1,\"running\":1,\"compatible\":2,\"x52\":1,\"saitek\":3,\"combination\":2,\"sold\":1,\"product\":3,\"bought\":1,\"f\":1,\"joystick\":1,\"received\":1,\"sidewinder\":2,\"lever\":1,\"pro\":2,\"purchased\":1,\"9\":1,\"vista\":2}",3
All Electronics,2008,positive,"{\"flight\":55,\"game\":44,\"yoke\":41,\"feel\":23,\"button\":24,\"sim\":19,\"rudder\":37,\"stick\":33,\"hand\":17,\"product\":51,\"simulator\":17,\"set\":18,\"pilot\":19,\"pedal\":46,\"issue\":16,\"joystick\":43,\"control\":41,\"real\":25,\"easy\":16,\"cougar\":20,\"quality\":19,\"fly\":24,\"driver\":16,\"flying\":23,\"time\":26}",88
All Electronics,2009,negative,"{\"play\":2,\"flight\":4,\"game\":6,\"usb\":3,\"lol\":2,\"yoke\":4,\"instrument\":3,\"lot\":4,\"pitch\":5,\"controller\":6,\"product\":7,\"simulator\":3,\"pedal\":4,\"start\":4,\"column\":4,\"control\":5,\"version\":2,\"brake\":2,\"2\":4,\"pc\":2,\"month\":3,\"flying\":4,\"plug\":2,\"position\":3,\"time\":6}",15
All Electronics,2009,positive,"{\"flight\":28,\"game\":11,\"software\":8,\"usb\":9,\"yoke\":17,\"feel\":10,\"switch\":13,\"button\":12,\"sim\":12,\"rudder\":15,\"hat\":9,\"stick\":24,\"controller\":12,\"product\":29,\"simulator\":11,\"pedal\":32,\"joystick\":23,\"sidewinder\":8,\"control\":17,\"real\":11,\"pro\":9,\"2\":9,\"flying\":16,\"fighter\":12,\"time\":8}",48
All Electronics,2010,negative,"{\"bad\":3,\"told\":2,\"happy\":2,\"yoke\":11,\"box\":2,\"hold\":2,\"pad\":4,\"post\":3,\"sim\":2,\"stick\":2,\"pitch\":2,\"hard\":2,\"product\":5,\"aircraft\":2,\"joystick\":4,\"control\":4,\"real\":2,\"people\":2,\"cord\":2,\"plastic\":2,\"left\":2,\"desk\":3,\"buying\":2,\"disc\":2,\"respond\":2}",8
All Electronics,2012,negative,"{\"beware\":2,\"nintendo\":2,\"lo\":2,\"description\":2,\"edge\":1,\"compatible\":2,\"son\":1,\"contact\":2,\"rudder\":4,\"operating\":2,\"totally\":2,\"table\":2,\"waste\":2,\"flimsy\":2,\"stopped\":2,\"product\":4,\"set\":1,\"joystick\":3,\"control\":6,\"cord\":3,\"plastic\":2,\"system\":3,\"money\":2,\"time\":2,\"refund\":2}",10
All Electronics,2012,positive,"{\"play\":21,\"flight\":16,\"game\":38,\"software\":25,\"feel\":12,\"axis\":11,\"button\":31,\"pad\":17,\"feature\":18,\"price\":18,\"stick\":57,\"cable\":30,\"console\":19,\"product\":19,\"controller\":34,\"logitech\":17,\"joystick\":25,\"pro\":13,\"nice\":11,\"n45\":13,\"analog\":27,\"gamepad\":19,\"time\":17,\"movement\":13,\"device\":17}",68
All Electronics,2013,neutral,"{\"nintendo\":2,\"perfect\":2,\"accurate\":2,\"yoke\":3,\"bag\":1,\"ahhh\":1,\"hot\":1,\"fit\":1,\"ripped\":1,\"wii\":2,\"review\":2,\"rip\":1,\"cheeto\":1,\"cable\":3,\"waste\":1,\"product\":3,\"level\":2,\"bought\":2,\"control\":2,\"money\":3,\"imac\":2,\"flying\":2,\"8\":1,\"device\":2,\"lame\":1}",14
All Electronics,2013,positive,"{\"flight\":39,\"throttle\":51,\"game\":37,\"nintendo\":37,\"software\":27,\"feel\":36,\"recommend\":21,\"button\":35,\"sim\":18,\"rudder\":20,\"stick\":47,\"cable\":43,\"controller\":38,\"product\":60,\"pedal\":49,\"issue\":20,\"bought\":17,\"wheel\":22,\"joystick\":49,\"control\":41,\"pro\":25,\"easy\":20,\"quality\":21,\"super\":29,\"time\":30}",151
All Electronics,2014,negative,"{\"throttle\":3,\"flight\":3,\"game\":6,\"usb\":3,\"ubs\":3,\"box\":4,\"toe\":3,\"axis\":3,\"mac\":3,\"defective\":3,\"stick\":4,\"day\":3,\"product\":11,\"set\":3,\"adapter\":5,\"pedal\":6,\"pay\":3,\"amazon\":4,\"brake\":3,\"port\":3,\"window\":3,\"time\":6,\"support\":3,\"send\":4,\"return\":3}",24
All Electronics,2014,neutral,"{\"tryed\":2,\"accurate\":2,\"yoke\":2,\"rapid\":2,\"recognized\":1,\"description\":2,\"bit\":1,\"installing\":2,\"mac\":2,\"compatible\":1,\"advertised\":1,\"pitch\":1,\"precise\":2,\"close\":1,\"delivery\":3,\"product\":2,\"pedal\":1,\"excpected\":1,\"expected\":2,\"control\":1,\"configure\":1,\"label\":1,\"command\":1,\"printed\":1,\"sticky\":2}",27
All Electronics,2014,positive,"{\"play\":23,\"throttle\":43,\"flight\":58,\"game\":49,\"nintendo\":22,\"software\":31,\"yoke\":30,\"feel\":29,\"button\":51,\"saitek\":22,\"stick\":56,\"cable\":33,\"hand\":21,\"34\":27,\"product\":71,\"simulator\":24,\"pedal\":36,\"set\":39,\"bought\":24,\"joystick\":52,\"control\":36,\"real\":22,\"quality\":42,\"window\":21,\"time\":24}",212
All Electronics,2015,negative,"{\"game\":6,\"dead\":5,\"video\":4,\"bit\":7,\"disappointed\":4,\"contact\":6,\"stick\":5,\"cable\":15,\"34\":10,\"controller\":8,\"product\":9,\"adapter\":4,\"pedal\":10,\"wheel\":6,\"metal\":5,\"joystick\":5,\"plastic\":4,\"driver\":4,\"money\":5,\"piece\":4,\"7\":5,\"plug\":4,\"time\":6,\"window\":9,\"snes\":4}",49
All Electronics,2015,neutral,"{\"throttle\":2,\"delivered\":2,\"video\":2,\"spring\":4,\"compatible\":2,\"rubber\":2,\"noise\":2,\"tile\":2,\"floor\":2,\"cable\":2,\"foot\":2,\"product\":5,\"underside\":2,\"pedal\":4,\"issue\":2,\"expected\":3,\"purchase\":2,\"sidewinder\":2,\"received\":2,\"resistance\":2,\"expensive\":2,\"stay\":2,\"unit\":6,\"provide\":2,\"stated\":1}",42
All Electronics,2015,positive,"{\"flight\":29,\"throttle\":84,\"game\":20,\"perfect\":18,\"software\":22,\"usb\":23,\"dangerous\":26,\"feel\":37,\"bit\":25,\"button\":71,\"elite\":29,\"review\":22,\"saitek\":19,\"stick\":81,\"hand\":27,\"product\":67,\"pedal\":37,\"bought\":22,\"joystick\":44,\"control\":20,\"pro\":38,\"easy\":20,\"quality\":33,\"super\":22,\"time\":22}",220
All Electronics,2016,neutral,"{\"flight\":2,\"throttle\":4,\"nintendo\":3,\"video\":5,\"rid\":2,\"compatible\":3,\"white\":2,\"shipping\":4,\"audio\":5,\"cable\":4,\"smooth\":2,\"34\":2,\"product\":4,\"pedal\":2,\"expected\":2,\"n64\":3,\"cord\":5,\"dose\":2,\"fast\":2,\"gamecube\":2,\"listed\":2,\"window\":2,\"returned\":3,\"snes\":5,\"prompt\":2}",55
All Electronics,2017,negative,"{\"throttle\":10,\"game\":4,\"bad\":5,\"software\":6,\"feel\":7,\"bit\":4,\"buck\":4,\"contact\":4,\"missing\":4,\"stick\":9,\"cable\":8,\"terrible\":7,\"broken\":4,\"34\":6,\"product\":13,\"pedal\":7,\"issue\":5,\"difficult\":4,\"2\":4,\"plastic\":6,\"month\":4,\"money\":5,\"plug\":6,\"window\":6,\"time\":6}",49
All Electronics,2017,positive,"{\"flight\":16,\"throttle\":38,\"game\":16,\"nintendo\":12,\"perfectly\":12,\"software\":12,\"yoke\":16,\"feel\":21,\"bit\":11,\"button\":14,\"function\":10,\"rudder\":8,\"stick\":21,\"cable\":9,\"34\":28,\"product\":29,\"simulator\":12,\"pedal\":49,\"center\":10,\"joystick\":30,\"control\":10,\"pro\":11,\"easy\":8,\"quality\":8,\"time\":9}",124
All Electronics,2018,neutral,"{\"box\":2,\"toe\":1,\"bit\":1,\"spike\":1,\"switch\":3,\"fit\":3,\"rudder\":1,\"calibration\":1,\"brand\":2,\"clamp\":2,\"11\":2,\"product\":2,\"star\":1,\"issue\":2,\"center\":1,\"multiple\":1,\"received\":2,\"n64\":2,\"cord\":2,\"brake\":2,\"5\":1,\"reality\":1,\"belonged\":1,\"maintenance\":1,\"return\":4}",24
All Electronics,2018,positive,"{\"play\":12,\"plane\":14,\"throttle\":19,\"flight\":23,\"game\":21,\"software\":13,\"usb\":9,\"yoke\":22,\"range\":9,\"feel\":15,\"bit\":9,\"spring\":9,\"button\":13,\"price\":9,\"sim\":11,\"stick\":11,\"foot\":10,\"product\":27,\"simulator\":13,\"pedal\":44,\"bought\":11,\"joystick\":16,\"real\":12,\"window\":9,\"return\":9}",93
All Electronics,2020,positive,"{\"throttle\":10,\"flight\":27,\"game\":8,\"yoke\":31,\"sims\":7,\"feel\":14,\"recommend\":9,\"axis\":12,\"switch\":7,\"button\":20,\"price\":7,\"sim\":8,\"stick\":35,\"hand\":8,\"product\":22,\"pilot\":7,\"simulator\":8,\"pedal\":20,\"issue\":7,\"joystick\":11,\"control\":11,\"real\":10,\"quality\":16,\"plastic\":8,\"flying\":9}",61
All Electronics,2021,positive,"{\"play\":4,\"throttle\":8,\"game\":3,\"thumb\":6,\"feel\":6,\"asteroid\":4,\"thrustmaster\":4,\"design\":3,\"rudder\":4,\"stick\":5,\"clamp\":5,\"product\":5,\"set\":3,\"pedal\":6,\"joystick\":7,\"real\":4,\"pro\":5,\"easy\":3,\"nice\":3,\"quality\":3,\"listed\":3,\"flying\":3,\"thrust\":4,\"thruster\":7,\"time\":8}",20
All Electronics,2022,neutral,"{\"type\":1,\"expensive\":1,\"discribed\":1}",2
All Electronics,2022,positive,"{\"play\":2,\"throttle\":4,\"flight\":4,\"game\":3,\"feel\":4,\"p51\":3,\"lot\":3,\"sim\":4,\"90\":2,\"wo\":2,\"stick\":3,\"model\":3,\"30\":2,\"win\":4,\"product\":6,\"simulator\":3,\"pedal\":7,\"excellent\":3,\"bought\":3,\"center\":3,\"joystick\":11,\"real\":2,\"driver\":2,\"support\":2,\"dc\":3}",13
Cell Phone & Camera w. Accessories,2003,positive,"{\"average\":1,\"game\":6,\"racing\":2,\"enjoy\":1,\"quantum\":1,\"decide\":1,\"admittedly\":1,\"title\":1,\"wave\":1,\"redshift\":1,\"beat\":2,\"action\":1,\"enter\":1,\"track\":1,\"win\":2,\"owner\":1,\"add\":1,\"original\":1,\"unlock\":1,\"race\":3,\"level\":4,\"start\":1,\"difficult\":1,\"xbox\":1,\"collection\":1}",1
Cell Phone & Camera w. Accessories,2012,positive,"{\"pretty\":1,\"racing\":1,\"star\":1,\"race\":1,\"kill\":1,\"opponet\":1,\"nice\":1,\"camp\":1,\"default\":1,\"futuristic\":1,\"bug\":1,\"exploited\":1,\"benifits\":1,\"easily\":1,\"ontop\":1,\"playing\":1,\"power\":2,\"stand\":1,\"graphic\":1,\"win\":1}",1
Cell Phone & Camera w. Accessories,2013,positive,"{\"seller\":1,\"love\":1,\"game\":4,\"racing\":1,\"pod\":2,\"weapon\":1,\"amazing\":2,\"compatible\":1,\"shipping\":1,\"price\":1,\"ability\":1,\"intense\":1,\"worn\":1,\"star\":2,\"bought\":1,\"war\":2,\"reflex\":1,\"xbox\":3,\"n64\":1,\"condition\":1,\"fast\":1,\"disc\":1,\"playing\":1,\"simply\":1,\"64\":1}",3
Cell Phone & Camera w. Accessories,2014,positive,"{\"love\":2,\"game\":2,\"nintendo\":1,\"racing\":2,\"mood\":1,\"hardcore\":1,\"bonus\":1,\"feel\":1,\"mario\":1,\"kart\":1,\"satisfying\":1,\"type\":1,\"demo\":1,\"played\":2,\"lot\":1,\"character\":1,\"ton\":1,\"racer\":1,\"track\":1,\"fun\":1,\"reminds\":1}",1
Computers,2000,negative,"{\"mistake\":2,\"unit\":1,\"money\":1,\"data\":1,\"lose\":1,\"recommend\":1,\"leaving\":1,\"needless\":1,\"day\":1,\"card\":1,\"worth\":1}",1
Computers,2001,negative,"{\"play\":1,\"game\":6,\"memory\":9,\"bad\":2,\"neatly\":1,\"saved\":4,\"inexpensive\":1,\"sound\":3,\"save\":2,\"slot\":2,\"ps2\":8,\"fit\":1,\"button\":3,\"smoothly\":1,\"playstation\":2,\"sony\":3,\"dvd\":2,\"load\":1,\"psx\":4,\"spend\":2,\"player\":2,\"vcr\":2,\"built\":2,\"stereo\":3,\"card\":13}",6
Computers,2001,positive,"{\"game\":51,\"memory\":55,\"data\":9,\"save\":21,\"dreamcast\":7,\"8mb\":9,\"ps2\":39,\"hold\":7,\"ps1\":13,\"lot\":7,\"sony\":15,\"playstation\":16,\"dvd\":6,\"file\":7,\"price\":6,\"review\":8,\"product\":6,\"people\":6,\"nice\":7,\"quality\":6,\"expensive\":7,\"2\":10,\"8\":10,\"time\":10,\"card\":74}",24
Computers,2002,negative,"{\"erase\":1,\"game\":2,\"25\":2,\"memory\":4,\"regret\":1,\"save\":1,\"official\":1,\"ps2\":2,\"dollar\":1,\"properly\":1,\"file\":1,\"ull\":1,\"5\":1,\"500\":1,\"buck\":1,\"buying\":2,\"easily\":1,\"overpriced\":1,\"card\":4}",2
Computers,2002,neutral,"{\"sony\":1,\"oem\":1}",1
Computers,2002,positive,"{\"play\":20,\"game\":114,\"nintendo\":25,\"memory\":49,\"kid\":9,\"save\":16,\"title\":15,\"8mb\":9,\"space\":10,\"ps2\":55,\"lot\":9,\"sony\":19,\"dvd\":9,\"cube\":11,\"gc\":15,\"graphic\":12,\"controller\":19,\"bought\":8,\"xbox\":21,\"2\":10,\"system\":13,\"gamecube\":24,\"disc\":8,\"sport\":8,\"card\":64}",36
Computers,2003,negative,"{\"play\":2,\"game\":8,\"memory\":7,\"save\":2,\"screen\":2,\"slot\":4,\"title\":2,\"ps2\":3,\"sony\":2,\"price\":2,\"extra\":2,\"exclusive\":2,\"stick\":3,\"console\":2,\"actual\":2,\"controller\":8,\"sell\":2,\"xbox\":4,\"cord\":2,\"size\":3,\"gamecube\":5,\"fantastic\":2,\"worst\":2,\"alot\":2,\"card\":3}",5
Computers,2003,neutral,"{\"expect\":1,\"game\":1,\"pricy\":1,\"con\":1,\"save\":1,\"pro\":1,\"bit\":1}",1
Computers,2003,positive,"{\"play\":33,\"game\":192,\"nintendo\":35,\"memory\":55,\"kid\":18,\"save\":19,\"ps2\":83,\"sony\":29,\"dvd\":17,\"gc\":18,\"graphic\":29,\"player\":19,\"console\":36,\"gaming\":14,\"controller\":49,\"mario\":19,\"xbox\":48,\"people\":15,\"system\":19,\"gamecube\":71,\"zelda\":16,\"playing\":26,\"time\":26,\"quot\":42,\"card\":69}",53
Computers,2004,negative,"{\"joe\":2,\"november\":3,\"game\":9,\"viewtiful\":2,\"sound\":2,\"advertising\":2,\"metroid\":2,\"dollar\":2,\"killer\":4,\"resident\":2,\"prime\":2,\"console\":2,\"pretty\":2,\"controller\":3,\"mario\":2,\"xbox\":3,\"tennis\":2,\"expensive\":2,\"2\":7,\"3\":4,\"gamecube\":3,\"month\":4,\"4\":4,\"7\":2,\"disc\":2}",4
Computers,2004,positive,"{\"play\":10,\"love\":11,\"game\":94,\"nintendo\":25,\"memory\":35,\"save\":10,\"space\":12,\"ps2\":36,\"worth\":8,\"dvd\":9,\"price\":20,\"graphic\":13,\"resident\":8,\"console\":13,\"controller\":20,\"mario\":15,\"xbox\":18,\"easy\":9,\"2\":16,\"system\":11,\"gamecube\":47,\"zelda\":9,\"online\":10,\"evil\":8,\"card\":41}",24
Computers,2005,negative,"{\"owner\":1,\"game\":1,\"con\":1,\"memory\":1,\"witha\":1,\"save\":2,\"simple\":1,\"storage\":1,\"store\":1,\"pro\":1,\"bit\":1,\"8mb\":1,\"space\":1,\"ps2\":4,\"quality\":1,\"expensive\":1,\"lot\":1,\"sony\":1,\"feature\":1,\"5\":2,\"accessory\":2,\"annoying\":1}",2
Computers,2005,positive,"{\"play\":14,\"game\":65,\"nintendo\":12,\"memory\":12,\"save\":7,\"rebuttal\":6,\"ps2\":19,\"sony\":5,\"dvd\":6,\"statement\":8,\"gc\":7,\"graphic\":6,\"player\":6,\"console\":8,\"controller\":7,\"xbox\":13,\"people\":8,\"2\":8,\"system\":6,\"money\":6,\"gamecube\":16,\"online\":8,\"playing\":5,\"time\":5,\"card\":13}",20
Computers,2007,negative,"{\"tehn\":1,\"product\":1,\"item\":1,\"star\":1,\"insanely\":1,\"storage\":1,\"8mb\":1,\"suppose\":1,\"sony\":1,\"5\":1,\"price\":1,\"leave\":1,\"overpriced\":1,\"card\":2}",2
Computers,2007,positive,"{\"love\":2,\"game\":12,\"perfectly\":2,\"memory\":15,\"save\":4,\"experience\":1,\"ps2\":5,\"playstation\":2,\"sony\":5,\"shipping\":3,\"fine\":3,\"price\":2,\"totally\":1,\"brand\":2,\"condtion\":1,\"bought\":4,\"expected\":2,\"christmas\":2,\"amazon\":2,\"2\":2,\"pleased\":1,\"time\":4,\"alot\":2,\"fun\":2,\"card\":17}",18
Computers,2008,negative,"{\"game\":1,\"stopped\":1,\"week\":1,\"corrupt\":1,\"memory\":2,\"data\":1,\"replaced\":1,\"boy\":1,\"thinking\":1,\"1\":1,\"reliable\":1,\"playstation\":1,\"blue\":1,\"month\":1,\"extra\":1,\"unlucky\":1,\"hurt\":2,\"card\":2,\"ouch\":1}",2
Computers,2009,negative,"{\"game\":3,\"memory\":3,\"saved\":1,\"mgs3\":1,\"mgs2\":1,\"8mb\":2,\"ps2\":2,\"fit\":1,\"sony\":2,\"review\":1,\"function\":1,\"legit\":2,\"bastion\":1,\"write\":1,\"player\":1,\"spent\":1,\"difficult\":1,\"allowing\":1,\"store\":1,\"preserve\":1,\"real\":3,\"amazon\":2,\"fake\":2,\"time\":3,\"card\":4}",2
Computers,2009,positive,"{\"play\":4,\"game\":36,\"nintendo\":14,\"memory\":20,\"save\":7,\"recommend\":4,\"8mb\":3,\"ps2\":4,\"worth\":4,\"lot\":5,\"playstation\":5,\"price\":3,\"review\":5,\"block\":5,\"console\":9,\"product\":5,\"pretty\":5,\"controller\":6,\"bought\":5,\"xbox\":5,\"2\":4,\"money\":3,\"gamecube\":12,\"64\":4,\"card\":22}",22
Computers,2010,negative,"{\"seller\":3,\"memory\":7,\"data\":2,\"japan\":3,\"official\":7,\"storage\":2,\"space\":5,\"ps2\":5,\"sony\":8,\"price\":5,\"writing\":3,\"sentence\":6,\"product\":4,\"cost\":2,\"read\":4,\"received\":5,\"packaging\":8,\"real\":3,\"8\":2,\"buying\":3,\"fake\":6,\"time\":3,\"20\":2,\"card\":31,\"font\":3}",7
Computers,2010,neutral,"{\"game\":3,\"memory\":1,\"save\":1,\"screen\":1,\"video\":1,\"ps2\":1,\"space\":1,\"mention\":1,\"correctly\":1,\"size\":1,\"report\":2,\"simply\":1,\"card\":3}",2
Computers,2011,negative,"{\"memory\":5,\"paperweight\":1,\"inexpensive\":1,\"kid\":1,\"rural\":1,\"office\":1,\"type\":1,\"ps2\":4,\"worth\":1,\"yesterday\":1,\"post\":1,\"fine\":2,\"gas\":1,\"wo\":1,\"sending\":1,\"trouble\":1,\"hate\":1,\"live\":1,\"policy\":1,\"broken\":1,\"waste\":2,\"bought\":1,\"finally\":1,\"time\":3,\"card\":5}",5
Computers,2014,positive,"{\"love\":15,\"play\":27,\"game\":107,\"perfectly\":20,\"memory\":82,\"perfect\":11,\"data\":14,\"happy\":13,\"save\":30,\"ps2\":40,\"lot\":12,\"sony\":15,\"playstation\":20,\"shipping\":11,\"fine\":17,\"price\":15,\"console\":24,\"controller\":20,\"product\":23,\"bought\":13,\"2\":33,\"fast\":15,\"gamecube\":38,\"time\":17,\"card\":89}",180
Computers,2015,negative,"{\"damage\":2,\"game\":7,\"memory\":3,\"applied\":1,\"reasonable\":1,\"tested\":2,\"sound\":2,\"save\":4,\"8mb\":2,\"remember\":2,\"arrived\":1,\"passable\":1,\"load\":2,\"price\":3,\"wo\":2,\"broken\":3,\"console\":2,\"controller\":4,\"surface\":2,\"joystick\":2,\"label\":1,\"condition\":3,\"gamecube\":2,\"time\":3,\"card\":7}",18
Computers,2015,positive,"{\"play\":8,\"love\":13,\"game\":30,\"perfectly\":6,\"memory\":31,\"perfect\":7,\"happy\":6,\"save\":10,\"ps2\":19,\"fine\":7,\"price\":9,\"console\":10,\"controller\":6,\"item\":6,\"product\":16,\"original\":5,\"quality\":6,\"2\":7,\"condition\":7,\"fast\":5,\"gamecube\":12,\"supposed\":6,\"disc\":7,\"time\":8,\"card\":35}",176
Computers,2016,negative,"{\"knockoff\":1,\"contacted\":2,\"copyright\":1,\"compare\":1,\"game\":4,\"memory\":6,\"save\":2,\"official\":3,\"button\":5,\"sony\":3,\"extra\":2,\"stuck\":3,\"logo\":2,\"corrupted\":2,\"console\":2,\"controller\":2,\"product\":4,\"bought\":2,\"cheap\":2,\"wire\":2,\"2\":2,\"gamecube\":3,\"reset\":2,\"time\":2,\"card\":11}",12
Computers,2017,negative,"{\"sony\":1,\"game\":1,\"issue\":1,\"buying\":1,\"authentic\":1,\"fault\":1,\"pacman\":1,\"concern\":1}",3
Computers,2017,positive,"{\"seller\":2,\"love\":2,\"game\":9,\"memory\":6,\"saved\":1,\"happy\":2,\"official\":3,\"do\":2,\"button\":3,\"sony\":2,\"stick\":3,\"cube\":3,\"trophy\":2,\"brand\":3,\"swift\":2,\"waste\":1,\"product\":2,\"original\":2,\"star\":2,\"battle\":2,\"money\":1,\"gamepad\":2,\"buying\":2,\"time\":2,\"card\":8}",28
Computers,2018,negative,"{\"broken\":1,\"item\":1,\"controller\":1,\"fixing\":1,\"learned\":1,\"overheating\":1,\"happy\":1,\"automatically\":1,\"received\":1,\"bit\":1,\"shutting\":1,\"condition\":1,\"hair\":1,\"wire\":1,\"fan\":1,\"purchased\":1,\"money\":1,\"gamecube\":3,\"cat\":1,\"spend\":1,\"disgusting\":1,\"device\":1}",3
Computers,2018,neutral,"{\"seller\":1,\"gracias\":1,\"functional\":1,\"game\":2,\"memory\":1,\"allowed\":1,\"kid\":1,\"producto\":1,\"remember\":1,\"buen\":1,\"overdue\":1,\"review\":1,\"cube\":1,\"package\":1,\"spent\":1,\"expected\":1,\"cord\":1,\"qomt\":1,\"2\":1,\"money\":3,\"returning\":1,\"recomiendo\":1,\"card\":1,\"return\":1,\"refund\":1}",14
Computers,2019,neutral,"{\"game\":1,\"product\":1,\"descrita\":1,\"128mb\":1,\"bueno\":1,\"photo\":2,\"title\":2,\"missleading\":1,\"burned\":1,\"64mbs\":1,\"spin\":1,\"disc\":1,\"bunch\":1,\"cumple\":1,\"función\":1}",8
Computers,2019,positive,"{\"play\":3,\"seller\":4,\"gift\":4,\"game\":10,\"rising\":3,\"memory\":3,\"perfect\":3,\"button\":3,\"fan\":3,\"fine\":3,\"gc\":5,\"console\":5,\"controller\":10,\"read\":5,\"issue\":3,\"excited\":3,\"minute\":3,\"cord\":3,\"super\":4,\"condition\":6,\"gamecube\":8,\"disc\":8,\"time\":5,\"party\":3,\"card\":5}",26
Computers,2020,positive,"{\"love\":2,\"play\":2,\"seller\":3,\"cheaper\":1,\"game\":7,\"memory\":2,\"perfectly\":3,\"happy\":2,\"house\":2,\"platform\":2,\"speed\":2,\"son\":2,\"shipping\":1,\"price\":2,\"missing\":2,\"cube\":2,\"physical\":2,\"console\":2,\"controller\":4,\"bought\":2,\"store\":2,\"cord\":2,\"super\":2,\"fast\":4,\"gamecube\":2}",13
Computers,2021,negative,"{\"game\":1,\"careful\":1,\"powerd\":1,\"decorated\":1,\"cover\":1,\"okayish\":1,\"cube\":1,\"power\":1,\"dirty\":1,\"console\":4,\"ac\":1,\"controller\":1,\"adapter\":1,\"bought\":1,\"smoke\":1,\"equipment\":1,\"sort\":1,\"sensitive\":1,\"arcing\":1,\"worse\":1,\"wire\":1,\"condition\":2,\"gamecube\":1,\"light\":2,\"buying\":1}",2
Computers,2021,positive,"{\"game\":2,\"sized\":1,\"usb\":2,\"sound\":1,\"playstations\":1,\"slim\":1,\"save\":2,\"gigabyte\":1,\"arrived\":2,\"playstation\":1,\"file\":1,\"fine\":2,\"stick\":2,\"day\":1,\"product\":2,\"controller\":6,\"adapter\":4,\"clean\":2,\"version\":1,\"2\":1,\"condition\":3,\"gamecube\":2,\"8\":1,\"time\":1,\"party\":2}",14
Computers,2022,neutral,"{\"item\":1,\"expected\":1}",1
Computers,2023,positive,"{\"deep\":1,\"game\":2,\"memory\":1,\"happy\":1,\"searching\":1,\"wear\":1,\"feel\":1,\"ps2\":2,\"reliable\":1,\"amazing\":1,\"cube\":1,\"brand\":1,\"highly\":1,\"console\":3,\"controller\":1,\"visible\":1,\"scuff\":1,\"expected\":1,\"scratch\":1,\"store\":1,\"clean\":1,\"quality\":1,\"recommended\":1,\"saving\":1,\"condition\":2}",4
Daily Gadgets,1999,positive,"{\"play\":1,\"game\":1,\"quick\":1,\"trippy\":1,\"crowd\":1,\"candy\":1,\"goofy\":1,\"dreamcast\":1,\"choose\":1,\"scrappy\":1,\"guy\":1,\"cute\":1,\"timmy\":1,\"lot\":1,\"marge\":1,\"character\":1,\"decor\":1,\"pick\":1,\"aunt\":1,\"fat\":1,\"pen\":2,\"course\":1,\"toy\":1,\"gaming\":1,\"slide\":2}",1
Daily Gadgets,2000,positive,"{\"play\":3,\"game\":4,\"week\":3,\"color\":3,\"rule\":2,\"ps2\":5,\"amazing\":3,\"sony\":5,\"dvd\":3,\"cable\":19,\"crisp\":2,\"set\":3,\"looked\":3,\"display\":2,\"crisper\":2,\"picture\":2,\"sharp\":2,\"monster\":2,\"quality\":4,\"component\":4,\"difference\":4,\"gamelink\":2,\"vega\":2,\"fun\":3,\"card\":5}",7
Daily Gadgets,2001,negative,"{\"play\":3,\"game\":14,\"rule\":2,\"voldemort\":2,\"rented\":1,\"plain\":1,\"bland\":1,\"ability\":1,\"cable\":3,\"terrible\":2,\"direction\":2,\"inadequate\":3,\"powerpuff\":1,\"understand\":2,\"girl\":1,\"easy\":2,\"picture\":2,\"minute\":1,\"stay\":1,\"boring\":1,\"fly\":1,\"background\":1,\"instruction\":3,\"dog\":2,\"card\":3}",7
Daily Gadgets,2001,positive,"{\"play\":33,\"game\":170,\"book\":10,\"harry\":30,\"rule\":27,\"bit\":10,\"ps2\":16,\"lot\":10,\"sony\":17,\"hard\":12,\"potter\":25,\"cable\":34,\"player\":12,\"easy\":10,\"played\":19,\"picture\":13,\"monster\":20,\"quidditch\":13,\"component\":14,\"flying\":12,\"playing\":15,\"time\":17,\"quot\":33,\"card\":24,\"fun\":30}",49
Daily Gadgets,2002,negative,"{\"gun\":3,\"game\":16,\"bad\":2,\"movie\":4,\"sound\":3,\"dead\":4,\"entire\":3,\"frustrating\":2,\"house\":4,\"ps2\":3,\"dollar\":4,\"lot\":3,\"character\":4,\"hour\":4,\"totally\":3,\"graphic\":5,\"cable\":10,\"nice\":3,\"quality\":3,\"connector\":3,\"challenge\":3,\"evil\":3,\"quot\":6,\"fun\":3,\"story\":4}",6
Daily Gadgets,2002,neutral,"{\"cheaper\":1,\"memory\":1,\"moved\":1,\"annoyance\":1,\"screen\":1,\"recommendation\":1,\"video\":1,\"ps2\":2,\"wiring\":1,\"sony\":1,\"fall\":1,\"poor\":1,\"theater\":1,\"tragic\":1,\"inserting\":1,\"cabling\":1,\"cable\":2,\"notice\":1,\"controller\":1,\"product\":1,\"bought\":2,\"durability\":1,\"picture\":2,\"monster\":2,\"quality\":3}",1
Daily Gadgets,2003,negative,"{\"game\":6,\"bad\":2,\"save\":3,\"ps2\":3,\"lot\":2,\"sony\":3,\"dvd\":2,\"corner\":2,\"audio\":6,\"corrider\":2,\"cash\":2,\"signal\":2,\"cable\":8,\"player\":2,\"sits\":2,\"finger\":2,\"sonic\":2,\"intruder\":2,\"pay\":2,\"people\":2,\"quality\":2,\"monster\":4,\"performance\":2,\"interference\":2,\"quot\":4}",7
Daily Gadgets,2004,negative,"{\"chapter\":1,\"game\":2,\"called\":1,\"movie\":1,\"told\":1,\"forced\":1,\"payne\":1,\"honor\":1,\"guard\":1,\"shooting\":1,\"save\":1,\"skip\":1,\"hope\":1,\"house\":1,\"frustrating\":1,\"approach\":2,\"monotony\":1,\"security\":1,\"cage\":1,\"zombie\":1,\"medal\":1,\"angle\":1,\"shoot\":1,\"skipping\":1,\"situation\":1}",1
Daily Gadgets,2004,positive,"{\"love\":3,\"play\":5,\"gun\":5,\"game\":35,\"worth\":3,\"capability\":3,\"character\":3,\"dvd\":4,\"zombie\":4,\"audio\":14,\"cable\":19,\"digital\":12,\"pretty\":4,\"product\":5,\"level\":4,\"replay\":3,\"monster\":6,\"component\":4,\"2\":4,\"3\":5,\"short\":5,\"playing\":5,\"burst\":4,\"time\":5,\"quot\":4}",9
Daily Gadgets,2005,positive,"{\"play\":7,\"game\":25,\"con\":3,\"harry\":4,\"dead\":3,\"house\":3,\"fan\":4,\"dvd\":4,\"zombie\":3,\"beat\":6,\"graphic\":3,\"potter\":4,\"player\":3,\"recorder\":2,\"cleaner\":2,\"cool\":5,\"menu\":2,\"pro\":3,\"easy\":2,\"2\":3,\"3\":3,\"disney\":3,\"short\":3,\"simply\":2,\"fun\":6}",8
Daily Gadgets,2006,negative,"{\"software\":1,\"attempt\":1,\"unplug\":1,\"result\":1,\"dvd\":4,\"shipping\":1,\"day\":1,\"close\":1,\"player\":3,\"waste\":1,\"repeatedly\":2,\"item\":3,\"cost\":1,\"3rd\":1,\"message\":1,\"1\":2,\"disk\":1,\"2\":3,\"3\":2,\"money\":1,\"hung\":2,\"plug\":1,\"time\":3,\"respond\":1,\"drive\":2}",1
Daily Gadgets,2006,positive,"{\"nicely\":2,\"game\":3,\"perfectly\":1,\"centered\":1,\"sound\":2,\"screen\":3,\"video\":3,\"ps2\":8,\"fit\":3,\"sony\":3,\"composite\":3,\"audio\":6,\"stock\":2,\"graphic\":2,\"cable\":14,\"recorder\":2,\"product\":2,\"static\":3,\"bought\":2,\"picture\":3,\"quality\":5,\"disk\":2,\"connector\":4,\"stereo\":2,\"device\":3}",5
Daily Gadgets,2007,negative,"{\"bad\":4,\"sound\":4,\"recording\":3,\"video\":4,\"manual\":2,\"attempt\":2,\"dvd\":4,\"review\":2,\"signal\":6,\"recorder\":4,\"read\":2,\"17\":2,\"cleaner\":2,\"monitor\":7,\"xbox\":2,\"quality\":3,\"input\":3,\"analog\":5,\"disk\":4,\"port\":2,\"doa\":2,\"speaker\":3,\"drive\":3,\"replacement\":2,\"20\":2}",5
Daily Gadgets,2007,positive,"{\"gift\":2,\"birthday\":2,\"standard\":2,\"game\":5,\"color\":2,\"harry\":2,\"sound\":2,\"video\":3,\"jockey\":3,\"ps2\":4,\"ps3\":2,\"amazing\":2,\"dvd\":3,\"price\":2,\"potter\":2,\"cable\":6,\"player\":2,\"product\":2,\"read\":2,\"excellent\":2,\"cleaner\":2,\"component\":2,\"2\":3,\"wire\":4,\"disc\":2}",11
Daily Gadgets,2009,negative,"{\"play\":3,\"sound\":2,\"yellow\":1,\"convert\":1,\"video\":3,\"maxell\":3,\"dollar\":1,\"vga\":4,\"sony\":2,\"dvd\":4,\"pin\":1,\"modern\":1,\"dvi\":5,\"composite\":6,\"extra\":1,\"player\":4,\"comp\":1,\"cost\":1,\"read\":3,\"display\":2,\"adaptor\":2,\"monitor\":5,\"input\":6,\"disk\":7,\"plug\":2}",4
Daily Gadgets,2012,positive,"{\"game\":3,\"recommend\":1,\"fighting\":1,\"remember\":2,\"dvd\":1,\"fine\":1,\"extra\":1,\"grown\":1,\"hard\":1,\"entertains\":1,\"realize\":1,\"player\":1,\"cleaning\":1,\"happen\":1,\"test\":1,\"plenty\":1,\"clean\":1,\"nice\":2,\"component\":1,\"charm\":1,\"tuned\":1,\"complaint\":1,\"playing\":2,\"fun\":2,\"stuff\":2}",6
Daily Gadgets,2013,positive,"{\"play\":4,\"game\":16,\"sound\":2,\"converter\":2,\"happy\":3,\"recommend\":3,\"simple\":4,\"video\":5,\"arrived\":2,\"dvd\":11,\"price\":2,\"player\":7,\"34\":3,\"item\":3,\"product\":9,\"expected\":2,\"monitor\":4,\"clean\":5,\"easy\":5,\"nice\":2,\"disk\":2,\"condition\":4,\"disc\":3,\"time\":3,\"job\":3}",22
Daily Gadgets,2014,negative,"{\"product\":1,\"hook\":1,\"15\":1,\"pin\":2,\"dvi\":1,\"18\":1,\"converter\":1,\"monitor\":1,\"video\":1,\"fails\":1,\"quality\":1}",2
Daily Gadgets,2014,positive,"{\"love\":4,\"play\":5,\"game\":7,\"perfect\":2,\"converting\":2,\"harry\":2,\"lcd\":2,\"vga\":3,\"hook\":2,\"dvd\":10,\"price\":3,\"female\":3,\"potter\":2,\"cable\":4,\"player\":3,\"34\":2,\"item\":4,\"product\":7,\"cleaner\":3,\"monitor\":9,\"clean\":4,\"easy\":5,\"condition\":2,\"fun\":2,\"male\":3}",35
Daily Gadgets,2015,negative,"{\"unreadable\":1,\"converter\":1,\"source\":1,\"lcd\":1,\"output\":1,\"vga\":1,\"disappointed\":1,\"composite\":1,\"advertised\":1,\"pal\":2,\"signal\":2,\"fuzzy\":1,\"image\":1,\"product\":1,\"washed\":1,\"offset\":1,\"verified\":1,\"clean\":1,\"produce\":1,\"odd\":1,\"input\":1,\"horizontally\":1,\"field\":1,\"returning\":1,\"device\":1}",4
Daily Gadgets,2015,neutral,"{\"greenish\":1,\"game\":1,\"product\":1,\"expected\":2,\"standalone\":1,\"main\":1,\"video\":2,\"interface\":1,\"matrix\":1,\"laptop\":1,\"tint\":1,\"soso\":1,\"mount\":1,\"correctly\":1,\"darker\":1,\"dvd\":1,\"converted\":1,\"advertised\":1,\"camera\":1,\"drive\":1,\"job\":2,\"player\":1}",13
Daily Gadgets,2016,negative,"{\"play\":2,\"deal\":2,\"game\":2,\"movie\":2,\"rejected\":1,\"promised\":1,\"error\":2,\"seemingly\":1,\"samsung\":1,\"hit\":1,\"dvd\":5,\"fine\":1,\"noise\":1,\"terrible\":1,\"player\":4,\"34\":4,\"read\":1,\"cleaner\":2,\"purchase\":2,\"recognize\":2,\"clean\":3,\"popped\":1,\"disc\":3,\"drive\":2,\"job\":3}",11
Daily Gadgets,2016,positive,"{\"play\":7,\"game\":13,\"shop\":3,\"perfectly\":3,\"perfect\":4,\"sound\":3,\"happy\":5,\"recommend\":3,\"cassette\":4,\"lens\":4,\"ps2\":2,\"lot\":2,\"dvd\":20,\"tape\":5,\"player\":12,\"product\":8,\"read\":3,\"bought\":4,\"cleaner\":6,\"purchase\":3,\"clean\":8,\"3\":3,\"time\":6,\"job\":3,\"fun\":2}",59
Daily Gadgets,2018,neutral,"{\"dick\":1,\"lense\":1,\"bit\":1,\"maxell\":1,\"shot\":1,\"glued\":1,\"dvd\":3,\"car\":2,\"advertised\":2,\"player\":2,\"cleaning\":2,\"product\":2,\"read\":1,\"pass\":1,\"packaging\":1,\"gps\":1,\"improvement\":1,\"clean\":3,\"alright\":1,\"quality\":1,\"disk\":1,\"supposed\":1,\"cleaned\":1,\"disc\":1,\"bluray\":1}",21
Daily Gadgets,2018,positive,"{\"play\":17,\"game\":18,\"perfectly\":5,\"perfect\":5,\"saved\":5,\"maxell\":6,\"dvd\":72,\"bump\":7,\"player\":50,\"brush\":8,\"cleaning\":15,\"34\":6,\"item\":6,\"product\":10,\"read\":8,\"bought\":7,\"cleaner\":14,\"clean\":11,\"played\":6,\"easy\":8,\"3\":6,\"fixed\":5,\"playing\":8,\"disc\":24,\"time\":13}",94
Daily Gadgets,2019,negative,"{\"xbox360\":1,\"bad\":2,\"decided\":1,\"running\":1,\"effective\":1,\"instantly\":1,\"dvd\":9,\"thrilled\":1,\"player\":7,\"recorder\":1,\"stopped\":2,\"read\":4,\"batch\":1,\"darned\":1,\"xbox\":1,\"procedure\":1,\"clean\":2,\"corrected\":1,\"single\":1,\"burning\":1,\"popped\":1,\"machine\":2,\"baby\":1,\"disc\":4,\"time\":3}",13
Daily Gadgets,2020,neutral,"{\"movie\":1,\"boom\":1,\"simple\":2,\"pontiac\":1,\"required\":1,\"2006\":1,\"dvd\":9,\"load\":1,\"tot\":1,\"montana\":1,\"player\":7,\"cleaning\":1,\"expected\":1,\"yayayayyay\":1,\"sv6\":1,\"blue\":1,\"watch\":1,\"machine\":3,\"supposed\":1,\"cleaned\":2,\"fixed\":1,\"time\":2,\"job\":2,\"t2\":1,\"yayay\":1}",24
Daily Gadgets,2020,positive,"{\"play\":8,\"quick\":3,\"couple\":3,\"movie\":5,\"screen\":3,\"recommend\":4,\"lens\":6,\"watching\":3,\"dvd\":35,\"audio\":3,\"skipping\":3,\"day\":5,\"player\":27,\"cleaning\":6,\"product\":8,\"bought\":6,\"cleaner\":11,\"clean\":7,\"easy\":8,\"minute\":4,\"amazon\":4,\"disk\":5,\"disc\":16,\"time\":5,\"drive\":6}",44
Daily Gadgets,2021,negative,"{\"screen\":3,\"skip\":2,\"error\":2,\"total\":2,\"dvd\":8,\"stuck\":2,\"player\":6,\"tech\":2,\"waste\":2,\"cleaning\":4,\"process\":2,\"product\":3,\"item\":3,\"middle\":2,\"read\":2,\"package\":3,\"check\":2,\"reverse\":2,\"menu\":2,\"2\":2,\"disk\":3,\"money\":2,\"instruction\":2,\"disc\":9,\"time\":4}",19
Daily Gadgets,2021,positive,"{\"play\":7,\"love\":7,\"game\":8,\"book\":3,\"lens\":6,\"dvd\":47,\"price\":3,\"skipping\":4,\"player\":35,\"cleaning\":10,\"product\":10,\"issue\":5,\"cleaner\":14,\"reading\":3,\"clean\":16,\"played\":5,\"easy\":14,\"minute\":4,\"5\":4,\"playing\":6,\"disc\":13,\"magazine\":3,\"time\":9,\"job\":7,\"story\":3}",72
Daily Gadgets,2023,negative,"{\"play\":2,\"popping\":1,\"couple\":1,\"brought\":1,\"bad\":1,\"progressively\":1,\"solved\":1,\"wrapper\":2,\"life\":1,\"meticulously\":1,\"dvd\":4,\"suv\":1,\"easily\":1,\"player\":4,\"cleaning\":2,\"normal\":1,\"product\":4,\"read\":1,\"cleaner\":1,\"finished\":1,\"performance\":1,\"success\":1,\"instruction\":2,\"disc\":2,\"time\":1}",5
Daily Gadgets,2023,positive,"{\"tray\":1,\"play\":1,\"ease\":1,\"insert\":2,\"dvd\":9,\"paper\":2,\"row\":1,\"unusual\":1,\"player\":7,\"cleaning\":3,\"product\":1,\"cleaner\":6,\"blu\":1,\"portable\":1,\"ray\":1,\"clean\":4,\"easy\":1,\"neighbor\":2,\"disk\":1,\"blue\":1,\"liquid\":2,\"instruction\":2,\"interruption\":1,\"time\":1,\"job\":3}",11
Media,1998,positive,"{\"love\":3,\"melodic\":2,\"sound\":2,\"aluminum\":1,\"dozen\":1,\"sea\":2,\"paddle\":3,\"fan\":3,\"beat\":2,\"schenker\":2,\"day\":2,\"song\":4,\"soundtrack\":2,\"bought\":2,\"album\":3,\"tree\":1,\"acoustic\":2,\"solo\":3,\"feeling\":1,\"version\":2,\"guitar\":4,\"michael\":2,\"chorus\":2,\"quot\":14,\"ufo\":6}",6
Media,1999,positive,"{\"love\":6,\"memory\":3,\"movie\":6,\"amp\":3,\"louie\":3,\"life\":3,\"rock\":4,\"music\":3,\"fall\":2,\"friend\":4,\"carin\":4,\"schenker\":3,\"expecting\":2,\"song\":3,\"soundtrack\":5,\"chance\":3,\"star\":4,\"album\":5,\"version\":2,\"people\":3,\"2\":3,\"quot\":8,\"age\":2,\"child\":2,\"ufo\":4}",11
Media,2000,negative,"{\"msg\":2,\"game\":2,\"knock\":2,\"gon\":2,\"james\":2,\"dis\":2,\"punch\":2,\"hit\":2,\"fan\":4,\"beat\":3,\"limit\":5,\"band\":2,\"schenker\":3,\"carried\":1,\"rap\":2,\"album\":2,\"brown\":2,\"michael\":2,\"2\":2,\"classic\":2,\"time\":2,\"quot\":2,\"brother\":2,\"da\":4,\"ufo\":2}",6
Media,2000,positive,"{\"love\":4,\"game\":12,\"movie\":15,\"book\":6,\"save\":4,\"dreamcast\":6,\"rock\":5,\"fan\":4,\"music\":4,\"friend\":5,\"graphic\":5,\"song\":5,\"album\":9,\"shore\":5,\"pauly\":7,\"playstaion\":4,\"played\":4,\"diamond\":4,\"2\":6,\"classic\":8,\"2k\":6,\"time\":4,\"quot\":72,\"fun\":4,\"ufo\":7}",18
Media,2001,negative,"{\"wait\":2,\"set\":1,\"original\":1,\"star\":1,\"doom\":1,\"video\":2,\"version\":1,\"super\":1,\"phantom\":1,\"boxed\":1,\"subtitled\":1,\"season\":2,\"sepratly\":1,\"released\":1}",1
Media,2001,positive,"{\"love\":26,\"movie\":28,\"book\":45,\"dot\":13,\"enjoy\":9,\"recording\":15,\"alphabet\":21,\"cast\":14,\"fan\":12,\"music\":15,\"hedwig\":24,\"track\":12,\"song\":25,\"soundtrack\":15,\"album\":18,\"wonderful\":10,\"film\":21,\"lyric\":9,\"letter\":14,\"illustration\":10,\"time\":17,\"quot\":134,\"fun\":9,\"child\":25,\"story\":26}",45
Media,2002,positive,"{\"love\":9,\"movie\":13,\"sound\":6,\"book\":14,\"lot\":5,\"rock\":9,\"hit\":10,\"music\":6,\"band\":6,\"track\":10,\"hear\":5,\"song\":12,\"album\":8,\"film\":5,\"collection\":8,\"water\":8,\"doctor\":9,\"classic\":6,\"letter\":6,\"time\":12,\"quot\":90,\"daughter\":6,\"walk\":7,\"child\":6,\"ufo\":10}",22
Media,2003,negative,"{\"movie\":3,\"amp\":6,\"vocal\":2,\"book\":4,\"episode\":2,\"rock\":2,\"sailor\":2,\"dvd\":2,\"thailand\":5,\"hedwig\":3,\"david\":2,\"desire\":2,\"like\":2,\"film\":3,\"real\":3,\"angry\":5,\"girl\":2,\"lead\":2,\"picture\":2,\"guitar\":2,\"moon\":2,\"inch\":4,\"quot\":6,\"season2\":2,\"story\":2}",5
Media,2003,positive,"{\"love\":4,\"game\":10,\"james\":6,\"book\":8,\"ward\":5,\"life\":6,\"worth\":4,\"rock\":4,\"music\":7,\"loved\":4,\"grass\":6,\"lara\":6,\"root\":6,\"band\":4,\"boot\":4,\"track\":6,\"hear\":4,\"song\":7,\"album\":16,\"vietnam\":6,\"label\":4,\"brown\":5,\"people\":6,\"time\":8,\"quot\":14}",17
Media,2004,positive,"{\"game\":4,\"soul\":4,\"sound\":3,\"james\":4,\"manual\":4,\"rock\":5,\"mouse\":3,\"character\":3,\"fan\":4,\"guide\":3,\"rap\":3,\"song\":8,\"pilot\":3,\"set\":4,\"gene\":5,\"album\":4,\"collection\":4,\"brown\":3,\"command\":3,\"lyric\":3,\"complaint\":3,\"time\":7,\"pitney\":8,\"quot\":8,\"ufo\":4}",11
Media,2005,positive,"{\"studio\":4,\"love\":11,\"game\":7,\"movie\":12,\"book\":9,\"dot\":6,\"dreamcast\":6,\"santa\":5,\"music\":5,\"pac\":6,\"hedwig\":5,\"missing\":5,\"limit\":5,\"song\":9,\"soundtrack\":5,\"town\":4,\"star\":4,\"album\":10,\"christmas\":4,\"classic\":6,\"letter\":14,\"time\":5,\"fun\":5,\"story\":6,\"child\":9}",21
Media,2006,negative,"{\"play\":3,\"parent\":12,\"bad\":5,\"movie\":7,\"queen\":3,\"book\":5,\"manny\":4,\"rapport\":3,\"ice\":8,\"content\":3,\"life\":3,\"sid\":4,\"lot\":6,\"latifah\":3,\"diego\":9,\"emotionally\":5,\"fear\":7,\"emotional\":3,\"water\":3,\"people\":3,\"axline\":4,\"brother\":3,\"age\":6,\"stuff\":3,\"child\":12}",5
Media,2006,positive,"{\"love\":11,\"voice\":13,\"movie\":31,\"kid\":11,\"book\":21,\"manny\":14,\"ice\":25,\"life\":10,\"sid\":17,\"meltdown\":14,\"character\":17,\"music\":11,\"plot\":10,\"scrat\":14,\"diego\":12,\"read\":11,\"original\":13,\"album\":10,\"film\":29,\"mammoth\":20,\"time\":22,\"fun\":10,\"age\":27,\"child\":12,\"story\":17}",36
Media,2007,neutral,"{\"song\":1,\"period\":1,\"james\":1,\"definitive\":1,\"collection\":1,\"brown\":1,\"life\":1}",1
Media,2009,negative,"{\"book\":1,\"kid\":1,\"sound\":1,\"dumb\":1,\"repetition\":1,\"carle\":1,\"easy\":1,\"happened\":1,\"bug\":2,\"name\":1,\"talk\":1,\"choppiness\":1,\"chime\":1}",1
Media,2010,negative,"{\"parent\":7,\"named\":11,\"baltimore\":7,\"father\":8,\"kid\":13,\"book\":23,\"rhodes\":7,\"life\":42,\"path\":7,\"mother\":25,\"son\":11,\"school\":17,\"military\":13,\"prison\":11,\"read\":8,\"wes\":99,\"author\":20,\"war\":11,\"people\":8,\"moore\":71,\"difference\":7,\"time\":16,\"family\":11,\"child\":9,\"story\":19}",12
Media,2010,neutral,"{\"featured\":1,\"bad\":1,\"fiction\":1,\"city\":2,\"reader\":1,\"taste\":1,\"book\":3,\"feel\":1,\"winter\":3,\"tale\":3,\"character\":1,\"loved\":1,\"review\":2,\"brooklyn\":1,\"rare\":1,\"linden\":1,\"finish\":1,\"judge\":1,\"based\":1,\"set\":2,\"read\":2,\"girl\":1,\"harshly\":1,\"york\":2,\"nyc\":2}",2
Media,2012,negative,"{\"parent\":14,\"kid\":16,\"book\":28,\"life\":13,\"weapon\":6,\"school\":20,\"auggie\":38,\"friend\":7,\"groupschooling\":10,\"class\":9,\"human\":10,\"pgs\":22,\"guide\":8,\"situation\":14,\"trauma\":6,\"childhood\":6,\"author\":10,\"valentine\":8,\"people\":10,\"grade\":9,\"campaign\":6,\"time\":12,\"brother\":8,\"age\":17,\"child\":11}",6
Media,2012,neutral,"{\"play\":2,\"game\":5,\"reader\":1,\"book\":5,\"video\":1,\"tactic\":2,\"enticing\":1,\"enjoys\":2,\"character\":1,\"son\":1,\"trooper\":2,\"write\":1,\"player\":3,\"development\":1,\"read\":1,\"limited\":2,\"bought\":1,\"control\":4,\"captivates\":1,\"soldier\":3,\"online\":4,\"playing\":2,\"time\":1,\"strategy\":2,\"story\":1}",3
Media,2012,positive,"{\"love\":96,\"parent\":63,\"game\":51,\"reader\":58,\"kid\":176,\"book\":570,\"life\":100,\"view\":56,\"character\":130,\"school\":200,\"auggie\":317,\"friend\":99,\"sister\":65,\"middle\":86,\"read\":205,\"august\":137,\"author\":83,\"reading\":77,\"people\":122,\"grade\":67,\"time\":130,\"family\":54,\"palacio\":71,\"child\":114,\"story\":206}",217
Media,2013,negative,"{\"parent\":9,\"bad\":5,\"kid\":9,\"book\":57,\"kenny\":11,\"life\":8,\"character\":8,\"school\":15,\"poor\":6,\"auggie\":10,\"hard\":6,\"guide\":6,\"34\":14,\"read\":15,\"august\":5,\"author\":8,\"reading\":17,\"message\":5,\"people\":6,\"version\":7,\"amazon\":5,\"time\":11,\"bullying\":5,\"child\":12,\"story\":12}",39
Media,2014,negative,"{\"frank\":10,\"movie\":14,\"city\":6,\"kid\":8,\"book\":74,\"boy\":8,\"life\":8,\"disappointed\":6,\"character\":15,\"school\":11,\"review\":5,\"writing\":6,\"written\":6,\"34\":32,\"read\":39,\"author\":10,\"reading\":17,\"people\":5,\"mendelson\":9,\"time\":20,\"adult\":7,\"jarrid\":9,\"klepacki\":10,\"child\":12,\"story\":33}",66
Media,2014,neutral,"{\"wait\":1,\"movie\":1,\"idea\":1,\"book\":15,\"schizophrenic\":1,\"description\":1,\"decent\":1,\"strangest\":1,\"listen\":1,\"school\":2,\"client\":1,\"finish\":2,\"skipping\":1,\"jumble\":1,\"34\":6,\"middle\":2,\"read\":15,\"expected\":2,\"reading\":2,\"scratch\":1,\"ja\":1,\"writer\":1,\"time\":5,\"adult\":2,\"daughter\":2}",30
Media,2015,negative,"{\"love\":3,\"city\":2,\"republican\":2,\"kid\":5,\"book\":18,\"awful\":2,\"character\":3,\"disappointed\":3,\"plot\":2,\"school\":4,\"written\":3,\"mind\":2,\"34\":8,\"fantasy\":2,\"read\":4,\"difficult\":4,\"history\":3,\"happened\":2,\"2\":3,\"short\":2,\"time\":3,\"bullying\":4,\"child\":4,\"story\":4,\"care\":4}",25
Media,2015,positive,"{\"love\":136,\"kid\":114,\"book\":599,\"life\":51,\"character\":81,\"son\":44,\"loved\":85,\"school\":94,\"auggie\":67,\"friend\":45,\"34\":134,\"middle\":37,\"read\":309,\"august\":47,\"bought\":36,\"reading\":113,\"wonderful\":44,\"people\":52,\"grade\":52,\"time\":93,\"adult\":45,\"daughter\":42,\"enjoyed\":38,\"child\":86,\"story\":153}",635
Media,2016,negative,"{\"love\":6,\"chapter\":6,\"bad\":5,\"south\":6,\"book\":59,\"life\":7,\"mother\":6,\"son\":5,\"school\":4,\"review\":5,\"writing\":6,\"noah\":13,\"34\":6,\"africa\":5,\"read\":17,\"author\":6,\"born\":7,\"reading\":11,\"started\":5,\"people\":6,\"daily\":5,\"trevor\":14,\"time\":8,\"family\":4,\"story\":12}",43
Media,2016,positive,"{\"love\":176,\"south\":68,\"kid\":119,\"book\":959,\"recommend\":76,\"life\":130,\"amazing\":56,\"mother\":67,\"character\":83,\"loved\":117,\"school\":94,\"auggie\":83,\"friend\":62,\"written\":64,\"noah\":107,\"34\":174,\"read\":375,\"august\":69,\"apartheid\":62,\"reading\":130,\"people\":85,\"trevor\":140,\"time\":138,\"child\":92,\"story\":270}",813
Media,2017,neutral,"{\"wait\":4,\"south\":3,\"book\":21,\"required\":3,\"summer\":3,\"listen\":4,\"lot\":2,\"arrived\":3,\"music\":2,\"son\":5,\"shipping\":3,\"school\":6,\"noah\":5,\"34\":10,\"africa\":3,\"item\":3,\"read\":25,\"bought\":5,\"expected\":6,\"reading\":9,\"christmas\":3,\"fast\":4,\"trevor\":5,\"time\":5,\"story\":6}",97
Media,2017,positive,"{\"love\":309,\"south\":178,\"kid\":135,\"book\":1647,\"recommend\":129,\"life\":280,\"amazing\":149,\"mother\":172,\"loved\":179,\"school\":136,\"auggie\":132,\"friend\":97,\"written\":111,\"noah\":351,\"funny\":135,\"34\":288,\"africa\":150,\"read\":689,\"apartheid\":161,\"reading\":228,\"people\":148,\"trevor\":380,\"time\":218,\"child\":140,\"story\":490}",1502
Media,2018,negative,"{\"love\":6,\"woman\":10,\"south\":10,\"church\":9,\"book\":50,\"life\":10,\"cover\":9,\"mother\":11,\"white\":12,\"school\":7,\"friend\":6,\"colored\":7,\"crime\":7,\"noah\":9,\"34\":6,\"africa\":6,\"read\":10,\"childhood\":9,\"born\":6,\"black\":12,\"people\":6,\"trevor\":15,\"time\":12,\"child\":6,\"story\":11}",40
Media,2019,neutral,"{\"excelente\":2,\"dig\":1,\"thumb\":1,\"book\":26,\"video\":1,\"arrived\":3,\"son\":7,\"school\":5,\"advertised\":1,\"review\":2,\"writing\":2,\"bien\":2,\"linked\":1,\"read\":12,\"bought\":2,\"expected\":2,\"reading\":2,\"finished\":2,\"people\":2,\"watch\":1,\"style\":2,\"time\":4,\"daughter\":5,\"story\":2,\"child\":3}",57
Media,2020,negative,"{\"chirp\":2,\"game\":3,\"reader\":2,\"book\":15,\"box\":1,\"dead\":2,\"recommend\":2,\"battery\":2,\"scene\":2,\"cover\":2,\"disappointed\":2,\"loved\":2,\"disturbing\":3,\"wii\":3,\"writing\":2,\"hard\":2,\"song\":3,\"star\":2,\"incorrect\":2,\"reviewer\":2,\"version\":3,\"picture\":2,\"age\":2,\"option\":2,\"child\":4}",14
Media,2020,neutral,"{\"memory\":1,\"book\":5,\"lol\":1,\"guy\":1,\"entire\":1,\"listen\":2,\"lot\":2,\"brings\":1,\"music\":1,\"library\":2,\"school\":2,\"listened\":1,\"dance\":1,\"live\":1,\"song\":1,\"midnight\":1,\"read\":7,\"grandson\":2,\"reading\":2,\"guitar\":1,\"bass\":1,\"confession\":1,\"time\":3,\"favorite\":2,\"changed\":1}",16
Media,2021,neutral,"{\"excelente\":2,\"lo\":1,\"pero\":2,\"falto\":1,\"ya\":1,\"titulo\":2,\"ellos\":1,\"expectation\":1,\"demas\":1,\"actividad\":1,\"muy\":5,\"precio\":2,\"para\":3,\"mamá\":2,\"galaxy\":1,\"met\":1,\"burn\":1,\"el\":6,\"en\":2,\"página\":2,\"le\":2,\"terry\":1,\"álbum\":2,\"daughter\":2,\"calidad\":2}",10
Media,2022,positive,"{\"love\":23,\"entertaining\":8,\"student\":7,\"kid\":18,\"book\":119,\"enjoy\":8,\"recommend\":12,\"life\":9,\"character\":14,\"son\":8,\"loved\":15,\"noah\":14,\"highly\":8,\"read\":48,\"bought\":10,\"reading\":16,\"condition\":10,\"series\":7,\"trevor\":11,\"time\":16,\"family\":8,\"favorite\":10,\"enjoyed\":9,\"child\":8,\"story\":30}",131
Media,2023,neutral,"{\"chirp\":1,\"libro\":1,\"cut\":1,\"book\":2,\"encantado\":1,\"producto\":1,\"cliffhanger\":1,\"battery\":1,\"este\":1,\"muy\":1,\"straight\":1,\"buen\":1,\"edge\":1,\"cativante\":1,\"recomendado\":1,\"leitura\":1,\"tapered\":1,\"buena\":1,\"calidad\":1,\"changed\":1}",9
Others,2000,negative,"{\"play\":2,\"reason\":2,\"game\":30,\"recommend\":2,\"poll\":2,\"fit\":2,\"negative\":2,\"character\":2,\"price\":2,\"stuck\":2,\"recruiting\":2,\"beat\":2,\"wo\":3,\"season\":2,\"graphic\":3,\"bought\":3,\"war\":2,\"team\":3,\"tough\":2,\"played\":4,\"wrong\":3,\"cord\":3,\"mission\":3,\"worst\":2,\"time\":2}",11
Others,2000,positive,"{\"play\":58,\"game\":477,\"snowboarding\":26,\"sound\":23,\"ps2\":34,\"lot\":34,\"fan\":22,\"character\":47,\"ssx\":25,\"track\":27,\"map\":26,\"graphic\":65,\"player\":21,\"gabriel\":32,\"level\":32,\"easy\":25,\"played\":31,\"spyro\":24,\"2\":27,\"series\":28,\"playing\":35,\"time\":56,\"quot\":100,\"fun\":66,\"story\":22}",136
Others,2001,positive,"{\"play\":167,\"game\":1035,\"sound\":63,\"video\":45,\"trick\":76,\"ps2\":58,\"lot\":57,\"mode\":58,\"character\":106,\"ssx\":89,\"track\":50,\"graphic\":137,\"player\":88,\"original\":49,\"race\":46,\"level\":65,\"control\":64,\"team\":47,\"played\":59,\"2\":76,\"tribe\":49,\"playing\":65,\"time\":103,\"quot\":201,\"fun\":116}",268
Others,2002,positive,"{\"love\":41,\"play\":122,\"game\":796,\"ps2\":35,\"mode\":38,\"lot\":75,\"character\":98,\"ssx\":50,\"graphic\":94,\"player\":67,\"controller\":37,\"level\":47,\"mario\":51,\"control\":35,\"people\":43,\"played\":54,\"2\":61,\"3\":51,\"playing\":67,\"time\":118,\"quot\":48,\"party\":46,\"fun\":101,\"gameplay\":39,\"story\":42}",194
Others,2003,positive,"{\"play\":98,\"game\":609,\"sound\":31,\"lot\":38,\"character\":64,\"music\":30,\"hour\":39,\"graphic\":70,\"player\":34,\"pretty\":30,\"level\":35,\"rpg\":36,\"mario\":49,\"played\":39,\"battle\":48,\"final\":31,\"playing\":45,\"time\":81,\"quot\":113,\"party\":31,\"card\":32,\"fun\":73,\"gameplay\":38,\"xenosaga\":40,\"story\":57}",149
Others,2004,neutral,"{\"missles\":1,\"reason\":1,\"gun\":1,\"pretty\":1,\"game\":3,\"control\":1,\"simple\":1,\"target\":1,\"worth\":1,\"left\":1,\"ignore\":1,\"fire\":2,\"shoot\":1,\"impulse\":1,\"graphic\":1}",1
Others,2004,positive,"{\"love\":21,\"play\":51,\"game\":299,\"sound\":15,\"lot\":18,\"fan\":18,\"character\":53,\"music\":23,\"hour\":22,\"attack\":17,\"graphic\":28,\"player\":16,\"pretty\":16,\"level\":26,\"version\":17,\"played\":22,\"adventure\":16,\"ninja\":34,\"cutscenes\":24,\"playing\":25,\"time\":24,\"quot\":26,\"fun\":28,\"xenosaga\":21,\"story\":29}",63
Others,2005,positive,"{\"love\":11,\"play\":41,\"game\":217,\"xenogears\":11,\"lot\":11,\"character\":18,\"music\":10,\"beat\":13,\"graphic\":19,\"cable\":23,\"pokemon\":53,\"level\":17,\"mario\":28,\"control\":11,\"battle\":12,\"2\":17,\"4\":14,\"playing\":15,\"time\":28,\"favorite\":12,\"party\":18,\"board\":22,\"fun\":30,\"gameplay\":10,\"story\":13}",48
Others,2007,negative,"{\"game\":3,\"city\":1,\"save\":1,\"interact\":1,\"update\":1,\"catz\":2,\"video\":1,\"hope\":1,\"constantly\":1,\"maze\":1,\"aroung\":1,\"mad\":1,\"current\":1,\"lost\":1,\"waste\":1,\"inn\":1,\"easy\":1,\"killed\":1,\"cheat\":1,\"gameshark\":2,\"gamesharks\":1,\"time\":2,\"favorite\":1,\"walk\":1,\"party\":1}",2
Others,2007,neutral,"{\"soundtrack\":1,\"game\":2,\"honestly\":1,\"bad\":1,\"bought\":1,\"reson\":1,\"focus\":1,\"lond\":1,\"listen\":1,\"son\":1,\"music\":1,\"depth\":1,\"sequel\":1}",2
Others,2009,negative,"{\"jerky\":3,\"game\":21,\"bad\":2,\"immortal\":2,\"bos\":2,\"combat\":3,\"enemy\":5,\"mac\":3,\"lot\":2,\"character\":4,\"easily\":2,\"hard\":3,\"trap\":7,\"controller\":3,\"visible\":3,\"frustration\":2,\"angry\":2,\"animation\":2,\"take\":2,\"2\":2,\"driver\":2,\"piece\":2,\"time\":5,\"movement\":3,\"simply\":2}",6
Others,2010,positive,"{\"love\":17,\"play\":31,\"game\":150,\"bad\":8,\"fighting\":8,\"gameboy\":7,\"fan\":9,\"character\":9,\"beat\":11,\"graphic\":14,\"pokemon\":16,\"bought\":7,\"mario\":19,\"control\":10,\"people\":8,\"played\":10,\"monster\":9,\"super\":16,\"2\":7,\"3\":11,\"puzzle\":11,\"ne\":10,\"playing\":11,\"time\":28,\"fun\":18}",47
Others,2011,negative,"{\"reason\":3,\"game\":15,\"color\":2,\"bos\":5,\"screen\":2,\"gameboy\":2,\"banging\":2,\"character\":5,\"outfit\":3,\"function\":3,\"eat\":3,\"ssx\":3,\"power\":3,\"track\":2,\"level\":6,\"bought\":2,\"rail\":5,\"food\":3,\"expansion\":2,\"tricky\":2,\"apparent\":2,\"elemental\":3,\"gimmicky\":2,\"time\":3,\"fun\":4}",8
Others,2011,neutral,"{\"straightforward\":1,\"play\":4,\"game\":9,\"25\":1,\"mod\":2,\"1600x900\":1,\"worth\":1,\"setting\":2,\"lot\":2,\"hack\":2,\"price\":1,\"map\":1,\"multiplayer\":3,\"product\":2,\"coop\":3,\"charging\":1,\"rpg\":2,\"merchant\":1,\"100\":1,\"ridiculous\":1,\"convenient\":1,\"online\":1,\"slash\":2,\"time\":2,\"penny\":1}",2
Others,2011,positive,"{\"play\":22,\"game\":269,\"nintendo\":22,\"movie\":18,\"called\":21,\"japan\":60,\"north\":41,\"america\":36,\"character\":24,\"manga\":26,\"graphic\":16,\"released\":58,\"generation\":43,\"level\":24,\"july\":19,\"mario\":37,\"version\":36,\"3\":20,\"series\":48,\"playing\":18,\"time\":41,\"pokémon\":182,\"card\":17,\"fun\":32,\"anime\":35}",51
Others,2012,neutral,"{\"faded\":1,\"game\":1,\"read\":1,\"money\":1,\"guess\":1,\"scratched\":1,\"sticker\":1,\"refunded\":1,\"partly\":1,\"return\":1}",2
Others,2012,positive,"{\"love\":19,\"play\":37,\"game\":278,\"kid\":17,\"enemy\":14,\"button\":23,\"character\":27,\"loved\":15,\"land\":22,\"graphic\":20,\"pretty\":12,\"pokemon\":20,\"level\":26,\"mario\":45,\"played\":17,\"super\":15,\"awesome\":15,\"2\":16,\"3\":13,\"series\":14,\"playing\":27,\"time\":41,\"fun\":37,\"gameplay\":16,\"story\":21}",92
Others,2013,negative,"{\"play\":10,\"game\":87,\"kid\":13,\"enemy\":6,\"xenogears\":8,\"decided\":5,\"character\":17,\"music\":10,\"hour\":7,\"plot\":6,\"attack\":7,\"day\":5,\"console\":8,\"34\":14,\"question\":11,\"cartoon\":9,\"xbox\":6,\"played\":8,\"wrong\":6,\"battle\":9,\"watch\":6,\"series\":9,\"playing\":12,\"time\":13,\"simply\":7}",27
Others,2013,neutral,"{\"game\":8,\"week\":1,\"mail\":2,\"called\":3,\"kid\":1,\"dreamcast\":2,\"figured\":1,\"medium\":1,\"hope\":1,\"waited\":1,\"random\":1,\"review\":2,\"retired\":1,\"moving\":1,\"day\":2,\"guide\":1,\"figure\":1,\"product\":3,\"center\":1,\"xbox\":1,\"abstract\":1,\"system\":1,\"purchased\":2,\"stormchaser\":2,\"forgot\":2}",7
Others,2014,positive,"{\"love\":50,\"play\":64,\"game\":366,\"kid\":16,\"character\":27,\"sega\":18,\"graphic\":26,\"player\":20,\"34\":24,\"original\":17,\"level\":48,\"bought\":22,\"mario\":30,\"version\":19,\"played\":19,\"super\":27,\"1\":19,\"2\":23,\"condition\":25,\"3\":24,\"5\":16,\"playing\":29,\"time\":42,\"favorite\":17,\"fun\":50}",243
Others,2015,neutral,"{\"game\":8,\"transferable\":1,\"planned\":1,\"manner\":1,\"arrived\":4,\"search\":1,\"brings\":1,\"load\":1,\"band\":1,\"operating\":1,\"overview\":1,\"item\":1,\"product\":1,\"childhood\":2,\"grate\":4,\"blast\":2,\"license\":1,\"windows10\":1,\"pc\":1,\"fast\":2,\"classic\":2,\"timely\":1,\"8\":2,\"window\":3,\"updated\":1}",40
Others,2015,positive,"{\"play\":47,\"love\":49,\"game\":291,\"perfect\":16,\"kid\":17,\"video\":25,\"amazing\":14,\"graphic\":17,\"34\":29,\"pokemon\":17,\"bought\":20,\"mario\":37,\"version\":18,\"awesome\":14,\"2\":22,\"condition\":28,\"3\":19,\"classic\":27,\"4\":15,\"true\":14,\"playing\":29,\"time\":37,\"favorite\":19,\"party\":26,\"fun\":37}",254
Others,2016,positive,"{\"love\":23,\"play\":37,\"game\":202,\"perfectly\":14,\"perfect\":18,\"kid\":9,\"happy\":11,\"box\":9,\"video\":14,\"mode\":9,\"arrived\":10,\"character\":11,\"price\":14,\"34\":20,\"product\":14,\"control\":9,\"played\":11,\"version\":18,\"single\":9,\"condition\":26,\"classic\":12,\"playing\":16,\"time\":22,\"favorite\":11,\"fun\":16}",219
Others,2017,negative,"{\"game\":26,\"bad\":3,\"save\":5,\"screen\":3,\"box\":5,\"arrived\":2,\"disappointed\":4,\"hour\":2,\"wasted\":3,\"terrible\":4,\"34\":4,\"star\":2,\"purchase\":3,\"photo\":2,\"doubt\":2,\"pack\":2,\"n64\":2,\"version\":5,\"super\":2,\"cartridge\":3,\"money\":2,\"scratched\":2,\"damaged\":2,\"completely\":2,\"time\":4}",28
Others,2017,neutral,"{\"seller\":1,\"installed\":1,\"quick\":1,\"game\":7,\"week\":1,\"nintendo\":1,\"accessed\":1,\"glitch\":1,\"sending\":1,\"gtg\":1,\"pak\":1,\"product\":2,\"issue\":1,\"grandson\":1,\"expected\":1,\"received\":1,\"expansion\":1,\"saving\":1,\"pc\":1,\"slow\":1,\"stored\":1,\"pokémon\":1,\"daughter\":1,\"return\":1,\"refund\":3}",27
Others,2018,neutral,"{\"cheaper\":1,\"game\":4,\"racing\":1,\"lo\":4,\"constantly\":1,\"type\":2,\"gameboy\":2,\"music\":1,\"freeze\":1,\"para\":3,\"yo\":2,\"advertised\":2,\"diria\":2,\"affordable\":1,\"34\":2,\"controller\":1,\"diddy\":1,\"el\":2,\"alternative\":1,\"juego\":3,\"kong\":1,\"este\":2,\"build\":1,\"disc\":2,\"job\":1}",22
Others,2018,positive,"{\"love\":22,\"play\":27,\"game\":143,\"perfectly\":9,\"racing\":11,\"perfect\":9,\"prix\":9,\"happy\":13,\"save\":10,\"run\":9,\"trial\":10,\"mode\":10,\"amazing\":9,\"playstation\":10,\"hour\":9,\"car\":49,\"track\":11,\"pretty\":13,\"team\":19,\"grand\":9,\"condition\":16,\"tuned\":10,\"playing\":14,\"time\":33,\"fun\":16}",137
Others,2019,neutral,"{\"game\":3,\"comprarlo\":1,\"wonky\":1,\"artist\":1,\"ride\":1,\"gameboy\":1,\"muy\":1,\"red\":1,\"arrived\":2,\"vale\":1,\"crook\":1,\"defective\":1,\"pena\":1,\"nostalgia\":1,\"sold\":1,\"childhood\":1,\"pokemon\":1,\"expected\":1,\"eric\":1,\"throwback\":1,\"juego\":1,\"classic\":1,\"money\":1,\"ramos\":1}",12
Others,2019,positive,"{\"love\":6,\"play\":9,\"game\":71,\"perfectly\":7,\"perfect\":10,\"kid\":4,\"save\":5,\"fine\":5,\"brand\":5,\"nostalgia\":4,\"product\":12,\"original\":6,\"shape\":4,\"star\":5,\"excellent\":7,\"bought\":5,\"mario\":7,\"played\":6,\"quality\":6,\"awesome\":5,\"condition\":14,\"classic\":5,\"3\":6,\"pleased\":5,\"fun\":12}",101
Others,2020,negative,"{\"purchasing\":1,\"happy\":1,\"delivered\":1,\"mac\":2,\"windows7\":1,\"dragonball\":2,\"compatible\":2,\"music\":2,\"fine\":2,\"model\":4,\"disappointing\":1,\"hard\":2,\"totally\":2,\"designed\":2,\"fukkatsu\":2,\"product\":2,\"wit\":1,\"daimao\":2,\"level\":2,\"dissatisfied\":1,\"expensive\":2,\"shenlong\":1,\"windows10\":1,\"instruction\":3,\"window\":2}",8
Others,2021,neutral,"{\"excelente\":1,\"recomendable\":1,\"book\":1,\"bag\":1,\"producto\":1,\"manual\":1,\"dollar\":1,\"japanese\":1,\"greasy\":1,\"wut\":1,\"item\":1,\"product\":2,\"read\":1,\"issue\":1,\"bought\":1,\"charging\":1,\"en\":1,\"condición\":1,\"expensive\":1,\"pull\":1,\"processed\":1,\"100\":1,\"189\":1,\"junk\":1,\"return\":1}",8
Others,2021,positive,"{\"love\":9,\"play\":11,\"game\":37,\"week\":2,\"perfect\":4,\"happy\":3,\"codex\":4,\"house\":2,\"marine\":2,\"arrived\":6,\"music\":3,\"hour\":2,\"graphic\":5,\"product\":5,\"excellent\":3,\"nice\":4,\"awesome\":3,\"cartridge\":6,\"condition\":14,\"classic\":3,\"playing\":4,\"time\":3,\"favorite\":3,\"fun\":7,\"care\":3}",65
Others,2022,negative,"{\"play\":1,\"game\":6,\"dragon\":2,\"codex\":1,\"stuck\":1,\"defective\":2,\"product\":2,\"scratch\":3,\"recieved\":1,\"team\":2,\"kill\":1,\"recognize\":1,\"people\":2,\"nice\":1,\"picture\":2,\"40k\":1,\"army\":1,\"ps2s\":1,\"spyro\":2,\"money\":1,\"waist\":1,\"disc\":2,\"window\":1,\"snes\":2,\"account\":1}",8
Others,2022,neutral,"{\"game\":3,\"code\":1,\"book\":2,\"box\":2,\"valid\":1,\"arrived\":1,\"disappointed\":1,\"extremely\":1,\"shipping\":1,\"ac81d76c200a292c05d94e6bcfbb744e\":1,\"wrapped\":1,\"expecting\":1,\"app\":1,\"console\":1,\"videoid\":1,\"artwork\":1,\"played\":1,\"shipped\":1,\"fast\":1,\"undamaged\":1,\"publisher\":1,\"playing\":1,\"rl\":1,\"20\":2,\"child\":1}",14
Others,2022,positive,"{\"love\":3,\"seller\":4,\"play\":15,\"game\":35,\"book\":3,\"husband\":2,\"enjoying\":3,\"space\":3,\"marine\":3,\"lot\":5,\"megaman\":2,\"arrived\":3,\"art\":2,\"read\":3,\"original\":5,\"received\":3,\"finding\":3,\"people\":4,\"master\":2,\"condition\":8,\"series\":3,\"ne\":5,\"paid\":3,\"time\":5,\"fun\":3}",33
Others,2023,negative,"{\"seller\":1,\"country\":2,\"enhancer\":1,\"game\":7,\"purchasing\":2,\"dmca\":1,\"video\":4,\"matter\":1,\"manufacturer\":1,\"hack\":1,\"integrity\":1,\"encourage\":1,\"undermines\":1,\"safety\":1,\"pci\":1,\"listing\":2,\"console\":2,\"item\":3,\"product\":4,\"law\":4,\"violating\":2,\"illegal\":6,\"sale\":3,\"resale\":2,\"window\":4}",4
Others,2023,neutral,"{\"spyro\":2,\"playstation\":1,\"2\":1,\"game\":2,\"correct\":1,\"series\":1,\"artwork\":1,\"dragon\":2,\"picture\":1,\"represent\":1}",2
Software,2000,positive,"{\"love\":7,\"play\":17,\"game\":88,\"bad\":6,\"ship\":14,\"choose\":7,\"amazing\":5,\"character\":5,\"trek\":7,\"scenario\":8,\"graphic\":14,\"add\":6,\"star\":7,\"change\":7,\"control\":10,\"take\":5,\"starship\":7,\"2\":8,\"mission\":11,\"3\":7,\"bug\":5,\"playing\":6,\"time\":12,\"quot\":22,\"fun\":7}",33
Software,2001,neutral,"{\"simulator\":1,\"railroad\":1,\"software\":2,\"car\":1,\"locomotive\":1,\"design\":2,\"abacus\":1,\"math\":1,\"complete\":1,\"building\":1,\"train\":1}",2
Software,2002,neutral,"{\"country\":1,\"data\":1,\"yardage\":1,\"program\":2,\"local\":1,\"playable\":1,\"hole\":1,\"muni\":1,\"print\":1,\"detailed\":1,\"marker\":1,\"club\":1,\"quot\":2,\"map\":1,\"base\":1}",1
Software,2002,positive,"{\"play\":5,\"pirate\":6,\"game\":52,\"deck\":4,\"cannon\":4,\"ship\":16,\"program\":10,\"sea\":5,\"crew\":6,\"patch\":5,\"lot\":5,\"music\":5,\"graphic\":11,\"calculator\":7,\"level\":5,\"team\":5,\"easy\":5,\"version\":9,\"battle\":5,\"port\":5,\"5\":5,\"playing\":7,\"time\":10,\"quot\":8,\"fun\":7}",16
Software,2004,positive,"{\"game\":16,\"panzer\":3,\"ya\":3,\"ship\":4,\"slot\":4,\"video\":4,\"program\":7,\"manual\":3,\"studyworks\":2,\"lot\":6,\"character\":4,\"balloon\":3,\"race\":3,\"excellent\":2,\"resource\":2,\"center\":2,\"change\":3,\"solitaire\":4,\"keno\":4,\"people\":2,\"version\":4,\"3\":3,\"5\":4,\"machine\":4,\"fun\":3}",6
Software,2005,positive,"{\"magic\":3,\"play\":5,\"game\":11,\"hero\":3,\"program\":2,\"do\":3,\"sea\":2,\"lot\":2,\"computer\":2,\"music\":2,\"load\":3,\"fine\":2,\"graphic\":2,\"dance\":3,\"player\":2,\"notebook\":2,\"excellent\":2,\"king\":3,\"version\":3,\"played\":4,\"battle\":4,\"2\":3,\"cinematic\":2,\"window\":3,\"time\":3}",6
Software,2006,positive,"{\"deer\":5,\"play\":8,\"hang\":4,\"game\":48,\"safari\":5,\"ship\":5,\"combat\":4,\"bit\":7,\"running\":5,\"car\":29,\"hunting\":10,\"track\":16,\"graphic\":5,\"daytona\":9,\"original\":7,\"race\":9,\"horse\":6,\"2\":5,\"slow\":5,\"african\":7,\"animal\":5,\"window\":6,\"time\":18,\"fun\":7,\"option\":9}",9
Software,2007,negative,"{\"specie\":1,\"harddrives\":1,\"game\":3,\"fighting\":1,\"alien\":1,\"advance\":1,\"opposes\":1,\"dissapointing\":1,\"colonize\":2,\"gamer\":1,\"pit\":1,\"train\":1,\"waste\":1,\"based\":1,\"conquer\":1,\"planet\":1,\"remaining\":1,\"army\":1,\"trade\":1,\"money\":1,\"build\":1,\"science\":1,\"aggriculture\":1,\"strategy\":1,\"territory\":1}",3
Software,2007,positive,"{\"play\":9,\"saturn\":6,\"game\":35,\"cgi\":4,\"tekken\":4,\"fighting\":12,\"button\":4,\"character\":20,\"feature\":4,\"virtua\":18,\"sega\":7,\"player\":4,\"conversion\":5,\"jeffry\":5,\"set\":6,\"level\":6,\"arcade\":6,\"version\":5,\"2\":10,\"pc\":12,\"background\":5,\"series\":6,\"fighter\":22,\"style\":5,\"gameplay\":5}",9
Software,2008,negative,"{\"play\":1,\"hasbro\":1,\"infogames\":1,\"game\":4,\"battleship\":1,\"prefer\":1,\"doom\":1,\"shooting\":1,\"thunder\":1,\"frustrating\":1,\"frankly\":1,\"school\":1,\"rare\":1,\"disappointing\":1,\"95\":1,\"class\":1,\"graphic\":2,\"affordable\":1,\"keyboard\":1,\"ver\":1,\"surface\":1,\"learns\":1,\"complain\":1,\"window\":1,\"wolfenstein\":1}",1
Software,2008,positive,"{\"play\":5,\"surrounded\":2,\"hang\":2,\"game\":29,\"modest\":2,\"opponent\":2,\"spend\":2,\"power\":3,\"hard\":3,\"graphic\":4,\"conquest\":2,\"easy\":2,\"quality\":2,\"difficulty\":2,\"battle\":2,\"2\":4,\"future\":2,\"wwii\":2,\"xp\":2,\"playing\":3,\"window\":4,\"time\":4,\"strategy\":2,\"imperialism\":2,\"fun\":2}",10
Software,2009,positive,"{\"seller\":2,\"play\":6,\"couple\":2,\"game\":16,\"software\":8,\"medium\":2,\"program\":3,\"summer\":2,\"mac\":6,\"son\":4,\"loved\":2,\"fine\":2,\"vacation\":2,\"create\":2,\"day\":2,\"compared\":2,\"product\":2,\"bought\":2,\"easy\":3,\"o\":2,\"system\":2,\"pc\":4,\"grade\":3,\"ranking\":2,\"fun\":3}",11
Software,2011,negative,"{\"play\":2,\"gun\":2,\"renderer\":2,\"game\":9,\"called\":2,\"software\":3,\"wrapper\":4,\"program\":4,\"direct3d\":3,\"patch\":3,\"mode\":4,\"lot\":4,\"trek\":5,\"unreal\":3,\"set\":2,\"opengl\":3,\"version\":2,\"naval\":4,\"3dfx\":3,\"time\":4,\"window\":4,\"glide\":4,\"compatibility\":3,\"card\":2,\"fun\":3}",2
Software,2011,positive,"{\"game\":8,\"deep\":8,\"software\":3,\"rating\":2,\"lot\":2,\"feature\":6,\"engine\":7,\"chessbase\":6,\"graphic\":3,\"houdini\":4,\"surprise\":2,\"12\":8,\"product\":2,\"item\":2,\"chess\":3,\"match\":3,\"wonderful\":2,\"version\":3,\"rybka\":4,\"fritz\":16,\"disk\":2,\"3\":3,\"pleased\":2,\"favorite\":2,\"user\":4}",8
Software,2012,negative,"{\"badly\":1,\"couple\":1,\"game\":5,\"panzer\":1,\"excited\":1,\"bought\":1,\"concept\":1,\"save\":1,\"ship\":2,\"played\":1,\"allied\":1,\"building\":1,\"dollar\":1,\"battle\":1,\"disappointed\":1,\"disappointment\":1,\"freeze\":1,\"money\":1,\"functioned\":1,\"true\":1,\"playing\":1,\"surprised\":1,\"payed\":1}",2
Software,2013,positive,"{\"play\":2,\"saturn\":2,\"game\":9,\"graphical\":2,\"enjoy\":2,\"learning\":2,\"hope\":2,\"type\":2,\"glitch\":2,\"dvd\":6,\"mastering\":2,\"karpov\":2,\"hard\":2,\"anatoly\":2,\"king\":7,\"author\":2,\"purchase\":2,\"played\":4,\"version\":6,\"xp\":2,\"disc\":2,\"time\":2,\"excerpt\":2,\"fun\":5,\"indian\":7}",9
Software,2014,neutral,"{\"play\":1,\"virtual\":1,\"description\":1,\"mac\":1,\"properly\":1,\"load\":2,\"osx\":1,\"designed\":1,\"product\":1,\"item\":1,\"package\":1,\"issue\":1,\"sell\":1,\"pool\":1,\"pay\":1,\"version\":2,\"wndows\":1,\"guess\":1,\"7\":1,\"paid\":1,\"window\":3,\"compatibility\":1,\"stated\":1,\"return\":1,\"stuff\":1}",5
Software,2015,neutral,"{\"game\":2,\"pc\":1,\"kick\":1,\"money\":1,\"spend\":1,\"7\":1,\"junk\":1,\"window\":1,\"partially\":1}",4
Software,2016,negative,"{\"play\":3,\"assault\":3,\"game\":16,\"rebel\":3,\"bad\":3,\"awful\":1,\"plague\":1,\"crash\":1,\"scene\":1,\"offer\":1,\"path\":1,\"tie\":1,\"password\":1,\"fan\":1,\"poor\":1,\"basically\":1,\"honest\":1,\"majority\":2,\"star\":3,\"war\":2,\"control\":4,\"replay\":2,\"spade\":2,\"avoided\":2,\"money\":2}",3
Software,2016,neutral,"{\"game\":1,\"grandson\":1,\"thumb\":1,\"version\":1,\"glitch\":1,\"load\":1,\"price\":1,\"7\":1,\"wo\":1,\"ground\":1,\"window\":2,\"hunter\":1,\"josgatrnz3\":1,\"train\":1}",7
Software,2017,negative,"{\"united\":1,\"release\":2,\"74697\":1,\"description\":1,\"loaded\":2,\"compatible\":1,\"disappointed\":1,\"zoned\":1,\"son\":1,\"trainz\":1,\"accomplished\":1,\"ui\":2,\"europe\":1,\"34\":2,\"product\":1,\"cost\":1,\"difficult\":1,\"store\":1,\"pack\":1,\"1\":1,\"task\":1,\"3\":1,\"bug\":1,\"build\":2,\"child\":1}",3
Software,2017,neutral,"{\"window\":1}",1
Software,2018,positive,"{\"love\":3,\"game\":16,\"program\":2,\"type\":2,\"building\":2,\"download\":3,\"trainz\":3,\"land\":3,\"track\":4,\"train\":3,\"12\":2,\"pretty\":2,\"set\":2,\"league\":3,\"team\":3,\"easy\":3,\"tool\":2,\"awesome\":2,\"7\":4,\"8\":2,\"playing\":3,\"comstar\":3,\"time\":4,\"window\":7,\"drive\":3}",10
Software,2022,negative,"{\"expecting\":1,\"messed\":1,\"book\":1}",1
Software,2022,neutral,{},1
Software,2022,positive,"{\"steel\":1,\"fleet\":1,\"game\":11,\"role\":1,\"minor\":1,\"simulation\":1,\"ship\":1,\"nw\":1,\"feel\":1,\"modded\":1,\"combat\":2,\"fighting\":1,\"installing\":1,\"enjoying\":1,\"sea\":1,\"ww1\":1,\"running\":2,\"detract\":1,\"submarine\":1,\"warfare\":2,\"win\":2,\"surface\":2,\"naval\":3,\"patched\":1,\"playing\":1}",3
Sports & Health,2003,positive,"{\"iquest\":1,\"invest\":1,\"book\":4,\"bag\":4,\"quantum\":3,\"space\":4,\"pad\":5,\"frog\":4,\"neat\":1,\"hate\":1,\"leap\":4,\"issue\":1,\"excellent\":1,\"double\":1,\"lose\":1,\"store\":2,\"easy\":2,\"1\":2,\"plastic\":1,\"2\":1,\"cartridge\":7,\"4\":1,\"5\":1,\"tiny\":1,\"absolutely\":2}",2
Sports & Health,2008,positive,"{\"leapfrog\":1,\"durable\":1,\"traveling\":1,\"story\":1}",1
Sports & Health,2011,positive,"{\"youtube\":1,\"ease\":1,\"reason\":1,\"bag\":2,\"smoothly\":1,\"search\":1,\"elite\":1,\"minimal\":1,\"bend\":1,\"easily\":1,\"helpful\":1,\"gentle\":1,\"console\":1,\"process\":1,\"product\":3,\"star\":1,\"bent\":1,\"xbox\":4,\"360\":2,\"tool\":2,\"4\":1,\"5\":1,\"remedied\":1,\"supposed\":1,\"time\":1}",3
Sports & Health,2012,positive,"{\"love\":1,\"begat\":1,\"serf\":1,\"purpose\":1,\"price\":1,\"kit\":1,\"time\":1,\"day\":1}",1
Sports & Health,2013,neutral,"{\"wound\":1,\"xbox\":1,\"breaking\":1,\"trash\":1}",1
Sports & Health,2014,neutral,"{\"shipping\":1,\"fast\":1}",1
Sports & Health,2014,positive,"{\"damage\":1,\"repair\":1,\"cut\":1,\"perfectly\":1,\"perfect\":1,\"bent\":1,\"groove\":1,\"book\":1,\"recommend\":1,\"xbox\":2,\"clamshell\":1,\"360\":2,\"tool\":4,\"wrench\":1,\"fit\":1,\"intended\":1,\"flange\":1,\"job\":1}",3
Sports & Health,2017,positive,"{\"rated\":1,\"love\":2,\"game\":1,\"left\":1,\"passcodes\":1,\"start\":1,\"fun\":1}",1
Sports & Health,2020,negative,"{\"digital\":1,\"sits\":1,\"sale\":1,\"download\":1,\"imagine\":1,\"dvd\":1,\"buying\":1,\"watching\":1,\"flash\":1}",1
Sports & Health,2020,neutral,"{\"cd\":1,\"money\":1,\"priced\":1}",1
Toys & Games,2000,negative,"{\"activity\":2,\"weekend\":1,\"frequent\":1,\"recommend\":1,\"fair\":1,\"awake\":1,\"expectation\":1,\"holiday\":1,\"frustrating\":1,\"preparation\":1,\"lot\":1,\"random\":1,\"routine\":1,\"hour\":1,\"fall\":1,\"school\":2,\"price\":1,\"alarm\":1,\"stand\":2,\"2\":7,\"pikachu\":4,\"time\":2,\"pika\":4,\"quot\":2,\"watt\":2}",1
Toys & Games,2000,positive,"{\"love\":1,\"play\":2,\"game\":13,\"monkey\":2,\"shake\":5,\"passage\":1,\"seceret\":1,\"harry\":1,\"fan\":1,\"ghost\":1,\"music\":4,\"clue\":1,\"friend\":2,\"beat\":3,\"samba\":4,\"educational\":1,\"start\":1,\"tough\":2,\"maraca\":5,\"amigo\":3,\"time\":3,\"quot\":6,\"party\":2,\"fun\":6,\"laughing\":2}",3
Toys & Games,2001,negative,"{\"play\":2,\"parent\":1,\"game\":4,\"p3\":1,\"kid\":3,\"screen\":1,\"error\":1,\"entire\":1,\"manual\":1,\"space\":1,\"required\":1,\"hard\":1,\"ram\":1,\"highly\":1,\"reboot\":1,\"include\":1,\"866mhz\":1,\"level\":1,\"800mb\":1,\"frustration\":1,\"minute\":1,\"boring\":1,\"2\":2,\"recomend\":1,\"quot\":2}",3
Toys & Games,2003,negative,"{\"play\":2,\"leader\":1,\"principality\":1,\"game\":7,\"magellas\":1,\"lieutenant\":1,\"simulation\":3,\"impossible\":2,\"gouf\":2,\"robot\":2,\"fan\":2,\"beat\":2,\"giant\":3,\"piloted\":2,\"piloting\":2,\"mobile\":3,\"zaku\":2,\"destroy\":3,\"team\":4,\"zeon\":3,\"mission\":6,\"series\":2,\"gundam\":6,\"suit\":3,\"quot\":2}",1
Toys & Games,2003,positive,"{\"play\":4,\"discard\":5,\"howler\":4,\"stack\":5,\"game\":19,\"harry\":7,\"recommend\":3,\"potter\":7,\"player\":21,\"set\":4,\"bought\":3,\"draw\":17,\"played\":8,\"invisibility\":5,\"special\":5,\"1\":4,\"2\":4,\"5\":6,\"uno\":10,\"pikachu\":3,\"playing\":4,\"suit\":8,\"wild\":8,\"fun\":9,\"card\":43}",7
Toys & Games,2006,negative,"{\"weird\":1,\"game\":1,\"sale\":1,\"extremely\":1,\"pulled\":1,\"warning\":1,\"accidently\":1,\"people\":1}",1
Toys & Games,2006,positive,"{\"play\":3,\"love\":3,\"game\":15,\"movie\":1,\"harry\":1,\"killing\":2,\"feel\":2,\"fan\":2,\"car\":4,\"recall\":2,\"opponent\":3,\"friend\":2,\"meanie\":2,\"win\":2,\"toy\":2,\"original\":1,\"photo\":1,\"mission\":2,\"calling\":2,\"uno\":2,\"pikachu\":4,\"pedestrian\":3,\"time\":2,\"watt\":4,\"fun\":3}",4
Toys & Games,2007,negative,"{\"play\":1,\"game\":3,\"clancy\":1,\"overcome\":1,\"gouf\":1,\"enemy\":2,\"sieg\":1,\"tactic\":1,\"remember\":2,\"weapon\":1,\"character\":1,\"total\":1,\"tom\":1,\"zeonic\":1,\"federation\":1,\"squadron\":1,\"upgrade\":2,\"change\":1,\"mobile\":2,\"zaku\":1,\"control\":1,\"nice\":1,\"battle\":1,\"rainbow\":1,\"suit\":2}",1
Toys & Games,2008,positive,"{\"play\":7,\"game\":40,\"fan\":4,\"rare\":3,\"skill\":4,\"event\":3,\"human\":5,\"secretly\":4,\"player\":13,\"crisis\":3,\"television\":3,\"galactica\":8,\"cooperative\":3,\"3\":3,\"cylons\":4,\"series\":4,\"bsg\":4,\"pikachu\":5,\"favorite\":3,\"word\":4,\"battlestar\":4,\"cylon\":4,\"fun\":5,\"board\":8,\"card\":10}",8
Toys & Games,2009,negative,"{\"game\":25,\"color\":4,\"recommend\":2,\"secret\":2,\"bit\":2,\"character\":5,\"skill\":8,\"cardboard\":2,\"human\":5,\"player\":8,\"negotiate\":3,\"crisis\":10,\"like\":3,\"resource\":5,\"loyalty\":3,\"galactica\":11,\"quality\":2,\"cylons\":3,\"bsg\":3,\"8\":2,\"parsec\":3,\"battlestar\":3,\"cylon\":6,\"board\":7,\"card\":15}",1
Toys & Games,2012,neutral,"{\"read\":1,\"piece\":1,\"lazy\":1,\"instruction\":1,\"sad\":1,\"missing\":1,\"played\":1,\"fun\":1}",1
Toys & Games,2013,negative,"{\"play\":11,\"die\":12,\"damage\":19,\"game\":28,\"deck\":13,\"roll\":8,\"edition\":26,\"hero\":13,\"gain\":13,\"character\":10,\"defense\":9,\"attack\":20,\"skill\":28,\"feat\":14,\"ol\":21,\"equipment\":19,\"familiar\":10,\"token\":9,\"descent\":12,\"1\":25,\"2\":13,\"3\":18,\"time\":8,\"basic\":10,\"card\":24}",5
Toys & Games,2014,negative,"{\"play\":6,\"mob\":6,\"game\":11,\"additional\":3,\"book\":4,\"impossible\":3,\"rule\":8,\"enemy\":3,\"hero\":4,\"weak\":3,\"objective\":3,\"scenario\":11,\"reinforcement\":3,\"ability\":3,\"win\":3,\"ol\":15,\"player\":9,\"34\":4,\"item\":3,\"ko\":3,\"lose\":3,\"rpg\":3,\"war\":4,\"descent\":5,\"card\":9}",11
Toys & Games,2014,neutral,"{\"game\":3,\"fate\":1,\"boardgames\":1,\"idea\":1,\"book\":2,\"dice\":2,\"rule\":1,\"rock\":1,\"enhance\":1,\"player\":2,\"excelent\":1,\"set\":1,\"custom\":1,\"expansion\":1,\"core\":1,\"unique\":1,\"complicated\":1,\"bsg\":1,\"buying\":1,\"setup\":1,\"location\":1,\"playing\":2,\"fence\":1,\"colorful\":1,\"enjoyed\":1}",9
Toys & Games,2014,positive,"{\"love\":44,\"play\":81,\"game\":342,\"book\":32,\"dice\":27,\"rule\":44,\"recommend\":20,\"quest\":25,\"lot\":34,\"character\":41,\"friend\":21,\"human\":21,\"player\":58,\"34\":52,\"set\":25,\"played\":36,\"expansion\":35,\"adventure\":33,\"piece\":22,\"playing\":31,\"time\":39,\"board\":40,\"card\":41,\"fun\":67,\"story\":21}",159
Toys & Games,2015,negative,"{\"fleet\":5,\"damage\":6,\"df\":7,\"game\":43,\"deck\":31,\"ship\":17,\"objective\":5,\"character\":17,\"colonial\":5,\"skill\":16,\"jump\":5,\"player\":12,\"set\":7,\"crisis\":9,\"star\":9,\"check\":5,\"expansion\":6,\"token\":9,\"2\":5,\"piece\":6,\"playing\":6,\"time\":5,\"creature\":6,\"cylon\":13,\"card\":29}",20
Toys & Games,2015,neutral,"{\"play\":1,\"game\":1,\"edition\":1,\"enjoy\":1,\"tie\":1,\"1st\":1,\"hit\":1,\"recomended\":1,\"opponent\":1,\"clue\":2,\"highly\":1,\"delivery\":1,\"package\":1,\"set\":1,\"law\":1,\"plenty\":1,\"pack\":1,\"christmas\":1,\"fast\":1,\"purchased\":1,\"throw\":1,\"time\":2,\"complete\":1,\"armada\":1,\"brother\":1}",10
Toys & Games,2016,neutral,"{\"play\":3,\"game\":8,\"enterprise\":1,\"book\":1,\"rule\":1,\"collected\":1,\"husband\":1,\"lot\":2,\"arrived\":2,\"son\":1,\"advertised\":2,\"mehhhh\":1,\"confusing\":1,\"stand\":1,\"class\":1,\"product\":2,\"grandson\":2,\"bought\":1,\"kill\":1,\"quality\":2,\"boring\":2,\"listed\":1,\"setup\":1,\"time\":3,\"board\":2}",20
Toys & Games,2016,positive,"{\"love\":31,\"play\":68,\"game\":224,\"kid\":15,\"deck\":16,\"dracula\":29,\"book\":49,\"mechanic\":14,\"rule\":29,\"lot\":17,\"character\":25,\"son\":18,\"player\":37,\"app\":23,\"34\":30,\"set\":18,\"played\":23,\"expansion\":15,\"piece\":25,\"campaign\":33,\"playing\":26,\"time\":37,\"board\":27,\"card\":28,\"fun\":57}",179
Toys & Games,2017,negative,"{\"play\":4,\"cheaper\":1,\"deep\":1,\"wait\":1,\"game\":8,\"sound\":2,\"kid\":2,\"box\":2,\"mess\":2,\"space\":2,\"character\":2,\"depending\":1,\"creation\":1,\"sold\":1,\"34\":2,\"rulebook\":2,\"separately\":1,\"purchase\":1,\"figuring\":1,\"lion\":2,\"core\":2,\"contained\":2,\"60\":1,\"card\":5,\"stuff\":1}",13
Toys & Games,2017,neutral,"{\"balıklama\":1,\"shut\":1,\"game\":1,\"book\":1,\"uzun\":1,\"binding\":1,\"rule\":1,\"arıyordum\":1,\"lot\":1,\"fan\":1,\"huge\":1,\"hardcover\":1,\"sevdik\":1,\"awsome\":1,\"degree\":1,\"understand\":1,\"war\":1,\"money\":1,\"complicated\":1,\"paperback\":1,\"returned\":1,\"updated\":1,\"unbelievably\":1,\"card\":1,\"vaguely\":1}",10
Toys & Games,2017,positive,"{\"love\":13,\"play\":30,\"assault\":11,\"game\":120,\"fate\":15,\"book\":18,\"rule\":32,\"ice\":10,\"hero\":19,\"lot\":12,\"overlord\":10,\"player\":18,\"app\":14,\"34\":18,\"product\":10,\"set\":10,\"star\":11,\"played\":13,\"dungeon\":13,\"descent\":19,\"mission\":12,\"playing\":13,\"time\":25,\"imperial\":13,\"fun\":28}",113
Toys & Games,2018,negative,"{\"play\":4,\"game\":15,\"book\":9,\"lightsaber\":2,\"box\":2,\"juyo\":2,\"lot\":2,\"price\":2,\"stuck\":1,\"clue\":2,\"missing\":4,\"50\":2,\"hand\":2,\"product\":3,\"art\":4,\"mini\":1,\"star\":3,\"received\":2,\"3\":2,\"4\":1,\"piece\":2,\"5\":2,\"pleased\":1,\"force\":2,\"card\":4}",12
Toys & Games,2018,neutral,"{\"huper\":1,\"deep\":1,\"game\":2,\"edition\":1,\"description\":1,\"weally\":1,\"nave\":1,\"jugador\":1,\"amazang\":1,\"debo\":1,\"cualquier\":1,\"finally\":1,\"tenerlo\":1,\"exceptional\":1,\"start\":1,\"encounter\":1,\"collection\":1,\"8th\":1,\"40k\":1,\"oara\":1,\"esta\":1,\"universe\":1,\"evident\":1,\"imperial\":1,\"involving\":1}",13
Toys & Games,2018,positive,"{\"love\":20,\"play\":32,\"game\":92,\"kid\":9,\"deck\":11,\"book\":21,\"rule\":13,\"box\":8,\"lot\":11,\"hour\":12,\"highly\":8,\"player\":15,\"product\":11,\"set\":10,\"solo\":8,\"played\":16,\"expansion\":9,\"quality\":11,\"adventure\":18,\"2\":9,\"campaign\":10,\"playing\":11,\"time\":16,\"card\":15,\"fun\":17}",96
Toys & Games,2019,negative,"{\"seller\":2,\"play\":3,\"door\":2,\"damage\":2,\"game\":10,\"book\":7,\"dice\":3,\"rule\":5,\"lot\":3,\"casing\":2,\"paper\":3,\"attach\":2,\"stand\":4,\"set\":3,\"team\":6,\"kill\":6,\"token\":2,\"super\":2,\"unit\":4,\"money\":2,\"piece\":3,\"faction\":3,\"time\":3,\"annoying\":2,\"card\":2}",13
Toys & Games,2020,neutral,"{\"seller\":1,\"love\":1,\"play\":1,\"beware\":1,\"game\":3,\"book\":3,\"language\":1,\"recommend\":1,\"bifocals\":1,\"arrived\":1,\"english\":1,\"portuguese\":1,\"hard\":1,\"listing\":1,\"geeat\":1,\"spanish\":1,\"package\":1,\"original\":1,\"reprint\":1,\"version\":1,\"awesome\":1,\"size\":1,\"numenera\":2,\"time\":1,\"family\":1}",8
Toys & Games,2021,positive,"{\"gift\":7,\"love\":24,\"play\":27,\"game\":61,\"book\":26,\"rule\":14,\"box\":7,\"setting\":9,\"lot\":10,\"character\":10,\"price\":7,\"player\":15,\"add\":7,\"set\":8,\"star\":8,\"rpg\":10,\"christmas\":7,\"easy\":9,\"nice\":8,\"dungeon\":13,\"adventure\":17,\"piece\":7,\"campaign\":7,\"fun\":11,\"story\":12}",73
Toys & Games,2022,negative,"{\"game\":10,\"warhammer\":2,\"lore\":3,\"book\":6,\"codex\":2,\"experience\":2,\"smuggler\":3,\"cover\":4,\"weapon\":3,\"character\":2,\"review\":4,\"rest\":2,\"chaos\":2,\"star\":6,\"rpg\":2,\"reading\":3,\"war\":6,\"solo\":2,\"artwork\":2,\"real\":3,\"played\":2,\"insight\":2,\"unit\":2,\"puzzle\":4,\"playing\":3}",9
Toys & Games,2022,positive,"{\"love\":8,\"play\":37,\"game\":59,\"book\":27,\"dice\":8,\"rule\":17,\"lot\":7,\"arrived\":7,\"character\":10,\"map\":10,\"day\":11,\"hand\":9,\"player\":30,\"product\":8,\"set\":11,\"easy\":12,\"nice\":7,\"lead\":8,\"adventure\":7,\"campaign\":8,\"playing\":10,\"time\":9,\"strategy\":7,\"fun\":11,\"card\":31}",61
Toys & Games,2023,neutral,"{\"muy\":1,\"gaming\":1,\"buen\":1,\"solo\":1,\"producto\":1}",2
Video Games,1999,negative,"{\"play\":13,\"game\":100,\"software\":8,\"delta\":7,\"iii\":7,\"ship\":10,\"caesar\":7,\"pga\":7,\"character\":7,\"fan\":9,\"realistic\":7,\"graphic\":11,\"player\":8,\"star\":6,\"race\":7,\"question\":13,\"control\":8,\"kill\":6,\"battle\":8,\"mission\":7,\"2\":17,\"quake\":6,\"force\":7,\"time\":19,\"quot\":36}",37
Video Games,1999,positive,"{\"love\":48,\"play\":154,\"game\":870,\"sound\":47,\"lot\":67,\"weapon\":38,\"character\":62,\"graphic\":126,\"player\":57,\"pretty\":37,\"original\":49,\"star\":48,\"level\":57,\"version\":46,\"played\":75,\"unit\":49,\"2\":49,\"3\":73,\"puzzle\":37,\"quake\":50,\"playing\":65,\"time\":120,\"strategy\":39,\"quot\":178,\"fun\":91}",300
Video Games,2000,negative,"{\"play\":236,\"game\":1898,\"bad\":149,\"enemy\":142,\"lot\":106,\"weapon\":132,\"character\":159,\"hard\":86,\"graphic\":250,\"player\":103,\"star\":88,\"level\":171,\"control\":127,\"kill\":87,\"played\":86,\"people\":103,\"battle\":123,\"2\":108,\"mission\":110,\"playing\":116,\"time\":282,\"quot\":527,\"fun\":142,\"gameplay\":92,\"story\":120}",485
Video Games,2001,negative,"{\"play\":475,\"game\":4649,\"bad\":372,\"sound\":196,\"enemy\":370,\"lot\":240,\"weapon\":313,\"character\":417,\"hard\":240,\"graphic\":576,\"player\":248,\"level\":401,\"control\":265,\"real\":201,\"people\":236,\"played\":253,\"battle\":220,\"mission\":261,\"2\":312,\"playing\":265,\"time\":692,\"quot\":923,\"fun\":306,\"gameplay\":231,\"story\":258}",1252
Video Games,2001,positive,"{\"love\":1194,\"play\":4416,\"game\":29852,\"sound\":1332,\"ps2\":1226,\"mode\":1271,\"lot\":1599,\"fan\":1153,\"character\":2691,\"hour\":1162,\"car\":1118,\"graphic\":3908,\"player\":1850,\"level\":2074,\"control\":1431,\"easy\":1086,\"people\":1405,\"played\":1982,\"2\":1764,\"playing\":2004,\"time\":3684,\"quot\":5304,\"fun\":3182,\"story\":1470,\"gameplay\":1509}",7228
Video Games,2002,negative,"{\"play\":631,\"game\":5885,\"bad\":495,\"sound\":290,\"enemy\":492,\"lot\":306,\"weapon\":416,\"character\":539,\"hard\":306,\"graphic\":727,\"player\":321,\"star\":300,\"level\":609,\"control\":388,\"people\":317,\"played\":330,\"battle\":318,\"mission\":341,\"2\":371,\"playing\":281,\"time\":860,\"quot\":354,\"fun\":394,\"gameplay\":306,\"story\":346}",1543
Video Games,2003,neutral,"{\"play\":20,\"game\":183,\"bad\":13,\"lot\":8,\"fan\":11,\"character\":17,\"day\":12,\"graphic\":21,\"player\":10,\"console\":9,\"star\":8,\"level\":22,\"bought\":9,\"cool\":9,\"start\":8,\"dungeon\":9,\"pc\":8,\"series\":10,\"simpson\":19,\"playing\":10,\"skateboarding\":10,\"time\":15,\"fun\":10,\"story\":9,\"gameplay\":10}",75
Video Games,2003,positive,"{\"love\":881,\"play\":3053,\"game\":19758,\"sound\":826,\"mode\":848,\"lot\":1157,\"fan\":746,\"character\":1951,\"hard\":771,\"graphic\":2379,\"player\":1260,\"pretty\":791,\"star\":804,\"level\":1797,\"control\":854,\"people\":994,\"played\":1300,\"2\":1166,\"3\":773,\"playing\":1374,\"time\":2645,\"quot\":1845,\"fun\":2338,\"gameplay\":908,\"story\":1116}",4500
Video Games,2004,negative,"{\"play\":288,\"game\":2377,\"bad\":208,\"sound\":108,\"enemy\":144,\"lot\":137,\"weapon\":169,\"character\":252,\"hour\":100,\"hard\":110,\"graphic\":250,\"star\":130,\"level\":243,\"control\":111,\"kill\":119,\"played\":136,\"people\":163,\"battle\":123,\"2\":169,\"3\":127,\"playing\":137,\"time\":337,\"quot\":241,\"fun\":176,\"story\":156}",602
Video Games,2006,neutral,"{\"play\":8,\"game\":84,\"bad\":8,\"enemy\":5,\"dragon\":32,\"quest\":30,\"lot\":6,\"character\":5,\"music\":7,\"hour\":6,\"spend\":5,\"vii\":14,\"hard\":6,\"graphic\":7,\"menu\":6,\"battle\":10,\"classic\":6,\"series\":6,\"ne\":6,\"xp\":6,\"playing\":5,\"window\":9,\"time\":10,\"fun\":8,\"gameplay\":6}",24
Video Games,2006,positive,"{\"love\":299,\"play\":775,\"game\":5255,\"sound\":205,\"enemy\":212,\"lot\":265,\"character\":459,\"music\":236,\"graphic\":578,\"player\":207,\"pretty\":258,\"original\":203,\"level\":429,\"mario\":244,\"version\":236,\"people\":270,\"played\":339,\"super\":198,\"2\":354,\"3\":213,\"playing\":364,\"time\":810,\"fun\":603,\"gameplay\":243,\"story\":338}",1160
Video Games,2007,negative,"{\"play\":111,\"damage\":90,\"mega\":93,\"game\":1037,\"bos\":213,\"enemy\":76,\"shot\":54,\"robot\":59,\"weapon\":67,\"character\":88,\"hit\":206,\"attack\":174,\"hard\":61,\"graphic\":78,\"fight\":118,\"resitance\":77,\"level\":54,\"version\":58,\"battle\":67,\"super\":72,\"2\":103,\"stage\":91,\"series\":65,\"time\":277,\"story\":58}",233
Video Games,2007,positive,"{\"love\":316,\"play\":824,\"game\":5044,\"lot\":251,\"fan\":176,\"character\":405,\"music\":183,\"graphic\":493,\"player\":227,\"pretty\":188,\"original\":196,\"level\":334,\"bought\":184,\"mario\":262,\"version\":257,\"played\":338,\"super\":176,\"2\":301,\"series\":192,\"final\":192,\"playing\":372,\"time\":793,\"fun\":628,\"gameplay\":177,\"story\":252}",1371
Video Games,2008,neutral,"{\"play\":5,\"game\":23,\"update\":3,\"joypad\":4,\"moment\":3,\"lot\":3,\"mode\":4,\"aspect\":3,\"demolition\":4,\"modem\":7,\"graphic\":3,\"soundtrack\":3,\"item\":4,\"product\":4,\"original\":3,\"adapter\":6,\"xbox\":7,\"n64\":3,\"360\":6,\"2\":4,\"machine\":4,\"xp\":3,\"window\":3,\"time\":7,\"fun\":3}",20
Video Games,2008,positive,"{\"love\":292,\"play\":796,\"game\":4828,\"lot\":269,\"character\":537,\"music\":229,\"graphic\":495,\"player\":209,\"pretty\":198,\"fantasy\":202,\"original\":202,\"level\":373,\"mario\":179,\"people\":194,\"version\":206,\"played\":389,\"battle\":210,\"2\":264,\"series\":188,\"final\":239,\"playing\":368,\"time\":777,\"fun\":580,\"gameplay\":229,\"story\":404}",1314
Video Games,2009,negative,"{\"play\":86,\"game\":679,\"bad\":50,\"enemy\":61,\"weapon\":42,\"character\":57,\"attack\":31,\"graphic\":59,\"resident\":37,\"level\":57,\"start\":34,\"control\":33,\"kill\":29,\"played\":36,\"version\":36,\"people\":37,\"battle\":44,\"2\":49,\"series\":31,\"playing\":35,\"evil\":47,\"time\":98,\"fun\":53,\"story\":30,\"gameplay\":35}",213
Video Games,2010,negative,"{\"play\":88,\"game\":740,\"bad\":54,\"sound\":41,\"enemy\":71,\"lot\":41,\"character\":88,\"music\":34,\"hard\":52,\"graphic\":71,\"player\":50,\"level\":92,\"control\":56,\"kill\":33,\"version\":50,\"battle\":44,\"mission\":39,\"2\":66,\"3\":35,\"playing\":48,\"evil\":42,\"time\":150,\"fun\":44,\"gameplay\":39,\"story\":45}",229
Video Games,2012,neutral,"{\"game\":62,\"kid\":6,\"ps2\":5,\"trek\":5,\"dvd\":8,\"price\":5,\"graphic\":4,\"player\":8,\"controller\":11,\"product\":14,\"star\":6,\"level\":6,\"bought\":9,\"xbox\":6,\"n64\":4,\"people\":7,\"battle\":6,\"2\":6,\"shipped\":4,\"disc\":4,\"playing\":7,\"window\":6,\"time\":7,\"card\":4,\"fun\":6}",72
Video Games,2012,positive,"{\"love\":632,\"play\":1359,\"game\":7784,\"nintendo\":295,\"recommend\":309,\"lot\":429,\"character\":571,\"music\":319,\"graphic\":642,\"pretty\":326,\"original\":357,\"level\":668,\"bought\":316,\"mario\":633,\"version\":473,\"played\":579,\"super\":452,\"2\":426,\"classic\":291,\"series\":351,\"playing\":481,\"time\":1204,\"fun\":1026,\"gameplay\":333,\"story\":444}",2727
Video Games,2013,negative,"{\"play\":184,\"game\":1524,\"bad\":115,\"save\":61,\"enemy\":120,\"lot\":65,\"character\":116,\"hard\":85,\"graphic\":102,\"player\":57,\"34\":70,\"item\":73,\"star\":70,\"level\":122,\"bought\":79,\"control\":83,\"version\":66,\"played\":76,\"2\":70,\"money\":78,\"playing\":63,\"time\":242,\"fun\":110,\"gameplay\":56,\"story\":73}",750
Video Games,2013,neutral,"{\"play\":23,\"game\":150,\"memory\":8,\"nintendo\":9,\"kid\":10,\"video\":9,\"ps2\":8,\"character\":8,\"price\":8,\"sega\":11,\"stick\":8,\"cable\":10,\"brand\":11,\"nostalgia\":23,\"34\":8,\"console\":11,\"item\":8,\"controller\":13,\"product\":16,\"original\":8,\"bought\":19,\"unit\":9,\"pc\":8,\"window\":22,\"time\":25}",196
Video Games,2015,positive,"{\"love\":1079,\"play\":1345,\"game\":7377,\"kid\":294,\"lot\":330,\"character\":334,\"loved\":288,\"graphic\":371,\"34\":497,\"product\":313,\"original\":326,\"level\":269,\"bought\":308,\"version\":326,\"played\":463,\"awesome\":443,\"2\":277,\"condition\":482,\"fast\":264,\"classic\":357,\"playing\":517,\"time\":982,\"favorite\":298,\"fun\":1017,\"story\":295}",7341
Video Games,2016,positive,"{\"love\":841,\"play\":1057,\"game\":6315,\"perfect\":312,\"kid\":266,\"video\":434,\"lot\":281,\"character\":358,\"graphic\":305,\"34\":664,\"pretty\":265,\"original\":315,\"fantasy\":335,\"level\":304,\"version\":279,\"played\":357,\"awesome\":297,\"condition\":426,\"classic\":375,\"final\":374,\"playing\":424,\"time\":848,\"favorite\":285,\"fun\":780,\"story\":259}",5709
Video Games,2017,negative,"{\"seller\":32,\"play\":111,\"game\":598,\"bad\":65,\"save\":45,\"screen\":41,\"enemy\":54,\"battery\":35,\"character\":35,\"disappointed\":38,\"music\":36,\"broken\":35,\"34\":336,\"product\":35,\"controller\":46,\"original\":36,\"level\":50,\"bought\":34,\"control\":39,\"2\":33,\"condition\":36,\"money\":39,\"disc\":44,\"time\":108,\"fun\":35}",671
Video Games,2017,neutral,"{\"seller\":12,\"game\":187,\"memory\":10,\"screen\":11,\"ps2\":15,\"arrived\":14,\"load\":12,\"shipping\":28,\"item\":12,\"product\":13,\"controller\":19,\"read\":14,\"bought\":14,\"expected\":12,\"received\":12,\"version\":11,\"n64\":15,\"disk\":10,\"2\":12,\"fast\":34,\"classic\":39,\"disc\":18,\"time\":27,\"window\":32,\"return\":12}",660
Video Games,2018,negative,"{\"seller\":28,\"play\":86,\"game\":433,\"bad\":36,\"save\":36,\"screen\":26,\"battery\":23,\"disappointed\":36,\"fine\":26,\"broken\":42,\"console\":25,\"34\":30,\"item\":23,\"product\":41,\"controller\":57,\"original\":25,\"level\":23,\"bought\":33,\"match\":28,\"wrong\":22,\"condition\":28,\"cartridge\":32,\"money\":23,\"disc\":37,\"time\":45}",503
Video Games,2019,negative,"{\"seller\":31,\"play\":64,\"game\":328,\"bad\":20,\"save\":26,\"screen\":26,\"enemy\":27,\"battery\":26,\"character\":21,\"disappointed\":26,\"fine\":18,\"waste\":18,\"broken\":28,\"console\":29,\"item\":18,\"product\":29,\"controller\":38,\"bought\":21,\"cartridge\":17,\"2\":20,\"condition\":28,\"3\":17,\"money\":27,\"disc\":55,\"time\":49}",420
Video Games,2019,positive,"{\"seller\":110,\"love\":374,\"play\":412,\"game\":2229,\"memory\":99,\"perfectly\":130,\"perfect\":164,\"kid\":107,\"arrived\":138,\"fine\":100,\"controller\":93,\"product\":180,\"original\":161,\"bought\":103,\"version\":103,\"played\":154,\"super\":106,\"awesome\":115,\"condition\":373,\"classic\":92,\"disc\":126,\"playing\":147,\"time\":267,\"favorite\":107,\"fun\":295}",2877
Video Games,2020,negative,"{\"seller\":27,\"play\":44,\"game\":268,\"bad\":26,\"screen\":18,\"box\":20,\"weapon\":19,\"disappointed\":21,\"power\":23,\"broken\":24,\"console\":26,\"controller\":22,\"item\":25,\"product\":29,\"issue\":16,\"level\":32,\"bought\":24,\"scratch\":21,\"wrong\":18,\"condition\":18,\"cartridge\":19,\"2\":21,\"money\":25,\"disc\":26,\"time\":44}",320
Video Games,2020,neutral,"{\"seller\":11,\"game\":65,\"memory\":9,\"box\":8,\"ps2\":7,\"arrived\":11,\"brand\":6,\"console\":6,\"item\":12,\"product\":16,\"read\":5,\"childhood\":5,\"bought\":11,\"expected\":34,\"received\":5,\"picture\":5,\"2\":5,\"cartridge\":5,\"fast\":8,\"money\":6,\"scratched\":9,\"disc\":14,\"window\":7,\"time\":13,\"card\":7}",324
Video Games,2021,neutral,"{\"seller\":9,\"excelente\":9,\"game\":64,\"book\":6,\"screen\":6,\"box\":5,\"manual\":4,\"los\":4,\"buen\":6,\"funciona\":5,\"product\":5,\"item\":6,\"bought\":9,\"expected\":4,\"el\":6,\"scratch\":5,\"juego\":4,\"picture\":6,\"disk\":5,\"cartridge\":5,\"2\":5,\"classic\":5,\"disc\":13,\"window\":6,\"time\":9}",238
Video Games,2022,positive,"{\"seller\":96,\"love\":123,\"play\":167,\"game\":818,\"perfect\":46,\"happy\":64,\"book\":104,\"arrived\":59,\"shipping\":68,\"product\":48,\"original\":52,\"bought\":45,\"purchase\":46,\"scratch\":42,\"clean\":62,\"version\":42,\"played\":50,\"condition\":148,\"fast\":81,\"series\":42,\"playing\":52,\"disc\":71,\"time\":115,\"favorite\":39,\"fun\":80}",937
Video Games,2023,negative,"{\"play\":18,\"mega\":20,\"game\":103,\"bos\":8,\"dead\":6,\"ps2\":6,\"weapon\":11,\"disappointed\":7,\"music\":7,\"wo\":7,\"tank\":10,\"broken\":8,\"console\":7,\"controller\":7,\"product\":11,\"item\":20,\"wrong\":7,\"cartridge\":7,\"2\":9,\"armor\":9,\"4\":7,\"stage\":8,\"disc\":16,\"time\":16,\"x5\":7}",78
Video Games,2023,neutral,"{\"game\":11,\"description\":3,\"manual\":3,\"ps2\":2,\"glitch\":2,\"load\":2,\"day\":2,\"awsome\":2,\"product\":2,\"gaming\":3,\"original\":2,\"read\":6,\"bought\":3,\"expected\":3,\"people\":1,\"quality\":2,\"2\":1,\"plastic\":2,\"disk\":3,\"fast\":4,\"5\":2,\"scratched\":4,\"disc\":6,\"time\":3,\"gameplay\":2}",63
Video Games,2023,positive,"{\"seller\":23,\"love\":48,\"play\":62,\"game\":259,\"perfectly\":16,\"perfect\":24,\"kid\":19,\"happy\":20,\"book\":39,\"recommend\":16,\"arrived\":27,\"console\":17,\"controller\":16,\"product\":22,\"original\":24,\"played\":24,\"cartridge\":16,\"disk\":17,\"2\":22,\"condition\":51,\"fast\":17,\"disc\":22,\"playing\":26,\"time\":30,\"fun\":37}",335
Video Games,2004,positive,"{\"love\":611,\"play\":1960,\"game\":13109,\"sound\":573,\"lot\":635,\"character\":1143,\"music\":552,\"hour\":493,\"hard\":489,\"graphic\":1522,\"player\":570,\"pretty\":577,\"star\":517,\"level\":1019,\"control\":472,\"people\":763,\"played\":885,\"2\":943,\"3\":511,\"playing\":863,\"time\":1910,\"quot\":1206,\"fun\":1356,\"gameplay\":664,\"story\":876}",2638
Video Games,2005,negative,"{\"play\":226,\"game\":1958,\"bad\":163,\"doom\":87,\"combat\":110,\"enemy\":166,\"lot\":99,\"weapon\":170,\"character\":148,\"hard\":98,\"graphic\":190,\"player\":113,\"star\":132,\"level\":243,\"war\":116,\"control\":84,\"played\":108,\"people\":146,\"2\":162,\"3\":88,\"playing\":101,\"time\":344,\"fun\":158,\"gameplay\":96,\"story\":153}",478
Video Games,2022,neutral,"{\"excelente\":4,\"game\":40,\"book\":8,\"kid\":10,\"screen\":5,\"box\":10,\"character\":4,\"playstation\":7,\"bu\":4,\"shipping\":4,\"load\":7,\"advertised\":4,\"console\":6,\"product\":6,\"read\":6,\"childhood\":4,\"version\":4,\"2\":4,\"cartridge\":4,\"fast\":4,\"3\":5,\"series\":6,\"disc\":8,\"time\":16,\"age\":4}",179
Media,1999,neutral,"{\"country\":1,\"movie\":2,\"mystique\":1,\"moved\":1,\"fictional\":1,\"video\":1,\"real\":1,\"dozen\":1,\"watching\":1,\"people\":1,\"gu\":1,\"character\":1,\"music\":1,\"million\":1,\"priceless\":1,\"continue\":1,\"time\":1}",1
All Electronics,2017,neutral,"{\"game\":1,\"practice\":2,\"usb\":1,\"video\":3,\"arrived\":1,\"compatible\":1,\"hour\":1,\"difrent\":1,\"advertised\":2,\"helped\":2,\"stick\":3,\"airline\":2,\"cable\":6,\"30mins\":1,\"product\":3,\"set\":2,\"difected\":1,\"expected\":5,\"recieved\":1,\"cheap\":1,\"port\":2,\"hookup\":1,\"prong\":1,\"snes\":2,\"interview\":2}",34
Media,2020,positive,"{\"love\":65,\"kid\":37,\"book\":249,\"recommend\":26,\"life\":23,\"mother\":20,\"character\":22,\"son\":19,\"loved\":26,\"school\":27,\"auggie\":34,\"friend\":19,\"noah\":25,\"art\":33,\"read\":83,\"wes\":28,\"reading\":37,\"wonderful\":18,\"people\":17,\"moore\":19,\"trevor\":35,\"time\":32,\"daughter\":26,\"child\":24,\"story\":61}",240
Others,2002,negative,"{\"play\":7,\"gun\":8,\"game\":65,\"vengeance\":7,\"bad\":6,\"catz\":6,\"video\":6,\"mode\":6,\"weapon\":6,\"mad\":7,\"character\":6,\"fan\":7,\"graphic\":16,\"controller\":22,\"onimusha\":9,\"war\":9,\"control\":9,\"easy\":7,\"battle\":8,\"legion\":7,\"2\":12,\"puzzle\":7,\"playing\":9,\"time\":12,\"quot\":12}",31
Toys & Games,2010,positive,"{\"love\":4,\"play\":7,\"game\":27,\"role\":2,\"harry\":3,\"rule\":2,\"enjoy\":3,\"worth\":3,\"fan\":3,\"hour\":2,\"extra\":2,\"friend\":3,\"potter\":3,\"human\":5,\"player\":2,\"add\":2,\"resource\":3,\"bought\":2,\"played\":3,\"piece\":5,\"playing\":3,\"time\":7,\"cylon\":3,\"board\":4,\"fun\":6}",7
Video Games,2008,negative,"{\"play\":60,\"game\":572,\"bad\":30,\"ship\":25,\"enemy\":55,\"lot\":28,\"weapon\":27,\"character\":63,\"hard\":25,\"graphic\":41,\"fantasy\":37,\"star\":35,\"level\":45,\"control\":29,\"people\":26,\"played\":30,\"monster\":28,\"battle\":46,\"2\":27,\"series\":34,\"final\":42,\"playing\":28,\"time\":91,\"fun\":36,\"story\":55}",169
Daily Gadgets,2013,neutral,"{\"owner\":1,\"item\":1,\"read\":1,\"wished\":1,\"baddly\":1,\"people\":1,\"picture\":1,\"pruchase\":1,\"requested\":1,\"dvd\":1,\"barely\":1,\"rip\":1,\"disc\":2,\"srached\":1,\"player\":1,\"refund\":1}",2
Media,2019,negative,"{\"bad\":3,\"south\":6,\"tell\":3,\"kid\":6,\"book\":22,\"mom\":4,\"life\":8,\"defect\":3,\"character\":3,\"white\":4,\"colored\":4,\"noah\":12,\"female\":3,\"realize\":4,\"africa\":5,\"read\":9,\"apartheid\":4,\"album\":5,\"reading\":5,\"people\":4,\"time\":3,\"family\":3,\"daughter\":3,\"story\":3,\"child\":7}",17
Others,2009,positive,"{\"love\":10,\"play\":32,\"game\":175,\"sound\":11,\"shooting\":9,\"enemy\":9,\"dragon\":22,\"character\":15,\"attack\":9,\"opponent\":10,\"graphic\":11,\"fight\":9,\"level\":22,\"people\":12,\"played\":17,\"special\":9,\"battle\":12,\"spyro\":22,\"classic\":9,\"stage\":13,\"fighter\":9,\"playing\":14,\"time\":40,\"fun\":21,\"gameplay\":11}",39
Toys & Games,2001,positive,"{\"love\":6,\"play\":15,\"game\":63,\"book\":9,\"harry\":12,\"battery\":5,\"character\":6,\"son\":7,\"lego\":22,\"clue\":8,\"potter\":11,\"player\":9,\"spell\":5,\"educational\":4,\"read\":5,\"island\":15,\"reading\":5,\"people\":5,\"played\":7,\"2\":11,\"time\":9,\"quot\":12,\"board\":5,\"card\":10,\"fun\":13}",18
All Electronics,2007,neutral,"{\"figure\":1,\"stopped\":1,\"game\":2,\"chess\":1,\"con\":1,\"accurate\":1,\"bought\":1,\"aircraft\":1,\"wearing\":1,\"sims\":1,\"joystick\":2,\"type\":1,\"button\":1,\"2\":1,\"fly\":1,\"sad\":1,\"desk\":2,\"gamer\":1,\"stick\":1,\"drive\":1,\"card\":1,\"clamp\":2,\"programable\":1}",3
Daily Gadgets,2015,positive,"{\"play\":7,\"game\":18,\"movie\":6,\"video\":7,\"output\":6,\"vga\":12,\"dvd\":18,\"hour\":6,\"price\":5,\"composite\":7,\"noise\":5,\"cable\":5,\"player\":8,\"cleaning\":5,\"raspberry\":5,\"34\":5,\"product\":12,\"cleaner\":5,\"monitor\":12,\"played\":5,\"picture\":10,\"unit\":6,\"job\":5,\"device\":8,\"card\":6}",49
Media,2022,neutral,"{\"nora\":1,\"book\":4,\"slim\":1,\"project\":1,\"phast\":1,\"download\":1,\"teacher\":1,\"school\":1,\"stream\":1,\"mi\":1,\"rivercat\":1,\"grandaughter\":1,\"read\":2,\"bought\":2,\"bueno\":1,\"5th\":1,\"reading\":1,\"encanto\":1,\"3\":1,\"hijo\":1,\"grade\":1,\"7\":1,\"le\":1,\"años\":1,\"calidad\":1}",10
Computers,2009,neutral,"{\"larger\":1,\"sony\":1,\"compatible\":1,\"game\":1,\"8mb\":2,\"card\":1}",1
Software,2021,positive,"{\"play\":2,\"german\":1,\"refusing\":1,\"game\":5,\"battleship\":1,\"putting\":1,\"numerous\":1,\"line\":1,\"ship\":1,\"trainset\":1,\"guy\":1,\"developed\":1,\"trainz\":1,\"warranty\":1,\"day\":1,\"coverage\":2,\"package\":1,\"including\":1,\"bought\":1,\"purchase\":1,\"100\":1,\"service\":1,\"paid\":1,\"60\":1,\"support\":1}",6
Toys & Games,2012,negative,"{\"argument\":1,\"game\":2,\"couple\":3,\"tricking\":1,\"fan\":2,\"hour\":1,\"human\":1,\"beer\":1,\"fight\":1,\"lying\":1,\"player\":2,\"waste\":1,\"inevitable\":1,\"downside\":1,\"winning\":1,\"night\":1,\"bent\":1,\"constitute\":1,\"resurrection\":1,\"hub\":1,\"bsg\":2,\"obvious\":1,\"fantastic\":1,\"time\":1,\"evening\":1}",1
Daily Gadgets,2013,negative,"{\"play\":2,\"game\":8,\"ejected\":1,\"harry\":2,\"mid\":2,\"screen\":2,\"wingardium\":2,\"polk\":2,\"faulty\":1,\"cycle\":1,\"lot\":2,\"inserted\":1,\"dvd\":1,\"freeze\":2,\"continue\":1,\"dark\":4,\"potter\":2,\"player\":1,\"cleaner\":2,\"troll\":3,\"heart\":2,\"instruction\":3,\"leviosa\":2,\"time\":3,\"fun\":2}",3
Computers,2023,negative,"{\"controller\":2,\"read\":1,\"original\":1,\"looked\":1,\"photo\":1,\"adaptor\":1,\"description\":1,\"gameboy\":1,\"unknown\":1,\"unbranded\":1,\"2\":1,\"disk\":1,\"disappointed\":1,\"sony\":1,\"fast\":1,\"gamecube\":1,\"shipping\":1,\"buying\":1,\"brand\":1,\"player\":1,\"stuff\":1}",2
Cell Phone & Camera w. Accessories,2019,positive,"{\"love\":1,\"game\":3,\"perfect\":1,\"thumb\":1,\"happy\":1,\"19\":1,\"purchase\":1,\"played\":1,\"super\":1,\"son\":1,\"shipped\":1,\"fast\":1,\"complaint\":1,\"pleased\":1}",2
Cell Phone & Camera w. Accessories,2002,negative,"{\"play\":2,\"game\":14,\"droplet\":2,\"bad\":3,\"pod\":5,\"sound\":3,\"feel\":3,\"ship\":5,\"rent\":2,\"character\":2,\"futuristic\":4,\"bump\":2,\"visual\":3,\"track\":8,\"element\":3,\"qr\":3,\"upgrade\":3,\"curly\":4,\"wipeout\":5,\"monster\":3,\"boring\":3,\"racer\":7,\"effect\":6,\"time\":4,\"fun\":4}",2
Cell Phone & Camera w. Accessories,2002,positive,"{\"play\":4,\"couple\":3,\"game\":29,\"racing\":10,\"quantum\":4,\"speed\":6,\"vehicle\":4,\"lot\":4,\"mode\":5,\"amazing\":4,\"weapon\":5,\"1st\":5,\"redshift\":4,\"neat\":3,\"track\":21,\"graphic\":4,\"qr\":4,\"race\":8,\"level\":4,\"cool\":5,\"wipeout\":3,\"water\":5,\"fusion\":3,\"racer\":9,\"person\":4}",4
